station_name,total_records,non_missing_delay,missing_delay,missing_percentage
BNDE,104.0,0.0,104.0,100.0
BSCN,52.0,0.0,52.0,100.0
HHAL,261.0,0.0,261.0,100.0
AJLE,365.0,0.0,365.0,100.0
STLA,365.0,0.0,365.0,100.0
MLYC,730.0,2.0,728.0,99.72602739726028
DSBP,365.0,1.0,364.0,99.72602739726028
NTVT,365.0,1.0,364.0,99.72602739726028
BKCA,312.0,1.0,311.0,99.67948717948718
BPHI,365.0,2.0,363.0,99.45205479452055
JET,313.0,2.0,311.0,99.36102236421725
MJGP,1460.0,10.0,1450.0,99.31506849315068
SBID,395.0,3.0,392.0,99.24050632911391
HSJ,626.0,5.0,621.0,99.20127795527156
KDV,365.0,3.0,362.0,99.17808219178083
SYAE,208.0,2.0,206.0,99.03846153846155
PGDP,417.0,5.0,412.0,98.8009592326139
KCVL,9281.0,174.0,9107.0,98.12520202564379
NEM,3911.0,75.0,3836.0,98.08233188442853
MTN,365.0,7.0,358.0,98.08219178082192
KZJT,730.0,14.0,716.0,98.08219178082192
YPRA,365.0,10.0,355.0,97.26027397260275
BMAP,103.0,3.0,100.0,97.0873786407767
NOL,104.0,5.0,99.0,95.1923076923077
HTCY,4692.0,243.0,4449.0,94.82097186700767
KTCR,730.0,48.0,682.0,93.42465753424658
KCCN,365.0,29.0,336.0,92.05479452054794
KZJF,730.0,65.0,665.0,91.0958904109589
CIRL,730.0,65.0,665.0,91.0958904109589
MTFA,313.0,32.0,281.0,89.77635782747603
BIGN,1460.0,152.0,1308.0,89.58904109589041
BYCH,1523.0,162.0,1361.0,89.36309914642153
SBTA,365.0,39.0,326.0,89.31506849315069
JBJC,2555.0,332.0,2223.0,87.00587084148728
KHE,9698.0,1368.0,8330.0,85.89399876263147
BNCE,13960.0,2019.0,11941.0,85.53724928366762
MKJ,730.0,124.0,606.0,83.01369863013699
BNRS,16625.0,3080.0,13545.0,81.47368421052632
BARS,730.0,138.0,592.0,81.0958904109589
RNKA,4380.0,833.0,3547.0,80.98173515981735
KEU,2746.0,523.0,2223.0,80.95411507647488
SKDG,1460.0,292.0,1168.0,80.0
MLJ,3650.0,760.0,2890.0,79.17808219178082
AEP,2190.0,468.0,1722.0,78.63013698630137
BADR,2190.0,468.0,1722.0,78.63013698630137
DARI,2190.0,468.0,1722.0,78.63013698630137
AE,2190.0,468.0,1722.0,78.63013698630137
CLC,2190.0,468.0,1722.0,78.63013698630137
JTV,2190.0,468.0,1722.0,78.63013698630137
KXM,3650.0,823.0,2827.0,77.45205479452055
FAR,3650.0,823.0,2827.0,77.45205479452055
BAD,3650.0,823.0,2827.0,77.45205479452055
UGN,1460.0,338.0,1122.0,76.84931506849315
BBAR,724.0,174.0,550.0,75.96685082872928
KMRD,687.0,169.0,518.0,75.40029112081513
NLPI,93.0,23.0,70.0,75.26881720430107
RPCA,93.0,23.0,70.0,75.26881720430107
MXW,7299.0,1895.0,5404.0,74.0375393889574
CPSN,12413.0,3467.0,8946.0,72.06960444695078
MJNS,1460.0,412.0,1048.0,71.78082191780823
KSTH,1095.0,314.0,781.0,71.32420091324201
TCNR,2205.0,646.0,1559.0,70.70294784580499
UMD,4538.0,1340.0,3198.0,70.47157338034377
MTDB,3271.0,981.0,2290.0,70.00917150718435
SAS,4955.0,1504.0,3451.0,69.6468213925328
GGKR,2555.0,803.0,1752.0,68.57142857142857
TRBI,3650.0,1170.0,2480.0,67.94520547945206
SWC,7403.0,2386.0,5017.0,67.76982304471161
BTKP,7403.0,2386.0,5017.0,67.76982304471161
PST,4275.0,1391.0,2884.0,67.46198830409357
KUDN,2190.0,754.0,1436.0,65.57077625570777
BDMJ,22110.0,7700.0,14410.0,65.17412935323384
MYP,2190.0,767.0,1423.0,64.9771689497717
TIGJ,502.0,176.0,326.0,64.9402390438247
DDDM,4380.0,1543.0,2837.0,64.7716894977169
NKOT,7613.0,2712.0,4901.0,64.3767240246946
RHW,1825.0,674.0,1151.0,63.06849315068494
DULP,1825.0,689.0,1136.0,62.246575342465746
JTNU,626.0,240.0,386.0,61.66134185303515
RJIN,626.0,240.0,386.0,61.66134185303515
RMOA,626.0,240.0,386.0,61.66134185303515
VNWI,626.0,240.0,386.0,61.66134185303515
BEED,626.0,240.0,386.0,61.66134185303515
BFP,4902.0,1957.0,2945.0,60.07751937984496
BLW,3650.0,1482.0,2168.0,59.397260273972606
BOW,3647.0,1487.0,2160.0,59.226761721963264
SLJR,4043.0,1667.0,2376.0,58.76824140489736
BZ,3285.0,1356.0,1929.0,58.72146118721461
REAI,422.0,176.0,246.0,58.29383886255924
OKD,730.0,306.0,424.0,58.082191780821915
PDGN,730.0,313.0,417.0,57.12328767123288
VL,730.0,313.0,417.0,57.12328767123288
VBR,730.0,313.0,417.0,57.12328767123288
AKR,730.0,313.0,417.0,57.12328767123288
RNJD,730.0,313.0,417.0,57.12328767123288
SRL,730.0,313.0,417.0,57.12328767123288
BWD,730.0,313.0,417.0,57.12328767123288
CIT,730.0,313.0,417.0,57.12328767123288
NPTY,2910.0,1285.0,1625.0,55.84192439862543
KWP,8964.0,4111.0,4853.0,54.13877733154842
MCF,1236.0,568.0,668.0,54.0453074433657
RIM,1236.0,568.0,668.0,54.0453074433657
CMP,1460.0,694.0,766.0,52.465753424657535
JAL,2190.0,1055.0,1135.0,51.82648401826484
CHBT,8760.0,4264.0,4496.0,51.32420091324201
BARA,1454.0,718.0,736.0,50.61898211829436
MAR,4015.0,1990.0,2025.0,50.43586550435866
MANE,1460.0,724.0,736.0,50.41095890410959
GMS,10897.0,5422.0,5475.0,50.24318619803616
ILO,1641.0,821.0,820.0,49.96953077391834
BNF,2920.0,1462.0,1458.0,49.93150684931506
APK,3118.0,1564.0,1554.0,49.839640795381655
KXL,1460.0,733.0,727.0,49.794520547945204
PVI,1792.0,901.0,891.0,49.720982142857146
SFG,11767.0,5926.0,5841.0,49.638820430016146
BZR,5005.0,2542.0,2463.0,49.210789210789216
TKO,730.0,371.0,359.0,49.17808219178082
VB,730.0,371.0,359.0,49.17808219178082
FLR,730.0,374.0,356.0,48.76712328767123
KEJ,2893.0,1490.0,1403.0,48.49637054960249
KGZ,1460.0,753.0,707.0,48.42465753424657
NDAE,15889.0,8268.0,7621.0,47.96400025174649
UDN,35875.0,18710.0,17165.0,47.846689895470384
KDZ,4409.0,2330.0,2079.0,47.15354955772284
NSCL,730.0,389.0,341.0,46.71232876712329
KMNG,730.0,389.0,341.0,46.71232876712329
MRBD,730.0,389.0,341.0,46.71232876712329
SIBR,730.0,389.0,341.0,46.71232876712329
JIGT,730.0,389.0,341.0,46.71232876712329
RNGN,730.0,389.0,341.0,46.71232876712329
VNGP,730.0,389.0,341.0,46.71232876712329
JRBM,730.0,389.0,341.0,46.71232876712329
GATD,3650.0,1954.0,1696.0,46.465753424657535
HMI,2555.0,1370.0,1185.0,46.37964774951076
CCK,5110.0,2771.0,2339.0,45.77299412915851
RPAP,3556.0,1933.0,1623.0,45.641169853768275
PTE,1460.0,795.0,665.0,45.54794520547945
TVI,4353.0,2389.0,1964.0,45.11830921203768
TGT,730.0,401.0,329.0,45.06849315068493
SURP,3285.0,1811.0,1474.0,44.87062404870624
URGR,730.0,403.0,327.0,44.794520547945204
GRP,730.0,403.0,327.0,44.794520547945204
PNW,9279.0,5148.0,4131.0,44.51988360814743
NYN,13037.0,7255.0,5782.0,44.35069417810846
DWG,1460.0,813.0,647.0,44.31506849315068
BSS,3702.0,2071.0,1631.0,44.05726634251756
PSV,5110.0,2860.0,2250.0,44.031311154598825
KUP,2555.0,1441.0,1114.0,43.600782778864975
LPH,2815.0,1593.0,1222.0,43.41030195381882
GRN,3285.0,1876.0,1409.0,42.89193302891933
SWNR,260.0,149.0,111.0,42.69230769230769
SDPR,260.0,149.0,111.0,42.69230769230769
CNKP,260.0,149.0,111.0,42.69230769230769
BRSQ,260.0,149.0,111.0,42.69230769230769
KRTN,260.0,149.0,111.0,42.69230769230769
PGMD,260.0,149.0,111.0,42.69230769230769
NRVR,260.0,149.0,111.0,42.69230769230769
LPNR,260.0,149.0,111.0,42.69230769230769
SOJ,260.0,149.0,111.0,42.69230769230769
DLPI,260.0,149.0,111.0,42.69230769230769
LDCY,260.0,149.0,111.0,42.69230769230769
OLA,2555.0,1465.0,1090.0,42.66144814090019
MAHM,2503.0,1451.0,1052.0,42.02956452257291
CPPR,4429.0,2572.0,1857.0,41.92820049672613
IGU,3494.0,2057.0,1437.0,41.127647395535206
PTPL,186.0,110.0,76.0,40.86021505376344
JON,3285.0,1946.0,1339.0,40.76103500761035
MDJN,7441.0,4409.0,3032.0,40.7472113963177
GEDE,187.0,111.0,76.0,40.64171122994652
CQL,1825.0,1089.0,736.0,40.328767123287676
SWT,1460.0,874.0,586.0,40.136986301369866
KLAD,1825.0,1095.0,730.0,40.0
CDRA,1825.0,1095.0,730.0,40.0
TBMS,1095.0,662.0,433.0,39.54337899543379
ARNH,3650.0,2218.0,1432.0,39.23287671232877
KLYH,3650.0,2218.0,1432.0,39.23287671232877
KJS,3650.0,2218.0,1432.0,39.23287671232877
DOY,3650.0,2218.0,1432.0,39.23287671232877
HPA,3650.0,2218.0,1432.0,39.23287671232877
KRLR,1044.0,635.0,409.0,39.17624521072797
KED,8021.0,4894.0,3127.0,38.98516394464531
BDL,17886.0,11018.0,6868.0,38.398747623839874
GTNR,10361.0,6389.0,3972.0,38.336067947109356
VDP,2919.0,1807.0,1112.0,38.095238095238095
SGAC,5329.0,3299.0,2030.0,38.09345092887971
KGA,6570.0,4083.0,2487.0,37.853881278538815
NMK,9244.0,5753.0,3491.0,37.76503678061445
GRG,4692.0,2937.0,1755.0,37.40409207161125
NNL,9348.0,5857.0,3491.0,37.3448866067608
KMLR,730.0,458.0,272.0,37.26027397260274
BHNS,730.0,458.0,272.0,37.26027397260274
BRSR,2190.0,1379.0,811.0,37.03196347031963
PUKK,2190.0,1379.0,811.0,37.03196347031963
SSPN,11165.0,7082.0,4083.0,36.569637259292435
PUKS,1460.0,928.0,532.0,36.43835616438356
DEIA,1460.0,928.0,532.0,36.43835616438356
SARY,1460.0,928.0,532.0,36.43835616438356
MCQ,730.0,465.0,265.0,36.3013698630137
BUL,2085.0,1332.0,753.0,36.115107913669064
GII,6314.0,4042.0,2272.0,35.98352866645549
DKNT,7669.0,4923.0,2746.0,35.806493675837785
BAV,2190.0,1406.0,784.0,35.799086757990864
SRO,6967.0,4480.0,2487.0,35.69685660973159
SQJ,730.0,470.0,260.0,35.61643835616438
JJJ,730.0,470.0,260.0,35.61643835616438
RHU,730.0,470.0,260.0,35.61643835616438
MGWD,730.0,470.0,260.0,35.61643835616438
GSR,730.0,470.0,260.0,35.61643835616438
SNB,730.0,470.0,260.0,35.61643835616438
GGB,2190.0,1414.0,776.0,35.433789954337904
CJL,3285.0,2132.0,1153.0,35.09893455098935
QRP,2920.0,1896.0,1024.0,35.06849315068493
BOUH,2322.0,1509.0,813.0,35.012919896640824
JRMA,2322.0,1509.0,813.0,35.012919896640824
PNPI,2322.0,1509.0,813.0,35.012919896640824
NDAM,2117.0,1376.0,741.0,35.00236183278224
LHN,4153.0,2703.0,1450.0,34.91451962436793
KRDL,1460.0,952.0,508.0,34.794520547945204
BCHL,1460.0,952.0,508.0,34.794520547945204
JWP,10116.0,6602.0,3514.0,34.73705021747726
RKM,11785.0,7696.0,4089.0,34.69664828171404
JLPH,1504.0,984.0,520.0,34.57446808510639
JRA,3545.0,2322.0,1223.0,34.499294781382225
GOGH,5528.0,3621.0,1907.0,34.49710564399421
MJM,6444.0,4222.0,2222.0,34.481688392302914
ALW,4535.0,2974.0,1561.0,34.42116868798236
RKO,4535.0,2974.0,1561.0,34.42116868798236
DYE,4535.0,2974.0,1561.0,34.42116868798236
BRE,7384.0,4861.0,2523.0,34.16847237269772
SOP,2190.0,1446.0,744.0,33.97260273972603
TZD,1095.0,723.0,372.0,33.97260273972603
SVGA,6228.0,4129.0,2099.0,33.70263326910726
MLMR,23333.0,15481.0,7852.0,33.651909312990185
OBR,3024.0,2007.0,1017.0,33.63095238095239
SER,2190.0,1460.0,730.0,33.33333333333333
AHO,1095.0,730.0,365.0,33.33333333333333
CTW,2190.0,1460.0,730.0,33.33333333333333
MLY,5787.0,3858.0,1929.0,33.33333333333333
RIBP,1095.0,730.0,365.0,33.33333333333333
YL,2190.0,1463.0,727.0,33.19634703196347
LCAE,13640.0,9118.0,4522.0,33.152492668621704
SSKI,1982.0,1328.0,654.0,32.996972754793134
BLRG,1825.0,1223.0,602.0,32.986301369863014
GILL,2920.0,1959.0,961.0,32.91095890410959
KRSL,731.0,492.0,239.0,32.69493844049248
HAH,4380.0,2948.0,1432.0,32.69406392694064
STE,4380.0,2948.0,1432.0,32.69406392694064
MVC,4380.0,2948.0,1432.0,32.69406392694064
BLGA,4380.0,2952.0,1428.0,32.602739726027394
BLRA,730.0,492.0,238.0,32.602739726027394
SANI,1721.0,1162.0,559.0,32.48111563044741
MLD,2190.0,1481.0,709.0,32.37442922374429
FSW,2612.0,1771.0,841.0,32.19754977029097
JRKN,2612.0,1771.0,841.0,32.19754977029097
BUGL,2612.0,1771.0,841.0,32.19754977029097
HLW,2612.0,1771.0,841.0,32.19754977029097
PPLI,730.0,495.0,235.0,32.19178082191781
BXS,2190.0,1486.0,704.0,32.146118721461185
NRF,2190.0,1486.0,704.0,32.146118721461185
KLGD,2190.0,1486.0,704.0,32.146118721461185
MWH,2331.0,1583.0,748.0,32.08923208923209
SNGN,3285.0,2231.0,1054.0,32.08523592085236
SGDN,2115.0,1437.0,678.0,32.05673758865248
SMBR,2115.0,1437.0,678.0,32.05673758865248
KARI,2115.0,1437.0,678.0,32.05673758865248
PLJE,3023.0,2055.0,968.0,32.021171022163415
DNX,2920.0,1990.0,930.0,31.84931506849315
RPHR,3284.0,2243.0,1041.0,31.699147381242387
HTLA,626.0,429.0,197.0,31.469648562300318
KLG,4380.0,3003.0,1377.0,31.438356164383563
KWAE,24420.0,16748.0,7672.0,31.416871416871416
MGKM,2190.0,1502.0,688.0,31.41552511415525
KITA,5683.0,3900.0,1783.0,31.374274150976593
KKA,5110.0,3513.0,1597.0,31.25244618395303
BCYN,6079.0,4182.0,1897.0,31.205790426056918
SOGR,2920.0,2013.0,907.0,31.061643835616437
OBVP,3650.0,2519.0,1131.0,30.98630136986301
SXN,2920.0,2022.0,898.0,30.753424657534246
MKG,5490.0,3804.0,1686.0,30.710382513661198
CROA,1460.0,1012.0,448.0,30.684931506849317
NRR,1460.0,1014.0,446.0,30.547945205479454
DRSV,4590.0,3192.0,1398.0,30.45751633986928
RPM,1095.0,762.0,333.0,30.41095890410959
GEBL,2920.0,2035.0,885.0,30.30821917808219
KRTR,2466.0,1720.0,746.0,30.251419302514194
KDU,4378.0,3060.0,1318.0,30.105070808588398
ROZA,8552.0,5987.0,2565.0,29.992984097287184
ULL,3650.0,2556.0,1094.0,29.972602739726028
AMM,1973.0,1383.0,590.0,29.903699949315765
AWB,12408.0,8709.0,3699.0,29.811411992263054
GAGA,6129.0,4314.0,1815.0,29.613313754282917
KCYN,1723.0,1213.0,510.0,29.599535693557748
DTV,2920.0,2063.0,857.0,29.349315068493148
UTR,2666.0,1884.0,782.0,29.332333083270818
MCPE,1512.0,1069.0,443.0,29.298941798941797
AEL,7352.0,5199.0,2153.0,29.284548422198043
GBHA,1358.0,961.0,397.0,29.23416789396171
BRYC,730.0,517.0,213.0,29.178082191780824
TSA,730.0,517.0,213.0,29.178082191780824
BHDH,730.0,517.0,213.0,29.178082191780824
RYS,730.0,517.0,213.0,29.178082191780824
MK,730.0,517.0,213.0,29.178082191780824
BTRA,730.0,517.0,213.0,29.178082191780824
CHZ,24747.0,17553.0,7194.0,29.070190326100132
ADE,1460.0,1039.0,421.0,28.835616438356166
GAG,5475.0,3900.0,1575.0,28.767123287671232
BKO,5251.0,3741.0,1510.0,28.756427347171964
MRE,2555.0,1821.0,734.0,28.7279843444227
KON,2554.0,1824.0,730.0,28.582615505090054
MALB,313.0,224.0,89.0,28.434504792332266
MTT,2076.0,1486.0,590.0,28.42003853564547
BDSW,2977.0,2136.0,841.0,28.249916022841788
MNF,4380.0,3143.0,1237.0,28.242009132420094
SHRM,730.0,525.0,205.0,28.08219178082192
BWZ,5110.0,3678.0,1432.0,28.02348336594912
MOI,1460.0,1051.0,409.0,28.013698630136986
MST,1252.0,902.0,350.0,27.95527156549521
KUF,1252.0,902.0,350.0,27.95527156549521
BEG,1252.0,902.0,350.0,27.95527156549521
TDP,1252.0,902.0,350.0,27.95527156549521
KH,1252.0,902.0,350.0,27.95527156549521
KAR,1252.0,902.0,350.0,27.95527156549521
AIG,1252.0,902.0,350.0,27.95527156549521
BGH,1252.0,902.0,350.0,27.95527156549521
THKU,1460.0,1052.0,408.0,27.945205479452056
LHM,2190.0,1580.0,610.0,27.85388127853881
UTA,730.0,528.0,202.0,27.671232876712327
DLQ,730.0,528.0,202.0,27.671232876712327
MMM,6296.0,4559.0,1737.0,27.588945362134687
SHNX,1408.0,1020.0,388.0,27.556818181818183
KCI,2606.0,1896.0,710.0,27.244819646968534
PEC,2190.0,1594.0,596.0,27.214611872146115
TRWT,1095.0,798.0,297.0,27.123287671232877
SBLT,1459.0,1066.0,393.0,26.936257710760795
BSGN,4224.0,3088.0,1136.0,26.89393939393939
BCP,4085.0,2987.0,1098.0,26.878824969400245
SPO,1460.0,1068.0,392.0,26.84931506849315
PAE,1460.0,1069.0,391.0,26.78082191780822
PEP,6189.0,4534.0,1655.0,26.740992082727423
NYK,1460.0,1072.0,388.0,26.575342465753426
BYPL,18364.0,13502.0,4862.0,26.475713352210846
DPK,4387.0,3230.0,1157.0,26.373375883291544
SDWR,991.0,730.0,261.0,26.337033299697275
NVC,1460.0,1076.0,384.0,26.301369863013697
TME,4512.0,3331.0,1181.0,26.17464539007092
MP,1460.0,1078.0,382.0,26.164383561643834
MSB,2296.0,1696.0,600.0,26.132404181184672
JRLE,14350.0,10605.0,3745.0,26.097560975609756
BAKA,4639.0,3434.0,1205.0,25.975425738305667
ABKA,6832.0,5066.0,1766.0,25.84894613583138
FTC,1460.0,1083.0,377.0,25.82191780821918
PTYR,1460.0,1083.0,377.0,25.82191780821918
METR,1460.0,1083.0,377.0,25.82191780821918
UGU,1460.0,1083.0,377.0,25.82191780821918
MLW,1460.0,1083.0,377.0,25.82191780821918
GNTR,1460.0,1083.0,377.0,25.82191780821918
BRDV,1460.0,1083.0,377.0,25.82191780821918
MKHI,1460.0,1083.0,377.0,25.82191780821918
BGMU,1460.0,1083.0,377.0,25.82191780821918
GJMB,1460.0,1083.0,377.0,25.82191780821918
SFPR,1460.0,1083.0,377.0,25.82191780821918
FRH,1460.0,1083.0,377.0,25.82191780821918
GSGJ,1460.0,1083.0,377.0,25.82191780821918
ATKS,1460.0,1083.0,377.0,25.82191780821918
MAH,1460.0,1083.0,377.0,25.82191780821918
SALE,17134.0,12723.0,4411.0,25.744134469475892
SRPJ,2920.0,2171.0,749.0,25.650684931506852
PJP,2920.0,2173.0,747.0,25.582191780821915
NVU,1412.0,1052.0,360.0,25.495750708215297
UNK,1412.0,1052.0,360.0,25.495750708215297
SLKX,2920.0,2182.0,738.0,25.273972602739725
RGS,16765.0,12530.0,4235.0,25.260960334029225
AMC,2190.0,1638.0,552.0,25.205479452054796
ANH,5110.0,3822.0,1288.0,25.205479452054796
DOC,2451.0,1836.0,615.0,25.091799265605875
DKS,4737.0,3549.0,1188.0,25.079164027865737
HLX,1043.0,782.0,261.0,25.023969319271334
SQF,1043.0,782.0,261.0,25.023969319271334
PPNS,2920.0,2190.0,730.0,25.0
KPB,2920.0,2191.0,729.0,24.96575342465753
DRGU,780.0,586.0,194.0,24.871794871794872
PRM,2190.0,1647.0,543.0,24.794520547945208
GJW,2190.0,1649.0,541.0,24.703196347031962
MOO,3024.0,2277.0,747.0,24.702380952380953
KPXR,3650.0,2749.0,901.0,24.684931506849313
PLT,2190.0,1650.0,540.0,24.65753424657534
TLKL,1256.0,947.0,309.0,24.601910828025478
BSPL,976.0,736.0,240.0,24.59016393442623
GRY,2186.0,1649.0,537.0,24.565416285452883
SSL,3061.0,2313.0,748.0,24.436458673636068
HMA,3650.0,2759.0,891.0,24.410958904109588
JNP,3650.0,2759.0,891.0,24.410958904109588
NBL,2804.0,2120.0,684.0,24.393723252496432
DMRT,939.0,710.0,229.0,24.38764643237487
MCU,3336.0,2523.0,813.0,24.370503597122305
MJA,5475.0,4141.0,1334.0,24.36529680365297
BGKA,1616.0,1223.0,393.0,24.31930693069307
CTH,2920.0,2212.0,708.0,24.246575342465754
INCI,2555.0,1937.0,618.0,24.187866927592953
NYO,6196.0,4698.0,1498.0,24.176888315041964
MRX,2243.0,1702.0,541.0,24.119482835488185
SOS,4207.0,3195.0,1012.0,24.055146184929878
TBR,3650.0,2774.0,876.0,24.0
CSDR,1634.0,1242.0,392.0,23.990208078335375
NRI,7853.0,5970.0,1883.0,23.978097542340507
ADQ,3285.0,2498.0,787.0,23.957382039573822
KIT,9751.0,7432.0,2319.0,23.78217618705774
KZPE,4709.0,3594.0,1115.0,23.678063283074962
JPS,3650.0,2786.0,864.0,23.671232876712327
AZR,8342.0,6381.0,1961.0,23.5075521457684
UKN,5109.0,3913.0,1196.0,23.40966921119593
BXC,5214.0,3995.0,1219.0,23.379363252780973
KOL,1460.0,1120.0,340.0,23.28767123287671
ANO,1460.0,1120.0,340.0,23.28767123287671
UOI,2848.0,2185.0,663.0,23.279494382022474
SXK,2920.0,2248.0,672.0,23.013698630136986
MOTC,7560.0,5821.0,1739.0,23.002645502645503
BWC,3657.0,2816.0,841.0,22.996992070002733
ARGL,2190.0,1687.0,503.0,22.968036529680365
KDP,2190.0,1687.0,503.0,22.968036529680365
NSX,2814.0,2168.0,646.0,22.956645344705045
GTLM,2814.0,2168.0,646.0,22.956645344705045
GRBL,2814.0,2168.0,646.0,22.956645344705045
KUI,1825.0,1407.0,418.0,22.904109589041095
MR,1825.0,1407.0,418.0,22.904109589041095
SOR,3650.0,2824.0,826.0,22.63013698630137
CKVD,1460.0,1131.0,329.0,22.534246575342465
HLV,1460.0,1131.0,329.0,22.534246575342465
BTGH,1460.0,1131.0,329.0,22.534246575342465
KYND,730.0,566.0,164.0,22.465753424657535
KRYP,730.0,566.0,164.0,22.465753424657535
ALAT,730.0,566.0,164.0,22.465753424657535
GLPT,5443.0,4221.0,1222.0,22.450854308285873
SLF,7248.0,5621.0,1627.0,22.44757174392936
KVR,5840.0,4531.0,1309.0,22.414383561643834
KGLE,18083.0,14060.0,4023.0,22.24741469888846
RBD,1095.0,853.0,242.0,22.100456621004565
KKJ,1095.0,853.0,242.0,22.100456621004565
DIL,1095.0,853.0,242.0,22.100456621004565
AHH,5631.0,4391.0,1240.0,22.0209554253241
NHGJ,1650.0,1288.0,362.0,21.939393939393938
BSDP,5840.0,4559.0,1281.0,21.934931506849313
SFMU,6463.0,5046.0,1417.0,21.92480272319356
BSBS,16629.0,12993.0,3636.0,21.865415839797944
LOM,1564.0,1223.0,341.0,21.80306905370844
PKC,1564.0,1223.0,341.0,21.80306905370844
KRKR,1564.0,1223.0,341.0,21.80306905370844
BKPR,1564.0,1223.0,341.0,21.80306905370844
PBB,1564.0,1223.0,341.0,21.80306905370844
KNRN,1564.0,1223.0,341.0,21.80306905370844
TATI,1564.0,1223.0,341.0,21.80306905370844
MCZ,1564.0,1223.0,341.0,21.80306905370844
KRRA,1564.0,1223.0,341.0,21.80306905370844
SXP,3067.0,2402.0,665.0,21.682425823280077
NBKH,6654.0,5214.0,1440.0,21.641118124436428
RAKD,3650.0,2863.0,787.0,21.56164383561644
BEHJ,3650.0,2863.0,787.0,21.56164383561644
MROA,3650.0,2863.0,787.0,21.56164383561644
SOU,7457.0,5852.0,1605.0,21.523400831433552
NBR,7298.0,5731.0,1567.0,21.471636064675252
SHI,2816.0,2212.0,604.0,21.448863636363637
AAR,1669.0,1312.0,357.0,21.390053924505693
PDD,1356.0,1066.0,290.0,21.386430678466077
SHMI,1356.0,1066.0,290.0,21.386430678466077
KIAD,3443.0,2707.0,736.0,21.37670636073192
CBP,3443.0,2707.0,736.0,21.37670636073192
NDY,3443.0,2707.0,736.0,21.37670636073192
VTE,3443.0,2707.0,736.0,21.37670636073192
AVT,3443.0,2707.0,736.0,21.37670636073192
MKB,9194.0,7233.0,1961.0,21.329127691973028
PIL,4337.0,3412.0,925.0,21.328106986396126
PDKT,7386.0,5814.0,1572.0,21.283509341998375
RRI,1147.0,903.0,244.0,21.272885789014822
DGNH,1998.0,1573.0,425.0,21.27127127127127
MNM,9775.0,7700.0,2075.0,21.22762148337596
PRWD,2746.0,2164.0,582.0,21.194464675892206
RMM,6969.0,5495.0,1474.0,21.150810733247237
VZ,1721.0,1357.0,364.0,21.15049389889599
MOW,1821.0,1436.0,385.0,21.14222954420648
KK,4176.0,3300.0,876.0,20.977011494252874
MKTP,2555.0,2020.0,535.0,20.939334637964773
AAY,3649.0,2885.0,764.0,20.93724308029597
ADL,1742.0,1378.0,364.0,20.8955223880597
BLPU,3233.0,2558.0,675.0,20.87844107639963
BRMP,625.0,495.0,130.0,20.8
KRMD,625.0,495.0,130.0,20.8
HAA,1356.0,1076.0,280.0,20.64896755162242
MRJN,1356.0,1076.0,280.0,20.64896755162242
TAP,4380.0,3477.0,903.0,20.616438356164384
GAD,2190.0,1739.0,451.0,20.593607305936075
KMNC,10558.0,8386.0,2172.0,20.572078045084297
CAI,8037.0,6389.0,1648.0,20.50516361826552
HUDU,1460.0,1161.0,299.0,20.47945205479452
JJTI,1460.0,1161.0,299.0,20.47945205479452
MINA,2830.0,2251.0,579.0,20.459363957597173
MET,6361.0,5060.0,1301.0,20.452759000157208
LHA,6674.0,5309.0,1365.0,20.452502247527722
DKD,6662.0,5302.0,1360.0,20.4142900030021
CLKA,4380.0,3486.0,894.0,20.410958904109588
FN,1878.0,1495.0,383.0,20.394036208732693
STKW,1878.0,1495.0,383.0,20.394036208732693
BYL,9490.0,7560.0,1930.0,20.337197049525816
BIRP,3621.0,2887.0,734.0,20.270643468655066
DLSR,1095.0,875.0,220.0,20.091324200913242
KAWL,1095.0,875.0,220.0,20.091324200913242
DAL,2946.0,2356.0,590.0,20.02715546503734
JRBI,50.0,40.0,10.0,20.0
UAA,3650.0,2920.0,730.0,20.0
KLS,2190.0,1752.0,438.0,20.0
BRIP,50.0,40.0,10.0,20.0
KQRT,1565.0,1252.0,313.0,20.0
KCF,1825.0,1461.0,364.0,19.945205479452056
YPD,1095.0,877.0,218.0,19.908675799086758
GAP,3940.0,3156.0,784.0,19.898477157360407
KMSI,3959.0,3172.0,787.0,19.878757261934833
ARU,3959.0,3172.0,787.0,19.878757261934833
WCN,2710.0,2172.0,538.0,19.85239852398524
KRI,781.0,626.0,155.0,19.846350832266324
SMBH,6809.0,5458.0,1351.0,19.841386400352476
TL,2086.0,1676.0,410.0,19.654841802492808
SMBX,2399.0,1930.0,469.0,19.549812421842436
TGM,2190.0,1762.0,428.0,19.54337899543379
DIH,2190.0,1762.0,428.0,19.54337899543379
BIG,6570.0,5286.0,1284.0,19.54337899543379
JJN,6085.0,4897.0,1188.0,19.52341824157765
MAHI,3656.0,2944.0,712.0,19.474835886214443
SAPD,3656.0,2944.0,712.0,19.474835886214443
BYZA,3656.0,2944.0,712.0,19.474835886214443
RSKA,3656.0,2944.0,712.0,19.474835886214443
ATRI,3656.0,2944.0,712.0,19.474835886214443
KURT,3656.0,2944.0,712.0,19.474835886214443
DSPL,3656.0,2944.0,712.0,19.474835886214443
BORT,3656.0,2944.0,712.0,19.474835886214443
NYGT,3656.0,2944.0,712.0,19.474835886214443
NXNR,3656.0,2944.0,712.0,19.474835886214443
MKGD,3656.0,2944.0,712.0,19.474835886214443
KRY,4380.0,3534.0,846.0,19.315068493150687
TKC,2190.0,1767.0,423.0,19.315068493150687
MPL,4380.0,3534.0,846.0,19.315068493150687
MDW,3647.0,2944.0,703.0,19.27611735673156
WEL,2920.0,2358.0,562.0,19.246575342465754
KIN,9922.0,8013.0,1909.0,19.240072566014916
NES,2684.0,2168.0,516.0,19.225037257824145
JOM,2190.0,1769.0,421.0,19.223744292237445
KTGM,2191.0,1770.0,421.0,19.214970333181196
KTES,5681.0,4590.0,1091.0,19.204365428621724
KND,6853.0,5541.0,1312.0,19.144900043776445
BNXR,4380.0,3542.0,838.0,19.1324200913242
SAG,8238.0,6662.0,1576.0,19.130857004127215
BWH,6570.0,5315.0,1255.0,19.101978691019784
SMBL,2190.0,1772.0,418.0,19.086757990867582
PNC,34138.0,27630.0,6508.0,19.06379987111137
ADTP,9429.0,7636.0,1793.0,19.01580231201612
KDER,2555.0,2070.0,485.0,18.98238747553816
SVRP,7926.0,6422.0,1504.0,18.975523593237448
KNZ,1460.0,1183.0,277.0,18.972602739726028
KES,1460.0,1183.0,277.0,18.972602739726028
UCP,2920.0,2369.0,551.0,18.86986301369863
DNL,4362.0,3539.0,823.0,18.867491976157726
PJB,4362.0,3539.0,823.0,18.867491976157726
GDM,4362.0,3539.0,823.0,18.867491976157726
BTL,4362.0,3539.0,823.0,18.867491976157726
SNLR,1877.0,1523.0,354.0,18.859882791688865
DHND,3546.0,2878.0,668.0,18.83812746756909
DHL,3130.0,2541.0,589.0,18.817891373801917
NWH,6032.0,4897.0,1135.0,18.81631299734748
CPB,7210.0,5854.0,1356.0,18.807212205270456
DAD,2190.0,1781.0,409.0,18.67579908675799
KGS,4380.0,3563.0,817.0,18.65296803652968
BEH,7613.0,6197.0,1416.0,18.5997635623276
DBEC,6652.0,5416.0,1236.0,18.580877931449187
SDS,6368.0,5199.0,1169.0,18.357412060301506
GDP,5110.0,4173.0,937.0,18.33659491193738
GEB,5852.0,4782.0,1070.0,18.284347231715653
PBM,3650.0,2984.0,666.0,18.246575342465754
MGLE,5883.0,4810.0,1073.0,18.238993710691823
CBH,3650.0,2985.0,665.0,18.21917808219178
BFR,4015.0,3285.0,730.0,18.181818181818183
BJY,4380.0,3587.0,793.0,18.105022831050228
CHGA,2582.0,2115.0,467.0,18.086754453911695
KZTW,3911.0,3205.0,706.0,18.05164919457939
HAG,1256.0,1030.0,226.0,17.993630573248407
BAI,4276.0,3510.0,766.0,17.913938260056128
GJD,4380.0,3596.0,784.0,17.899543378995432
CGN,3560.0,2923.0,637.0,17.89325842696629
DHRR,2190.0,1799.0,391.0,17.853881278538815
SOL,4464.0,3670.0,794.0,17.78673835125448
MSAE,2824.0,2322.0,502.0,17.776203966005667
GGSY,2964.0,2438.0,526.0,17.74628879892038
GNGD,5110.0,4204.0,906.0,17.729941291585128
TUV,5445.0,4481.0,964.0,17.70431588613407
SHM,8459.0,6973.0,1486.0,17.567088308310673
RBA,5110.0,4214.0,896.0,17.534246575342465
GNHI,3938.0,3251.0,687.0,17.44540375825292
MAHO,1460.0,1206.0,254.0,17.397260273972602
BRTA,1460.0,1206.0,254.0,17.397260273972602
UCH,1460.0,1206.0,254.0,17.397260273972602
NERI,1460.0,1206.0,254.0,17.397260273972602
JBG,1460.0,1206.0,254.0,17.397260273972602
JKH,1460.0,1206.0,254.0,17.397260273972602
HMP,1460.0,1206.0,254.0,17.397260273972602
HNHL,1769.0,1462.0,307.0,17.354437535330693
KCLA,1769.0,1462.0,307.0,17.354437535330693
KGV,1769.0,1462.0,307.0,17.354437535330693
AEX,1769.0,1462.0,307.0,17.354437535330693
JWB,8324.0,6887.0,1437.0,17.263334935127343
BILA,2190.0,1812.0,378.0,17.26027397260274
GKK,4141.0,3427.0,714.0,17.242212026080654
JHK,2555.0,2115.0,440.0,17.22113502935421
KDTR,3650.0,3022.0,628.0,17.205479452054796
ATMO,2920.0,2418.0,502.0,17.191780821917806
VTV,2190.0,1814.0,376.0,17.168949771689498
MC,2190.0,1814.0,376.0,17.168949771689498
MPI,2710.0,2245.0,465.0,17.15867158671587
DEOR,2086.0,1729.0,357.0,17.114093959731544
CGI,5110.0,4236.0,874.0,17.10371819960861
MO,2754.0,2285.0,469.0,17.029774872912128
GUNS,1825.0,1515.0,310.0,16.986301369863014
HYA,1825.0,1515.0,310.0,16.986301369863014
ALAL,1825.0,1515.0,310.0,16.986301369863014
KXN,2920.0,2424.0,496.0,16.986301369863014
SAI,3884.0,3229.0,655.0,16.864057672502575
SC,44367.0,36885.0,7482.0,16.863885320170397
JMKT,7127.0,5930.0,1197.0,16.795285533885227
FTP,17513.0,14584.0,2929.0,16.72471878033461
JRL,9254.0,7707.0,1547.0,16.717095310136155
RPD,2190.0,1824.0,366.0,16.71232876712329
MGF,4380.0,3649.0,731.0,16.689497716894977
AKK,4380.0,3649.0,731.0,16.689497716894977
BRBL,4380.0,3649.0,731.0,16.689497716894977
VAPM,4380.0,3650.0,730.0,16.666666666666664
TKQ,4380.0,3650.0,730.0,16.666666666666664
ELM,4380.0,3650.0,730.0,16.666666666666664
ARCL,2059.0,1716.0,343.0,16.658572122389508
NKM,11211.0,9345.0,1866.0,16.644367139416644
RMNP,2814.0,2346.0,468.0,16.631130063965884
MMKB,2205.0,1839.0,366.0,16.598639455782312
BLDL,3285.0,2740.0,545.0,16.590563165905632
NDBT,3285.0,2740.0,545.0,16.590563165905632
BRHL,3285.0,2740.0,545.0,16.590563165905632
BRMR,3285.0,2740.0,545.0,16.590563165905632
TLRA,3285.0,2740.0,545.0,16.590563165905632
LNS,3285.0,2740.0,545.0,16.590563165905632
HRDR,3285.0,2740.0,545.0,16.590563165905632
PPO,3285.0,2740.0,545.0,16.590563165905632
NUPR,3285.0,2740.0,545.0,16.590563165905632
MGRP,3285.0,2740.0,545.0,16.590563165905632
TRPL,3285.0,2740.0,545.0,16.590563165905632
HRG,2502.0,2088.0,414.0,16.546762589928058
JMV,2502.0,2088.0,414.0,16.546762589928058
GVDP,3154.0,2633.0,521.0,16.51870640456563
KRSA,4380.0,3658.0,722.0,16.484018264840184
CPN,4380.0,3658.0,722.0,16.484018264840184
MMZ,2911.0,2432.0,479.0,16.454826520096187
KTHL,730.0,610.0,120.0,16.43835616438356
KSR,730.0,610.0,120.0,16.43835616438356
TIU,4692.0,3927.0,765.0,16.304347826086957
AKNR,1460.0,1222.0,238.0,16.301369863013697
KKMB,1460.0,1222.0,238.0,16.301369863013697
DCAB,2190.0,1833.0,357.0,16.301369863013697
PNPL,3650.0,3056.0,594.0,16.273972602739725
CAMU,2920.0,2445.0,475.0,16.267123287671232
GPH,6153.0,5153.0,1000.0,16.252234682268814
LNWT,685.0,574.0,111.0,16.204379562043798
DEEG,4902.0,4108.0,794.0,16.197470420236638
GDO,4902.0,4108.0,794.0,16.197470420236638
MCL,2190.0,1837.0,353.0,16.118721461187217
SUA,5790.0,4857.0,933.0,16.1139896373057
ABI,5109.0,4287.0,822.0,16.08925425719319
RMV,7819.0,6561.0,1258.0,16.089013940401586
SVD,2189.0,1837.0,352.0,16.08040201005025
MTDI,1825.0,1532.0,293.0,16.054794520547947
BNDM,3545.0,2977.0,568.0,16.02256699576869
ATNR,4736.0,3978.0,758.0,16.00506756756757
KPLR,2920.0,2453.0,467.0,15.993150684931507
IDH,10500.0,8823.0,1677.0,15.971428571428573
CLR,3232.0,2716.0,516.0,15.965346534653465
SMLT,2920.0,2455.0,465.0,15.924657534246576
KGMR,2920.0,2455.0,465.0,15.924657534246576
CMMG,2920.0,2455.0,465.0,15.924657534246576
PRAR,2920.0,2455.0,465.0,15.924657534246576
PHRH,2920.0,2456.0,464.0,15.890410958904111
KKDI,9802.0,8248.0,1554.0,15.853907365843705
BAO,1878.0,1581.0,297.0,15.814696485623003
ADH,6564.0,5528.0,1036.0,15.783059110298597
BKTU,2920.0,2460.0,460.0,15.753424657534246
CPDR,5006.0,4219.0,787.0,15.72113463843388
MW,9388.0,7915.0,1473.0,15.690242863229656
KOK,2555.0,2155.0,400.0,15.655577299412915
KDMR,5110.0,4310.0,800.0,15.655577299412915
ST,58095.0,49007.0,9088.0,15.643342800585247
BNWC,5214.0,4399.0,815.0,15.630993479094746
YT,5110.0,4312.0,798.0,15.616438356164384
PAA,5110.0,4312.0,798.0,15.616438356164384
THO,6361.0,5368.0,993.0,15.610753026253734
DRWN,2815.0,2376.0,439.0,15.595026642984013
GHAA,2815.0,2376.0,439.0,15.595026642984013
TUX,2815.0,2376.0,439.0,15.595026642984013
CTR,4596.0,3882.0,714.0,15.535248041775457
DWT,2815.0,2378.0,437.0,15.523978685612787
DUA,2920.0,2467.0,453.0,15.513698630136986
KMX,4274.0,3614.0,660.0,15.44220870379036
DNV,4274.0,3614.0,660.0,15.44220870379036
SNM,4274.0,3614.0,660.0,15.44220870379036
TRSR,4356.0,3684.0,672.0,15.426997245179063
IGP,15916.0,13461.0,2455.0,15.424729831615982
KWO,10260.0,8678.0,1582.0,15.419103313840157
MDKI,4798.0,4059.0,739.0,15.402250937890788
VJPJ,4637.0,3923.0,714.0,15.397886564589175
NGWN,2190.0,1853.0,337.0,15.388127853881278
SJHG,2920.0,2471.0,449.0,15.376712328767123
PCOI,16162.0,13680.0,2482.0,15.357010271006063
CHTL,2189.0,1853.0,336.0,15.34947464595706
PH,2189.0,1853.0,336.0,15.34947464595706
PGA,4380.0,3708.0,672.0,15.342465753424658
GAM,5840.0,4944.0,896.0,15.342465753424658
SLHP,2555.0,2164.0,391.0,15.303326810176127
PTRJ,2555.0,2165.0,390.0,15.264187866927593
MNHL,2555.0,2165.0,390.0,15.264187866927593
GOY,11799.0,10001.0,1798.0,15.238579540639039
RDUM,5884.0,4988.0,896.0,15.227736233854522
PSPY,2920.0,2476.0,444.0,15.205479452054796
ZPL,2920.0,2476.0,444.0,15.205479452054796
CCA,2920.0,2476.0,444.0,15.205479452054796
MBG,2463.0,2089.0,374.0,15.18473406414941
MRR,9601.0,8146.0,1455.0,15.154671388397043
SEQ,2920.0,2480.0,440.0,15.068493150684931
PVR,5119.0,4348.0,771.0,15.06153545614378
GTJT,8445.0,7175.0,1270.0,15.038484310242747
AL,5812.0,4938.0,874.0,15.03785271851342
CKDL,1460.0,1241.0,219.0,15.0
MDPB,1460.0,1241.0,219.0,15.0
SJNP,1460.0,1241.0,219.0,15.0
CHNR,1460.0,1241.0,219.0,15.0
BDHY,1460.0,1241.0,219.0,15.0
MNWL,1460.0,1242.0,218.0,14.931506849315069
YLK,1460.0,1242.0,218.0,14.931506849315069
SGRR,1460.0,1242.0,218.0,14.931506849315069
BLA,1460.0,1242.0,218.0,14.931506849315069
PRSN,2920.0,2484.0,436.0,14.931506849315069
BBMN,1460.0,1242.0,218.0,14.931506849315069
DMF,625.0,532.0,93.0,14.879999999999999
LTK,625.0,532.0,93.0,14.879999999999999
CPE,625.0,532.0,93.0,14.879999999999999
BUF,625.0,532.0,93.0,14.879999999999999
PSJ,625.0,532.0,93.0,14.879999999999999
CJQ,625.0,532.0,93.0,14.879999999999999
BXF,625.0,532.0,93.0,14.879999999999999
ASB,4249.0,3617.0,632.0,14.874088020710754
DUI,16018.0,13644.0,2374.0,14.820826570108627
POZ,2920.0,2488.0,432.0,14.794520547945206
DLB,2920.0,2488.0,432.0,14.794520547945206
BHK,2555.0,2178.0,377.0,14.755381604696675
RWL,10115.0,8623.0,1492.0,14.750370736529906
MINJ,3024.0,2578.0,446.0,14.74867724867725
TAY,2375.0,2025.0,350.0,14.736842105263156
RQJ,2555.0,2179.0,376.0,14.71624266144814
QXR,1460.0,1246.0,214.0,14.657534246575343
BBO,1460.0,1246.0,214.0,14.657534246575343
NRG,5840.0,4984.0,856.0,14.657534246575343
NILE,9637.0,8225.0,1412.0,14.651862612846323
SHV,3650.0,3116.0,534.0,14.63013698630137
KLL,8915.0,7622.0,1293.0,14.50364554122266
JBS,2920.0,2497.0,423.0,14.486301369863014
JREA,2920.0,2497.0,423.0,14.486301369863014
OTD,2920.0,2497.0,423.0,14.486301369863014
GZKA,2920.0,2497.0,423.0,14.486301369863014
SNMY,2190.0,1873.0,317.0,14.474885844748858
SNDT,2190.0,1873.0,317.0,14.474885844748858
SSNR,5840.0,4996.0,844.0,14.452054794520548
KMV,2555.0,2186.0,369.0,14.442270058708415
CAR,11821.0,10114.0,1707.0,14.440402673208697
PDWA,9612.0,8224.0,1388.0,14.440282979608824
BDI,2920.0,2499.0,421.0,14.417808219178083
BDME,7300.0,6248.0,1052.0,14.410958904109588
GPI,4587.0,3927.0,660.0,14.388489208633093
PRKE,2555.0,2188.0,367.0,14.36399217221135
KRE,4324.0,3703.0,621.0,14.361702127659576
CKB,5111.0,4380.0,731.0,14.302484836626883
BHV,2190.0,1877.0,313.0,14.292237442922373
KQK,5110.0,4380.0,730.0,14.285714285714285
NSU,2572.0,2205.0,367.0,14.269051321928462
SSKA,2572.0,2205.0,367.0,14.269051321928462
THBN,5110.0,4381.0,729.0,14.26614481409002
SBIB,16464.0,14132.0,2332.0,14.164237123420797
VLD,1095.0,940.0,155.0,14.15525114155251
TKU,1095.0,940.0,155.0,14.15525114155251
KBA,1095.0,940.0,155.0,14.15525114155251
KCM,1095.0,940.0,155.0,14.15525114155251
NCU,1460.0,1254.0,206.0,14.10958904109589
CCI,1460.0,1254.0,206.0,14.10958904109589
TAT,730.0,627.0,103.0,14.10958904109589
IMAM,1460.0,1254.0,206.0,14.10958904109589
MVA,730.0,627.0,103.0,14.10958904109589
VPL,1460.0,1254.0,206.0,14.10958904109589
GPU,1460.0,1254.0,206.0,14.10958904109589
MPT,730.0,627.0,103.0,14.10958904109589
HNMN,1460.0,1254.0,206.0,14.10958904109589
NCE,730.0,627.0,103.0,14.10958904109589
PCL,730.0,627.0,103.0,14.10958904109589
KDT,1460.0,1254.0,206.0,14.10958904109589
ASH,12242.0,10516.0,1726.0,14.09900343081196
SBJ,3650.0,3136.0,514.0,14.082191780821917
KJZ,2920.0,2509.0,411.0,14.075342465753424
BLZ,5424.0,4661.0,763.0,14.067109144542773
DCU,1095.0,941.0,154.0,14.063926940639268
MQX,2503.0,2152.0,351.0,14.023172193367959
VNR,5066.0,4356.0,710.0,14.015001973943942
CPLE,5110.0,4394.0,716.0,14.01174168297456
SDBH,2920.0,2511.0,409.0,14.006849315068493
RKJE,2920.0,2511.0,409.0,14.006849315068493
IDG,10117.0,8700.0,1417.0,14.006128298902837
JMKR,3650.0,3139.0,511.0,14.000000000000002
NJT,7615.0,6553.0,1062.0,13.946158896913985
BRBS,4220.0,3632.0,588.0,13.933649289099526
CNK,3650.0,3143.0,507.0,13.89041095890411
DNT,5736.0,4940.0,796.0,13.877266387726639
KSN,4782.0,4119.0,663.0,13.864491844416563
SP,730.0,629.0,101.0,13.835616438356164
PZA,730.0,629.0,101.0,13.835616438356164
PV,730.0,629.0,101.0,13.835616438356164
NBK,730.0,629.0,101.0,13.835616438356164
MN,730.0,629.0,101.0,13.835616438356164
STM,730.0,629.0,101.0,13.835616438356164
MKK,730.0,629.0,101.0,13.835616438356164
MSF,730.0,629.0,101.0,13.835616438356164
MSC,730.0,629.0,101.0,13.835616438356164
MPK,730.0,629.0,101.0,13.835616438356164
SMU,6466.0,5572.0,894.0,13.826167646149088
NRE,5194.0,4479.0,715.0,13.765883711975357
RMR,5631.0,4858.0,773.0,13.727579470786717
PKF,2502.0,2159.0,343.0,13.709032773780974
JDNX,1825.0,1575.0,250.0,13.698630136986301
BTIC,2555.0,2205.0,350.0,13.698630136986301
AHJU,1825.0,1575.0,250.0,13.698630136986301
HNS,10392.0,8972.0,1420.0,13.664357197844495
SBG,15847.0,13687.0,2160.0,13.630340127468921
VWA,1706.0,1474.0,232.0,13.599062133645957
SMWA,1706.0,1474.0,232.0,13.599062133645957
SURI,8240.0,7125.0,1115.0,13.531553398058252
MYR,22765.0,19690.0,3075.0,13.507577421480343
KZS,2555.0,2210.0,345.0,13.50293542074364
SKP,7692.0,6654.0,1038.0,13.494539781591264
KLI,2816.0,2436.0,380.0,13.494318181818182
MHLT,3650.0,3159.0,491.0,13.45205479452055
RPMN,5423.0,4694.0,729.0,13.442743868707357
ATL,10260.0,8881.0,1379.0,13.440545808966862
GULR,3285.0,2844.0,441.0,13.424657534246576
NGRS,3285.0,2844.0,441.0,13.424657534246576
JWLS,3285.0,2844.0,441.0,13.424657534246576
JCN,2920.0,2528.0,392.0,13.424657534246576
TORA,2920.0,2528.0,392.0,13.424657534246576
BILK,2920.0,2528.0,392.0,13.424657534246576
DS,2555.0,2213.0,342.0,13.385518590998045
NUD,7174.0,6214.0,960.0,13.381655979927515
KLSX,1460.0,1265.0,195.0,13.356164383561644
HPGM,5846.0,5066.0,780.0,13.342456380431065
VPZ,5278.0,4574.0,704.0,13.338385752178855
MJS,5475.0,4745.0,730.0,13.333333333333334
GOL,6569.0,5695.0,874.0,13.304917034556249
RHE,5799.0,5030.0,769.0,13.260907052940162
PMU,4371.0,3793.0,578.0,13.223518645618851
CK,764.0,663.0,101.0,13.219895287958114
MLT,5934.0,5150.0,784.0,13.211998651836874
RUKH,598.0,519.0,79.0,13.210702341137123
LUBA,598.0,519.0,79.0,13.210702341137123
SLNG,598.0,519.0,79.0,13.210702341137123
BADH,598.0,519.0,79.0,13.210702341137123
STNL,5943.0,5158.0,785.0,13.208817095742893
DVL,6616.0,5743.0,873.0,13.19528415961306
LONI,6205.0,5387.0,818.0,13.182917002417405
PPDA,3022.0,2624.0,398.0,13.17008603573792
PFM,11470.0,9960.0,1510.0,13.164777680906713
RDHP,2762.0,2401.0,361.0,13.070238957277336
ORGA,2711.0,2357.0,354.0,13.057912209516784
DJS,4059.0,3529.0,530.0,13.05740330130574
KTRI,598.0,520.0,78.0,13.043478260869565
HRSG,598.0,520.0,78.0,13.043478260869565
KDJB,598.0,520.0,78.0,13.043478260869565
PRDL,1357.0,1180.0,177.0,13.043478260869565
MFH,1825.0,1587.0,238.0,13.041095890410958
PGC,4882.0,4246.0,636.0,13.02744776730848
AY,16735.0,14563.0,2172.0,12.978786973409024
SIHO,3675.0,3199.0,476.0,12.95238095238095
NRPA,3675.0,3199.0,476.0,12.95238095238095
DUBH,3675.0,3199.0,476.0,12.95238095238095
SLT,3675.0,3199.0,476.0,12.95238095238095
DISA,2816.0,2452.0,364.0,12.926136363636365
VLT,2710.0,2360.0,350.0,12.915129151291513
JEA,8605.0,7494.0,1111.0,12.911098198721675
MBM,8999.0,7838.0,1161.0,12.90143349261029
SKZR,17063.0,14864.0,2199.0,12.88753443122546
SBV,13436.0,11705.0,1731.0,12.88329860077404
GUD,5382.0,4689.0,693.0,12.876254180602006
CKD,10244.0,8926.0,1318.0,12.866067942210075
DVM,4963.0,4325.0,638.0,12.855127946806366
KKPR,4963.0,4325.0,638.0,12.855127946806366
RJP,10931.0,9526.0,1405.0,12.853352849693533
GAMI,5110.0,4455.0,655.0,12.818003913894325
BDBS,2263.0,1973.0,290.0,12.814847547503314
RUSD,3962.0,3455.0,507.0,12.796567390206967
BURN,12199.0,10638.0,1561.0,12.796130830395935
ASV,4626.0,4035.0,591.0,12.775616083009078
GKC,9021.0,7871.0,1150.0,12.748032368916974
CTA,3516.0,3068.0,448.0,12.741751990898747
RDF,2449.0,2137.0,312.0,12.73989383421805
SJF,730.0,637.0,93.0,12.73972602739726
MQZ,730.0,637.0,93.0,12.73972602739726
BDHA,730.0,637.0,93.0,12.73972602739726
AVL,730.0,637.0,93.0,12.73972602739726
BDC,29362.0,25631.0,3731.0,12.706900074926777
BTSR,6362.0,5556.0,806.0,12.668972021376925
DNA,16979.0,14828.0,2151.0,12.668590611932387
GHGL,2186.0,1910.0,276.0,12.625800548947849
UKA,5840.0,5103.0,737.0,12.619863013698629
SKS,7282.0,6364.0,918.0,12.606426805822576
AEH,730.0,638.0,92.0,12.602739726027398
SIKD,730.0,638.0,92.0,12.602739726027398
SANK,730.0,638.0,92.0,12.602739726027398
KNAD,1460.0,1276.0,184.0,12.602739726027398
STLI,730.0,638.0,92.0,12.602739726027398
SMTL,730.0,638.0,92.0,12.602739726027398
NUB,730.0,638.0,92.0,12.602739726027398
KTRA,730.0,638.0,92.0,12.602739726027398
MDHA,1460.0,1276.0,184.0,12.602739726027398
KRQ,730.0,638.0,92.0,12.602739726027398
KKU,5873.0,5135.0,738.0,12.565979908053807
NNR,7405.0,6475.0,930.0,12.559081701553005
NGNT,1761.0,1540.0,221.0,12.549687677455989
BSA,2920.0,2554.0,366.0,12.534246575342467
PRK,2920.0,2554.0,366.0,12.534246575342467
AF,10885.0,9521.0,1364.0,12.53100597152044
KMQ,5840.0,5110.0,730.0,12.5
CS,2816.0,2464.0,352.0,12.5
KEG,2937.0,2570.0,367.0,12.495743956418114
AFR,2937.0,2570.0,367.0,12.495743956418114
RBK,2937.0,2570.0,367.0,12.495743956418114
BTG,2937.0,2570.0,367.0,12.495743956418114
KHDB,3181.0,2784.0,397.0,12.480352090537567
ORC,3647.0,3193.0,454.0,12.448587880449685
BEDM,3442.0,3015.0,427.0,12.405578152237071
PIT,1581.0,1385.0,196.0,12.397216951296649
NGRT,2920.0,2559.0,361.0,12.363013698630137
KGRA,2920.0,2559.0,361.0,12.363013698630137
GVR,4588.0,4022.0,566.0,12.336530078465563
BJPL,4380.0,3840.0,540.0,12.32876712328767
PLMX,2920.0,2560.0,360.0,12.32876712328767
DSJ,1371.0,1202.0,169.0,12.326768781911014
KQR,24288.0,21300.0,2988.0,12.302371541501977
BYC,4037.0,3542.0,495.0,12.26158038147139
MPML,1460.0,1281.0,179.0,12.26027397260274
ULA,1460.0,1281.0,179.0,12.26027397260274
LIG,1460.0,1281.0,179.0,12.26027397260274
KFP,1460.0,1281.0,179.0,12.26027397260274
SKPR,1460.0,1281.0,179.0,12.26027397260274
BRKH,1460.0,1281.0,179.0,12.26027397260274
BDKD,1460.0,1281.0,179.0,12.26027397260274
BJNR,7753.0,6804.0,949.0,12.2404230620405
IK,3338.0,2930.0,408.0,12.222887956860395
NHB,3338.0,2930.0,408.0,12.222887956860395
DBI,3650.0,3204.0,446.0,12.219178082191782
BHME,2920.0,2564.0,356.0,12.191780821917808
JOB,7613.0,6686.0,927.0,12.176540128727178
TLJ,5473.0,4807.0,666.0,12.16882879590718
KXE,5473.0,4807.0,666.0,12.16882879590718
SGF,3650.0,3206.0,444.0,12.164383561643834
CIK,3355.0,2947.0,408.0,12.160953800298063
RAI,3355.0,2947.0,408.0,12.160953800298063
LSX,5110.0,4489.0,621.0,12.152641878669277
KPTO,5473.0,4808.0,665.0,12.15055728119861
MJP,5473.0,4808.0,665.0,12.15055728119861
KI,3284.0,2885.0,399.0,12.149817295980512
SBT,4222.0,3710.0,512.0,12.12695405021317
RKN,3434.0,3018.0,416.0,12.114152591729761
AABH,1511.0,1328.0,183.0,12.111184645929848
KYW,2190.0,1925.0,265.0,12.100456621004566
NNPR,2190.0,1925.0,265.0,12.100456621004566
GOPG,3441.0,3025.0,416.0,12.089508863702413
NAW,1856.0,1632.0,224.0,12.068965517241379
DUB,3042.0,2675.0,367.0,12.064431295200526
SWNI,4797.0,4219.0,578.0,12.049197415051074
HYB,11138.0,9798.0,1340.0,12.030885257676422
PAM,3285.0,2890.0,395.0,12.02435312024353
AMP,12775.0,11242.0,1533.0,12.0
BVA,1719.0,1513.0,206.0,11.98371146015125
DGLE,7239.0,6372.0,867.0,11.97679237463738
NXN,2867.0,2524.0,343.0,11.963725148238577
LAV,7299.0,6427.0,872.0,11.946842033155226
RF,4380.0,3857.0,523.0,11.940639269406393
AYRN,5265.0,4638.0,627.0,11.908831908831909
MWQ,6576.0,5794.0,782.0,11.891727493917275
BRST,6576.0,5794.0,782.0,11.891727493917275
KHHJ,2190.0,1930.0,260.0,11.87214611872146
DBN,2190.0,1930.0,260.0,11.87214611872146
KASH,2190.0,1930.0,260.0,11.87214611872146
MXP,2190.0,1930.0,260.0,11.87214611872146
NSS,2190.0,1930.0,260.0,11.87214611872146
KYY,2190.0,1930.0,260.0,11.87214611872146
BHM,2190.0,1930.0,260.0,11.87214611872146
BXB,2190.0,1930.0,260.0,11.87214611872146
CYN,6299.0,5552.0,747.0,11.859025242101922
JRJ,2920.0,2575.0,345.0,11.815068493150685
GTF,2920.0,2575.0,345.0,11.815068493150685
MGB,2294.0,2023.0,271.0,11.81342632955536
BZLE,12807.0,11295.0,1512.0,11.806043569922698
GDK,1460.0,1288.0,172.0,11.78082191780822
MIR,1460.0,1288.0,172.0,11.78082191780822
BBPR,1460.0,1288.0,172.0,11.78082191780822
JWL,3650.0,3220.0,430.0,11.78082191780822
PSN,1460.0,1288.0,172.0,11.78082191780822
CKG,1460.0,1288.0,172.0,11.78082191780822
MGPA,1460.0,1288.0,172.0,11.78082191780822
SKLP,1460.0,1288.0,172.0,11.78082191780822
SUJ,1460.0,1288.0,172.0,11.78082191780822
TKUR,1460.0,1288.0,172.0,11.78082191780822
SDAM,1460.0,1288.0,172.0,11.78082191780822
RAMR,1460.0,1288.0,172.0,11.78082191780822
SYU,1460.0,1288.0,172.0,11.78082191780822
GHT,1460.0,1288.0,172.0,11.78082191780822
TPW,2920.0,2576.0,344.0,11.78082191780822
PPE,1460.0,1288.0,172.0,11.78082191780822
KEN,2920.0,2576.0,344.0,11.78082191780822
MKN,12599.0,11115.0,1484.0,11.778712596237796
KATB,4540.0,4008.0,532.0,11.71806167400881
KNM,4540.0,4008.0,532.0,11.71806167400881
TIS,10794.0,9530.0,1264.0,11.710209375579025
SMZ,4119.0,3637.0,482.0,11.701869385773247
SRI,5110.0,4514.0,596.0,11.663405088062623
TLC,3650.0,3225.0,425.0,11.643835616438356
FGSB,2920.0,2580.0,340.0,11.643835616438356
THV,6571.0,5807.0,764.0,11.626845229036677
JLHI,1480.0,1308.0,172.0,11.621621621621623
BRCK,1480.0,1308.0,172.0,11.621621621621623
MOTG,1480.0,1308.0,172.0,11.621621621621623
CBCC,2920.0,2581.0,339.0,11.609589041095889
DGO,4380.0,3872.0,508.0,11.598173515981735
KMS,4380.0,3872.0,508.0,11.598173515981735
KNYR,2190.0,1936.0,254.0,11.598173515981735
BAJE,2190.0,1936.0,254.0,11.598173515981735
YDM,2190.0,1936.0,254.0,11.598173515981735
KDBA,2190.0,1936.0,254.0,11.598173515981735
NRJ,2190.0,1936.0,254.0,11.598173515981735
KDKN,3650.0,3227.0,423.0,11.58904109589041
SWR,4275.0,3781.0,494.0,11.555555555555555
OBM,2190.0,1937.0,253.0,11.552511415525114
SLM,2190.0,1937.0,253.0,11.552511415525114
IRN,2920.0,2583.0,337.0,11.54109589041096
RAH,4172.0,3691.0,481.0,11.529242569511027
GGJ,6778.0,5998.0,780.0,11.507819415756861
GPX,3650.0,3230.0,420.0,11.506849315068493
DSO,6845.0,6058.0,787.0,11.497443389335281
KRUR,3180.0,2815.0,365.0,11.477987421383649
GPSL,3134.0,2775.0,359.0,11.455009572431397
CHL,5840.0,5174.0,666.0,11.404109589041097
JAT,18137.0,16069.0,2068.0,11.402106191762694
SOPR,5510.0,4882.0,628.0,11.397459165154265
NWC,5510.0,4882.0,628.0,11.397459165154265
OLP,5510.0,4882.0,628.0,11.397459165154265
MABB,5510.0,4882.0,628.0,11.397459165154265
ARG,5510.0,4882.0,628.0,11.397459165154265
BGDS,5510.0,4882.0,628.0,11.397459165154265
PRGA,5510.0,4882.0,628.0,11.397459165154265
BAPN,5510.0,4882.0,628.0,11.397459165154265
IMLI,5510.0,4882.0,628.0,11.397459165154265
DSKG,5510.0,4882.0,628.0,11.397459165154265
SSRH,5510.0,4882.0,628.0,11.397459165154265
AMG,4959.0,4394.0,565.0,11.39342609397056
MTNL,3285.0,2911.0,374.0,11.385083713850836
KPGM,6282.0,5567.0,715.0,11.381725565106654
SNKG,1460.0,1294.0,166.0,11.36986301369863
MESR,2712.0,2404.0,308.0,11.35693215339233
KTX,3709.0,3288.0,421.0,11.350768401186304
BNW,16605.0,14724.0,1881.0,11.32791327913279
PRYJ,45182.0,40071.0,5111.0,11.312026913372582
KQN,8636.0,7663.0,973.0,11.266790180639184
SDN,7298.0,6476.0,822.0,11.263359824609482
NSL,7089.0,6291.0,798.0,11.256876851460008
PGRL,9467.0,8402.0,1065.0,11.249603887187071
PIS,4224.0,3749.0,475.0,11.245265151515152
GAI,3650.0,3240.0,410.0,11.232876712328768
BUTA,730.0,648.0,82.0,11.232876712328768
GTW,6935.0,6157.0,778.0,11.218457101658256
AZ,28995.0,25743.0,3252.0,11.215726849456804
PDW,6453.0,5731.0,722.0,11.188594452192778
AI,3129.0,2779.0,350.0,11.185682326621924
DMT,2928.0,2601.0,327.0,11.168032786885245
SILO,4666.0,4145.0,521.0,11.165880840120018
HDP,7662.0,6807.0,855.0,11.15896632732968
DMRX,9194.0,8169.0,1025.0,11.148575157711551
MJF,12974.0,11530.0,1444.0,11.12995221211654
SMVJ,9907.0,8814.0,1093.0,11.03260320985162
BRHD,3371.0,3000.0,371.0,11.005636309700385
SIE,2190.0,1949.0,241.0,11.004566210045661
BUM,2190.0,1949.0,241.0,11.004566210045661
PTT,2190.0,1949.0,241.0,11.004566210045661
PYX,2190.0,1949.0,241.0,11.004566210045661
RANI,8153.0,7257.0,896.0,10.989819698270576
SBM,6240.0,5555.0,685.0,10.977564102564102
FNO,6240.0,5555.0,685.0,10.977564102564102
MNPR,4014.0,3574.0,440.0,10.961634280019931
KDY,730.0,650.0,80.0,10.95890410958904
KUMB,4380.0,3900.0,480.0,10.95890410958904
VJ,730.0,650.0,80.0,10.95890410958904
KVN,730.0,650.0,80.0,10.95890410958904
SAHI,4380.0,3900.0,480.0,10.95890410958904
VGM,730.0,650.0,80.0,10.95890410958904
LTI,730.0,650.0,80.0,10.95890410958904
PCKM,730.0,650.0,80.0,10.95890410958904
NPJE,4745.0,4226.0,519.0,10.937829293993676
KLZ,2920.0,2601.0,319.0,10.924657534246576
TKBN,2190.0,1951.0,239.0,10.913242009132421
RJB,1459.0,1300.0,159.0,10.89787525702536
LLP,4932.0,4395.0,537.0,10.888077858880779
RGV,4932.0,4395.0,537.0,10.888077858880779
TRB,8933.0,7961.0,972.0,10.881003022500838
KDPR,8551.0,7621.0,930.0,10.875920944918722
NMDA,6311.0,5625.0,686.0,10.869909681508478
NNU,4379.0,3904.0,475.0,10.847225393925553
ZP,4379.0,3904.0,475.0,10.847225393925553
MGW,6480.0,5779.0,701.0,10.817901234567902
PMK,6760.0,6029.0,731.0,10.813609467455622
RNL,2451.0,2186.0,265.0,10.811913504691963
FLD,1185.0,1057.0,128.0,10.80168776371308
KBK,1185.0,1057.0,128.0,10.80168776371308
DHT,6344.0,5659.0,685.0,10.797604035308954
KPQ,6779.0,6049.0,730.0,10.768549933618528
HN,5110.0,4560.0,550.0,10.76320939334638
SEU,3754.0,3350.0,404.0,10.761854022376133
MPLR,5153.0,4599.0,554.0,10.751018823986028
DHN,34783.0,31047.0,3736.0,10.740879165109392
SLJ,6203.0,5538.0,665.0,10.720619055295824
DKBJ,7353.0,6565.0,788.0,10.71671426628587
NNN,4276.0,3818.0,458.0,10.710944808231993
PDPH,1457.0,1301.0,156.0,10.706932052161978
DGHR,9698.0,8662.0,1036.0,10.68261497215921
SSN,2920.0,2609.0,311.0,10.65068493150685
LPG,2920.0,2609.0,311.0,10.65068493150685
BXQ,2920.0,2609.0,311.0,10.65068493150685
SLRA,2920.0,2609.0,311.0,10.65068493150685
SNNR,2920.0,2611.0,309.0,10.582191780821917
GGVT,2920.0,2611.0,309.0,10.582191780821917
SIDG,2920.0,2611.0,309.0,10.582191780821917
KTGG,2920.0,2611.0,309.0,10.582191780821917
GPT,312.0,279.0,33.0,10.576923076923077
GADJ,18372.0,16432.0,1940.0,10.559547136947529
RRU,2729.0,2441.0,288.0,10.5533162330524
RUI,5110.0,4571.0,539.0,10.547945205479452
KHSN,2447.0,2189.0,258.0,10.543522680833673
JHL,16072.0,14382.0,1690.0,10.515181682429068
BRT,1460.0,1307.0,153.0,10.479452054794521
DBM,2190.0,1961.0,229.0,10.45662100456621
CSM,2190.0,1961.0,229.0,10.45662100456621
SJDA,2190.0,1961.0,229.0,10.45662100456621
SKVL,2190.0,1961.0,229.0,10.45662100456621
CNR,2190.0,1961.0,229.0,10.45662100456621
KM,2190.0,1961.0,229.0,10.45662100456621
KIV,3285.0,2942.0,343.0,10.441400304414003
HKP,3285.0,2942.0,343.0,10.441400304414003
LDP,3285.0,2942.0,343.0,10.441400304414003
KFPR,3285.0,2942.0,343.0,10.441400304414003
SKT,8241.0,7382.0,859.0,10.423492294624438
DKGS,3650.0,3270.0,380.0,10.41095890410959
NMGA,3546.0,3177.0,369.0,10.406091370558377
FL,28345.0,25398.0,2947.0,10.396895396013406
SPX,1773.0,1589.0,184.0,10.377890580936267
AGMN,1773.0,1589.0,184.0,10.377890580936267
DKWA,3650.0,3273.0,377.0,10.32876712328767
ASLU,3650.0,3273.0,377.0,10.32876712328767
DKX,3650.0,3273.0,377.0,10.32876712328767
HYL,3650.0,3273.0,377.0,10.32876712328767
SRSL,3650.0,3273.0,377.0,10.32876712328767
BGP,27242.0,24432.0,2810.0,10.31495484913002
BINR,4172.0,3742.0,430.0,10.30680728667306
GVH,4172.0,3742.0,430.0,10.30680728667306
KAPG,9021.0,8092.0,929.0,10.298193104977276
KSO,5060.0,4539.0,521.0,10.296442687747035
BNB,5060.0,4539.0,521.0,10.296442687747035
KKQ,5060.0,4539.0,521.0,10.296442687747035
GBX,3441.0,3087.0,354.0,10.28770706190061
ROA,6738.0,6046.0,692.0,10.270109824873849
MKMN,1616.0,1451.0,165.0,10.21039603960396
DBHL,1616.0,1451.0,165.0,10.21039603960396
BANE,6257.0,5621.0,636.0,10.164615630493847
KTRH,3650.0,3279.0,371.0,10.164383561643836
MKH,4380.0,3935.0,445.0,10.159817351598173
MRQ,5110.0,4591.0,519.0,10.156555772994128
BHN,5110.0,4591.0,519.0,10.156555772994128
KOU,8367.0,7518.0,849.0,10.147006095374685
LSE,1825.0,1640.0,185.0,10.136986301369863
DSAP,365.0,328.0,37.0,10.136986301369863
BVZ,1825.0,1640.0,185.0,10.136986301369863
KNT,5110.0,4593.0,517.0,10.117416829745597
RNX,4380.0,3937.0,443.0,10.114155251141552
PTK,13814.0,12423.0,1391.0,10.069494715506009
MHN,1043.0,938.0,105.0,10.06711409395973
KGN,1043.0,938.0,105.0,10.06711409395973
SAD,1043.0,938.0,105.0,10.06711409395973
TUNG,1043.0,938.0,105.0,10.06711409395973
NRN,6240.0,5612.0,628.0,10.064102564102564
BCU,4380.0,3940.0,440.0,10.045662100456621
LKS,7923.0,7128.0,795.0,10.034078000757289
NKP,9281.0,8350.0,931.0,10.031246632905937
VML,730.0,657.0,73.0,10.0
WDJ,3650.0,3285.0,365.0,10.0
GNJP,50.0,45.0,5.0,10.0
JUR,730.0,657.0,73.0,10.0
KPU,730.0,657.0,73.0,10.0
KMH,730.0,657.0,73.0,10.0
VRN,730.0,657.0,73.0,10.0
CLPE,730.0,657.0,73.0,10.0
KMQA,730.0,657.0,73.0,10.0
STRK,2190.0,1971.0,219.0,10.0
GPY,730.0,657.0,73.0,10.0
YGD,730.0,657.0,73.0,10.0
RLL,730.0,657.0,73.0,10.0
RLO,730.0,657.0,73.0,10.0
BSMH,50.0,45.0,5.0,10.0
JKO,730.0,657.0,73.0,10.0
MUM,730.0,657.0,73.0,10.0
MYPR,50.0,45.0,5.0,10.0
CKA,3650.0,3286.0,364.0,9.972602739726028
BSGR,3650.0,3286.0,364.0,9.972602739726028
CKLA,3650.0,3286.0,364.0,9.972602739726028
RRW,3650.0,3286.0,364.0,9.972602739726028
TDH,1057.0,952.0,105.0,9.933774834437086
SN,1057.0,952.0,105.0,9.933774834437086
RTG,1057.0,952.0,105.0,9.933774834437086
GBE,1057.0,952.0,105.0,9.933774834437086
SPC,5110.0,4604.0,506.0,9.90215264187867
LTMD,911.0,821.0,90.0,9.879253567508233
BKKI,911.0,821.0,90.0,9.879253567508233
JHMR,911.0,821.0,90.0,9.879253567508233
GDBR,911.0,821.0,90.0,9.879253567508233
HNSL,911.0,821.0,90.0,9.879253567508233
MMD,5320.0,4796.0,524.0,9.849624060150376
BTTR,7580.0,6835.0,745.0,9.828496042216358
SRMR,1354.0,1221.0,133.0,9.82274741506647
VLG,1354.0,1221.0,133.0,9.82274741506647
TPPI,1354.0,1221.0,133.0,9.82274741506647
BKLA,2026.0,1827.0,199.0,9.822309970384994
KCD,4380.0,3950.0,430.0,9.817351598173515
BMZ,1999.0,1803.0,196.0,9.804902451225612
JPO,1999.0,1803.0,196.0,9.804902451225612
SMV,1999.0,1803.0,196.0,9.804902451225612
BHAT,1999.0,1803.0,196.0,9.804902451225612
ABE,1999.0,1803.0,196.0,9.804902451225612
KQS,1999.0,1803.0,196.0,9.804902451225612
GAYA,45469.0,41014.0,4455.0,9.79788427280125
CDMR,4380.0,3951.0,429.0,9.794520547945206
TAPA,5110.0,4610.0,500.0,9.784735812133071
AHLR,2190.0,1976.0,214.0,9.771689497716896
BALR,2190.0,1976.0,214.0,9.771689497716896
HRNR,5836.0,5266.0,570.0,9.766963673749144
NAC,7434.0,6708.0,726.0,9.76594027441485
CNDI,810.0,731.0,79.0,9.753086419753085
NRSI,810.0,731.0,79.0,9.753086419753085
JRT,730.0,659.0,71.0,9.726027397260275
DBF,730.0,659.0,71.0,9.726027397260275
MVG,730.0,659.0,71.0,9.726027397260275
TPQ,730.0,659.0,71.0,9.726027397260275
KDPA,730.0,659.0,71.0,9.726027397260275
KMEZ,730.0,659.0,71.0,9.726027397260275
DMK,730.0,659.0,71.0,9.726027397260275
SZY,730.0,659.0,71.0,9.726027397260275
CJS,730.0,659.0,71.0,9.726027397260275
DIR,730.0,659.0,71.0,9.726027397260275
BDXX,730.0,659.0,71.0,9.726027397260275
MVF,730.0,659.0,71.0,9.726027397260275
CTS,730.0,659.0,71.0,9.726027397260275
KKLU,730.0,659.0,71.0,9.726027397260275
AGZ,730.0,659.0,71.0,9.726027397260275
NKX,730.0,659.0,71.0,9.726027397260275
KMSD,730.0,659.0,71.0,9.726027397260275
KWGN,730.0,659.0,71.0,9.726027397260275
GIZ,730.0,659.0,71.0,9.726027397260275
NLDM,7300.0,6590.0,710.0,9.726027397260275
AGB,730.0,659.0,71.0,9.726027397260275
SSB,19757.0,17838.0,1919.0,9.713013109277725
BONA,4966.0,4484.0,482.0,9.706000805477245
JMP,27222.0,24582.0,2640.0,9.69803835133348
AGN,9472.0,8554.0,918.0,9.691722972972974
DKJ,10614.0,9586.0,1028.0,9.685321273789334
KLU,2190.0,1978.0,212.0,9.680365296803654
GDE,2190.0,1978.0,212.0,9.680365296803654
DLF,4380.0,3957.0,423.0,9.657534246575343
RWA,4380.0,3957.0,423.0,9.657534246575343
MAP,7559.0,6829.0,730.0,9.65736208493187
JGA,4645.0,4197.0,448.0,9.644779332615716
SVDK,8037.0,7263.0,774.0,9.630459126539753
AMPA,7509.0,6788.0,721.0,9.601811159941404
SAH,11378.0,10286.0,1092.0,9.597468799437511
ABD,2814.0,2544.0,270.0,9.594882729211088
DPP,3285.0,2970.0,315.0,9.58904109589041
DHKR,3285.0,2970.0,315.0,9.58904109589041
DHMZ,3285.0,2970.0,315.0,9.58904109589041
MOY,3285.0,2970.0,315.0,9.58904109589041
TDPR,7394.0,6685.0,709.0,9.588855829050582
SEE,30071.0,27195.0,2876.0,9.564031791426956
PRG,14181.0,12828.0,1353.0,9.54093505394542
MTD,20799.0,18830.0,1969.0,9.466801288523486
PUL,6951.0,6293.0,658.0,9.466263846928499
BNN,6951.0,6293.0,658.0,9.466263846928499
BJUD,1460.0,1322.0,138.0,9.452054794520548
SHC,25095.0,22725.0,2370.0,9.444112372982666
KJ,2832.0,2565.0,267.0,9.427966101694915
VTA,6205.0,5621.0,584.0,9.411764705882353
MRBL,4380.0,3968.0,412.0,9.406392694063927
PU,2190.0,1984.0,206.0,9.406392694063927
MJL,5110.0,4630.0,480.0,9.393346379647749
DRI,4482.0,4062.0,420.0,9.370816599732262
SPP,7442.0,6745.0,697.0,9.365761891964526
HUP,14026.0,12713.0,1313.0,9.361186368173392
SCE,2607.0,2363.0,244.0,9.359416954353664
SMRL,2555.0,2316.0,239.0,9.354207436399218
NIM,4170.0,3780.0,390.0,9.352517985611511
BRMD,4170.0,3780.0,390.0,9.352517985611511
LDH,47878.0,43402.0,4476.0,9.348761435314758
RAJP,4087.0,3705.0,382.0,9.346709077563006
BLM,11158.0,10116.0,1042.0,9.338591145366554
MZP,19613.0,17784.0,1829.0,9.325447407331872
MIK,5081.0,4608.0,473.0,9.309191104113363
KZU,5081.0,4608.0,473.0,9.309191104113363
NHT,12314.0,11168.0,1146.0,9.306480428780251
PDGL,989.0,897.0,92.0,9.30232558139535
DMM,18770.0,17025.0,1745.0,9.296750133191264
LHU,13299.0,12064.0,1235.0,9.286412512218964
HPO,6776.0,6147.0,629.0,9.2827626918536
SLNA,6777.0,6148.0,629.0,9.281392946731593
ETM,7759.0,7039.0,720.0,9.279546333290373
PAK,12628.0,11461.0,1167.0,9.241368387709851
SBE,5214.0,4733.0,481.0,9.225163022631378
MCS,13348.0,12117.0,1231.0,9.222355409050046
AO,3980.0,3613.0,367.0,9.22110552763819
SZB,10019.0,9097.0,922.0,9.202515221079947
ABP,8864.0,8049.0,815.0,9.194494584837546
MTJ,51082.0,46390.0,4692.0,9.18523158842645
LUR,4547.0,4130.0,417.0,9.170881900153947
GRL,7012.0,6369.0,643.0,9.16999429549344
TAA,1095.0,995.0,100.0,9.1324200913242
GUU,1095.0,995.0,100.0,9.1324200913242
LDW,3646.0,3314.0,332.0,9.105869445968185
RDG,3098.0,2816.0,282.0,9.102646868947708
AP,10945.0,9949.0,996.0,9.100045682960257
BSYA,3442.0,3129.0,313.0,9.093550261475885
TVCN,10276.0,9343.0,933.0,9.07940833008953
AJE,3858.0,3508.0,350.0,9.07205806117159
SANR,2503.0,2276.0,227.0,9.069117059528566
KHM,2503.0,2276.0,227.0,9.069117059528566
RGB,5596.0,5089.0,507.0,9.060042887776984
MHC,4936.0,4489.0,447.0,9.055915721231766
JOO,3940.0,3584.0,356.0,9.035532994923857
ATC,3940.0,3584.0,356.0,9.035532994923857
VAR,3940.0,3584.0,356.0,9.035532994923857
PTA,6998.0,6366.0,632.0,9.031151757645041
BSR,19791.0,18004.0,1787.0,9.029356778333586
ARV,4066.0,3699.0,367.0,9.026069847515986
BTK,3911.0,3560.0,351.0,8.974686780874457
RAK,1460.0,1329.0,131.0,8.972602739726028
GAJU,1460.0,1329.0,131.0,8.972602739726028
ATW,1460.0,1329.0,131.0,8.972602739726028
GHRI,1460.0,1329.0,131.0,8.972602739726028
ASI,1460.0,1329.0,131.0,8.972602739726028
NM,1460.0,1329.0,131.0,8.972602739726028
MSTH,1460.0,1329.0,131.0,8.972602739726028
BEJ,1460.0,1329.0,131.0,8.972602739726028
BRMX,1460.0,1329.0,131.0,8.972602739726028
PKU,11513.0,10481.0,1032.0,8.963780074698168
BMB,12410.0,11298.0,1112.0,8.96051571313457
BANO,3962.0,3607.0,355.0,8.960121150933873
KFA,9682.0,8817.0,865.0,8.934104523858707
TETA,5840.0,5319.0,521.0,8.92123287671233
SUD,5110.0,4655.0,455.0,8.904109589041095
BRW,4380.0,3990.0,390.0,8.904109589041095
KKRL,730.0,665.0,65.0,8.904109589041095
BHB,7700.0,7015.0,685.0,8.896103896103897
KDG,9326.0,8497.0,829.0,8.889127171348916
LKW,4380.0,3991.0,389.0,8.881278538812785
MKS,4380.0,3991.0,389.0,8.881278538812785
KMI,10384.0,9462.0,922.0,8.879044684129429
BAGL,4736.0,4316.0,420.0,8.868243243243242
GJH,4736.0,4316.0,420.0,8.868243243243242
QLM,4692.0,4276.0,416.0,8.866155157715259
SVM,4692.0,4276.0,416.0,8.866155157715259
AH,12098.0,11027.0,1071.0,8.852702926103488
AJNI,6620.0,6034.0,586.0,8.851963746223564
CTJ,724.0,660.0,64.0,8.83977900552486
KTKD,724.0,660.0,64.0,8.83977900552486
LEK,724.0,660.0,64.0,8.83977900552486
SLHA,724.0,660.0,64.0,8.83977900552486
SKBR,724.0,660.0,64.0,8.83977900552486
MZHL,724.0,660.0,64.0,8.83977900552486
DRGM,724.0,660.0,64.0,8.83977900552486
KNC,724.0,660.0,64.0,8.83977900552486
DMYA,724.0,660.0,64.0,8.83977900552486
BARD,724.0,660.0,64.0,8.83977900552486
BSDL,724.0,660.0,64.0,8.83977900552486
PWK,724.0,660.0,64.0,8.83977900552486
SSGJ,724.0,660.0,64.0,8.83977900552486
PPY,1460.0,1331.0,129.0,8.835616438356164
CKN,1460.0,1331.0,129.0,8.835616438356164
GNN,1460.0,1331.0,129.0,8.835616438356164
MTMI,1460.0,1331.0,129.0,8.835616438356164
MLMG,1460.0,1331.0,129.0,8.835616438356164
TNGM,1460.0,1331.0,129.0,8.835616438356164
PNDP,1460.0,1331.0,129.0,8.835616438356164
CVV,1460.0,1331.0,129.0,8.835616438356164
CC,9138.0,8331.0,807.0,8.831254103742612
TAC,1825.0,1664.0,161.0,8.821917808219178
HMH,15437.0,14077.0,1360.0,8.810001943382781
BTT,21334.0,19457.0,1877.0,8.798162557420081
MKO,6561.0,5984.0,577.0,8.794391098917847
PTKC,16469.0,15025.0,1444.0,8.767988341732954
EKNR,4370.0,3987.0,383.0,8.764302059496568
SRGH,4693.0,4282.0,411.0,8.757724270189644
BAY,10080.0,9198.0,882.0,8.75
MCTM,8655.0,7899.0,756.0,8.734835355285963
KD,4168.0,3805.0,363.0,8.709213051823417
MCV,4168.0,3805.0,363.0,8.709213051823417
SWO,1068.0,975.0,93.0,8.707865168539326
PAZ,8395.0,7665.0,730.0,8.695652173913043
GBA,9594.0,8761.0,833.0,8.682509902022097
DDA,9021.0,8238.0,783.0,8.679747256401729
BWI,2190.0,2000.0,190.0,8.67579908675799
HDE,7809.0,7133.0,676.0,8.65667819182994
MAGH,1460.0,1334.0,126.0,8.63013698630137
KOTI,1068.0,976.0,92.0,8.614232209737828
TSL,1068.0,976.0,92.0,8.614232209737828
GMM,1068.0,976.0,92.0,8.614232209737828
BENA,3337.0,3050.0,287.0,8.600539406652683
BQR,11844.0,10827.0,1017.0,8.58662613981763
UMN,4171.0,3813.0,358.0,8.58307360345241
JIBI,3337.0,3051.0,286.0,8.570572370392568
CRW,3285.0,3004.0,281.0,8.554033485540335
JUP,3285.0,3004.0,281.0,8.554033485540335
TBAE,2086.0,1908.0,178.0,8.533077660594438
PSD,2555.0,2337.0,218.0,8.53228962818004
TR,2555.0,2337.0,218.0,8.53228962818004
NRA,2816.0,2576.0,240.0,8.522727272727272
KRH,10635.0,9730.0,905.0,8.50963798777621
LKBL,1460.0,1336.0,124.0,8.493150684931507
KEI,9697.0,8875.0,822.0,8.476848509848407
BHUJ,4555.0,4169.0,386.0,8.474204171240395
RK,21183.0,19388.0,1795.0,8.473776141245338
VV,5110.0,4677.0,433.0,8.473581213307241
CGS,5005.0,4581.0,424.0,8.471528471528472
MKSR,5097.0,4666.0,431.0,8.455954483029233
BDTS,16976.0,15546.0,1430.0,8.423656927426956
AJI,5632.0,5158.0,474.0,8.416193181818182
PATI,2190.0,2006.0,184.0,8.401826484018265
GOVR,2190.0,2006.0,184.0,8.401826484018265
BNGY,2190.0,2006.0,184.0,8.401826484018265
CRV,2190.0,2006.0,184.0,8.401826484018265
LKNR,2190.0,2006.0,184.0,8.401826484018265
ORW,2190.0,2006.0,184.0,8.401826484018265
KZC,4548.0,4166.0,382.0,8.39929639401935
GMH,9117.0,8354.0,763.0,8.3689810244598
CWN,3285.0,3011.0,274.0,8.340943683409437
JBW,3285.0,3011.0,274.0,8.340943683409437
RKSN,10084.0,9243.0,841.0,8.339944466481555
VSG,4692.0,4301.0,391.0,8.333333333333332
BLDI,8400.0,7700.0,700.0,8.333333333333332
STL,9905.0,9080.0,825.0,8.329126703685008
RMD,6969.0,6389.0,580.0,8.32257138757354
DEG,9496.0,8706.0,790.0,8.319292333614154
STD,8186.0,7505.0,681.0,8.31908135841681
BDBG,3285.0,3012.0,273.0,8.310502283105023
KPJ,626.0,574.0,52.0,8.30670926517572
AMD,626.0,574.0,52.0,8.30670926517572
DIT,626.0,574.0,52.0,8.30670926517572
MRDP,626.0,574.0,52.0,8.30670926517572
GSI,626.0,574.0,52.0,8.30670926517572
RWO,5377.0,4931.0,446.0,8.294588060256649
BRAM,4276.0,3922.0,354.0,8.278765201122544
KMD,5474.0,5021.0,453.0,8.275484106686152
AMSA,5005.0,4591.0,414.0,8.271728271728271
GNC,6982.0,6405.0,577.0,8.264107705528502
MHHR,2920.0,2679.0,241.0,8.253424657534246
CKLT,2920.0,2679.0,241.0,8.253424657534246
BWK,8030.0,7368.0,662.0,8.244084682440848
KRLA,1615.0,1482.0,133.0,8.235294117647058
MDF,9490.0,8709.0,781.0,8.229715489989463
GVD,8093.0,7429.0,664.0,8.204621277647348
PEN,5228.0,4800.0,428.0,8.186687069625096
ARR,5632.0,5171.0,461.0,8.185369318181818
VP,2920.0,2681.0,239.0,8.184931506849315
BNL,2920.0,2681.0,239.0,8.184931506849315
HGI,2920.0,2681.0,239.0,8.184931506849315
FRDH,1460.0,1341.0,119.0,8.150684931506849
DDNA,1460.0,1341.0,119.0,8.150684931506849
YDV,1460.0,1341.0,119.0,8.150684931506849
GNGL,1460.0,1341.0,119.0,8.150684931506849
POE,6396.0,5875.0,521.0,8.14571607254534
SLN,12600.0,11574.0,1026.0,8.142857142857144
MOU,6569.0,6035.0,534.0,8.12909118587304
NGRH,2035.0,1870.0,165.0,8.108108108108109
KANS,2920.0,2684.0,236.0,8.082191780821917
SASG,2920.0,2684.0,236.0,8.082191780821917
STDR,2920.0,2684.0,236.0,8.082191780821917
CHA,2190.0,2013.0,177.0,8.082191780821917
CTRD,2920.0,2684.0,236.0,8.082191780821917
KLQ,4380.0,4026.0,354.0,8.082191780821917
DOA,2190.0,2013.0,177.0,8.082191780821917
CAPE,7648.0,7031.0,617.0,8.067468619246862
AYC,16830.0,15475.0,1355.0,8.051099227569816
DWZ,1460.0,1343.0,117.0,8.013698630136986
SBBJ,3962.0,3645.0,317.0,8.001009591115599
CHV,9125.0,8395.0,730.0,8.0
RAM,3650.0,3358.0,292.0,8.0
LPI,19743.0,18168.0,1575.0,7.977511016562833
VTN,8458.0,7785.0,673.0,7.956963821234335
APT,10461.0,9629.0,832.0,7.9533505401013285
CHD,6153.0,5664.0,489.0,7.947342759629448
DGG,16841.0,15504.0,1337.0,7.938958494151178
BIA,11844.0,10904.0,940.0,7.936507936507936
RHG,9567.0,8808.0,759.0,7.933521480087801
SNT,21380.0,19684.0,1696.0,7.932647333956969
JSGR,3964.0,3650.0,314.0,7.9212916246215945
LUNI,15403.0,14183.0,1220.0,7.920534960721937
VGN,8458.0,7789.0,669.0,7.909671317096239
HW,21663.0,19950.0,1713.0,7.907492037113974
ALK,6935.0,6387.0,548.0,7.9019466474405196
MNE,23490.0,21635.0,1855.0,7.8969774372073225
KMNR,1786.0,1645.0,141.0,7.894736842105263
URMA,5630.0,5186.0,444.0,7.886323268206039
TAO,5630.0,5186.0,444.0,7.886323268206039
KTD,5630.0,5186.0,444.0,7.886323268206039
SADP,5267.0,4852.0,415.0,7.879248148851338
LTD,2920.0,2690.0,230.0,7.876712328767123
VTJ,5840.0,5380.0,460.0,7.876712328767123
SIL,12094.0,11144.0,950.0,7.855134777575658
TSF,2190.0,2018.0,172.0,7.853881278538813
BVN,2190.0,2018.0,172.0,7.853881278538813
SLZ,2190.0,2018.0,172.0,7.853881278538813
GLBA,2190.0,2018.0,172.0,7.853881278538813
MMB,2190.0,2018.0,172.0,7.853881278538813
DLMH,2190.0,2018.0,172.0,7.853881278538813
SRVX,2920.0,2691.0,229.0,7.842465753424658
MJO,2920.0,2691.0,229.0,7.842465753424658
NRZB,4693.0,4325.0,368.0,7.841466013211165
KS,2555.0,2355.0,200.0,7.8277886497064575
BRJN,7194.0,6631.0,563.0,7.825966082846817
SJV,4172.0,3846.0,326.0,7.813998082454458
VARD,7029.0,6480.0,549.0,7.810499359795134
GWS,2920.0,2692.0,228.0,7.808219178082192
RMJK,2920.0,2692.0,228.0,7.808219178082192
BRYA,18683.0,17226.0,1457.0,7.798533426109297
KGM,4389.0,4047.0,342.0,7.792207792207792
TLGP,3959.0,3652.0,307.0,7.754483455418034
SRF,3959.0,3652.0,307.0,7.754483455418034
ANF,3959.0,3652.0,307.0,7.754483455418034
NLD,8354.0,7707.0,647.0,7.744792913574336
RGD,8354.0,7707.0,647.0,7.744792913574336
AHU,1460.0,1347.0,113.0,7.739726027397261
MHBG,1460.0,1347.0,113.0,7.739726027397261
MHBZ,1460.0,1347.0,113.0,7.739726027397261
STLR,5466.0,5044.0,422.0,7.720453713867545
BTF,4745.0,4379.0,366.0,7.713382507903057
MUD,5840.0,5390.0,450.0,7.705479452054795
TIA,8079.0,7457.0,622.0,7.6989726451293485
TKB,2084.0,1924.0,160.0,7.677543186180421
UJA,6878.0,6350.0,528.0,7.676650189008432
AADR,4379.0,4043.0,336.0,7.672984699703128
WIRR,1095.0,1011.0,84.0,7.671232876712329
NBA,5908.0,5455.0,453.0,7.667569397427218
BLTR,9437.0,8715.0,722.0,7.650736462858959
DAVM,4641.0,4286.0,355.0,7.649213531566473
SDY,3650.0,3371.0,279.0,7.6438356164383565
CRWA,5302.0,4897.0,405.0,7.638626933232742
BNZ,13091.0,12092.0,999.0,7.631197005576349
JTP,1669.0,1542.0,127.0,7.609346914319952
MG,4380.0,4047.0,333.0,7.602739726027398
AWR,19081.0,17634.0,1447.0,7.583459986373879
CKU,8562.0,7913.0,649.0,7.580004671805653
BRY,5516.0,5098.0,418.0,7.577955039883974
TWB,5319.0,4916.0,403.0,7.576612145140064
MOR,5760.0,5324.0,436.0,7.569444444444444
UJ,3650.0,3374.0,276.0,7.561643835616438
ALMR,3650.0,3374.0,276.0,7.561643835616438
BEHS,8566.0,7919.0,647.0,7.553116974083586
IB,2920.0,2700.0,220.0,7.534246575342466
HGR,2920.0,2700.0,220.0,7.534246575342466
KPRR,2920.0,2700.0,220.0,7.534246575342466
BYN,5686.0,5258.0,428.0,7.527259936686599
KOJ,12988.0,12011.0,977.0,7.522328303048968
BTS,6981.0,6457.0,524.0,7.506087953015328
SAU,2971.0,2748.0,223.0,7.505890272635477
SRGR,7163.0,6626.0,537.0,7.496858858020383
RNV,5097.0,4715.0,382.0,7.4946046694133805
MSSD,3285.0,3039.0,246.0,7.488584474885844
TRL,14235.0,13169.0,1066.0,7.488584474885844
BRM,4275.0,3955.0,320.0,7.485380116959065
HG,4883.0,4518.0,365.0,7.474912963342208
SIC,3560.0,3294.0,266.0,7.47191011235955
KVX,3560.0,3294.0,266.0,7.47191011235955
JTU,3560.0,3294.0,266.0,7.47191011235955
POF,3560.0,3294.0,266.0,7.47191011235955
AMS,3560.0,3294.0,266.0,7.47191011235955
AJ,3560.0,3294.0,266.0,7.47191011235955
TALL,7249.0,6708.0,541.0,7.463098358394261
ON,23409.0,21662.0,1747.0,7.462941603656713
CAP,13194.0,12211.0,983.0,7.450356222525391
SGRD,4015.0,3716.0,299.0,7.447073474470735
JNL,4741.0,4388.0,353.0,7.44568656401603
DPL,5110.0,4730.0,380.0,7.436399217221135
AONI,834.0,772.0,62.0,7.434052757793765
MLX,4380.0,4055.0,325.0,7.4200913242009126
NNKR,4380.0,4055.0,325.0,7.4200913242009126
AJL,4380.0,4055.0,325.0,7.4200913242009126
BBSN,10368.0,9599.0,769.0,7.417052469135803
KGB,6570.0,6083.0,487.0,7.412480974124809
CAPC,2190.0,2028.0,162.0,7.397260273972603
KLJI,2190.0,2028.0,162.0,7.397260273972603
KLV,9188.0,8512.0,676.0,7.357422725293862
MHRN,3650.0,3382.0,268.0,7.3424657534246585
TKV,3650.0,3382.0,268.0,7.3424657534246585
MSK,6675.0,6185.0,490.0,7.340823970037453
VDL,4796.0,4444.0,352.0,7.339449541284404
URI,11909.0,11035.0,874.0,7.338987320513897
JGM,10691.0,9907.0,784.0,7.333270975586942
RKI,8760.0,8120.0,640.0,7.30593607305936
BERO,8760.0,8120.0,640.0,7.30593607305936
MLTR,5278.0,4893.0,385.0,7.294429708222812
PKQ,5278.0,4893.0,385.0,7.294429708222812
PRL,3857.0,3576.0,281.0,7.285455016852476
MOGA,5631.0,5221.0,410.0,7.28112235837329
JGN,5631.0,5221.0,410.0,7.28112235837329
DDL,5316.0,4929.0,387.0,7.279909706546276
ZRDE,5006.0,4642.0,364.0,7.2712744706352375
BBM,9906.0,9186.0,720.0,7.268322228952149
SOA,4432.0,4110.0,322.0,7.265342960288809
KSMB,4312.0,3999.0,313.0,7.258812615955473
DBL,8604.0,7980.0,624.0,7.252440725244072
GZN,6205.0,5755.0,450.0,7.2522159548751
MOTH,3560.0,3302.0,258.0,7.247191011235955
TET,7300.0,6771.0,529.0,7.2465753424657535
MS,23903.0,22172.0,1731.0,7.241768815629837
ROHA,6677.0,6194.0,483.0,7.2337876291747785
RPH,32570.0,30214.0,2356.0,7.23365059871047
DOB,4588.0,4257.0,331.0,7.214472537053182
SIPR,2555.0,2371.0,184.0,7.201565557729942
TH,2712.0,2517.0,195.0,7.1902654867256635
PGK,7087.0,6579.0,508.0,7.168054183716664
PMYA,5196.0,4824.0,372.0,7.159353348729793
KGG,27671.0,25692.0,1979.0,7.151891872357341
KNP,6156.0,5716.0,440.0,7.147498375568551
TKN,4380.0,4067.0,313.0,7.146118721461186
SBHR,5429.0,5042.0,387.0,7.128384601215694
MFL,1095.0,1017.0,78.0,7.123287671232877
JDB,3650.0,3390.0,260.0,7.123287671232877
JYP,3650.0,3390.0,260.0,7.123287671232877
MUZ,3650.0,3390.0,260.0,7.123287671232877
DXH,3650.0,3390.0,260.0,7.123287671232877
RJK,5106.0,4743.0,363.0,7.109283196239718
BOE,22445.0,20850.0,1595.0,7.10625974604589
KML,6143.0,5707.0,436.0,7.097509360247437
PRND,7238.0,6725.0,513.0,7.087593257806024
GIN,5401.0,5019.0,382.0,7.072764302906869
GTS,10178.0,9459.0,719.0,7.064256238946748
GHH,11107.0,10323.0,784.0,7.05861168632394
BNP,5417.0,5035.0,382.0,7.0518737308473325
STW,5023.0,4669.0,354.0,7.0475811268166435
MMV,6226.0,5789.0,437.0,7.0189527786700925
PRP,6570.0,6109.0,461.0,7.016742770167427
BTC,8812.0,8195.0,617.0,7.001815705855652
RKB,10841.0,10083.0,758.0,6.9919749100636475
BPA,10284.0,9565.0,719.0,6.991443018280824
KCKI,5110.0,4753.0,357.0,6.986301369863014
TLM,1460.0,1358.0,102.0,6.986301369863014
KNE,26105.0,24282.0,1823.0,6.983336525569814
KRND,4485.0,4172.0,313.0,6.978818283166109
ANPR,731.0,680.0,51.0,6.976744186046512
SKTN,731.0,680.0,51.0,6.976744186046512
RECH,2911.0,2708.0,203.0,6.973548608725524
BCOB,5808.0,5403.0,405.0,6.973140495867769
MVN,2009.0,1869.0,140.0,6.968641114982578
BGS,20382.0,18967.0,1415.0,6.942400157001276
PHN,7348.0,6838.0,510.0,6.9406641262928686
VKB,15844.0,14745.0,1099.0,6.936379702095429
PFT,9071.0,8442.0,629.0,6.9341858670488365
ZBD,7561.0,7037.0,524.0,6.930300224837985
SNL,2555.0,2378.0,177.0,6.9275929549902155
STPD,8320.0,7744.0,576.0,6.923076923076923
SBB,26070.0,24267.0,1803.0,6.915995397008055
NOMD,2187.0,2036.0,151.0,6.9044352994970275
GZH,10210.0,9506.0,704.0,6.895200783545544
KPS,4380.0,4078.0,302.0,6.894977168949771
DO,16949.0,15782.0,1167.0,6.885361968257714
CDM,11127.0,10361.0,766.0,6.884155657409904
MAN,9333.0,8692.0,641.0,6.868102432229723
KER,4380.0,4080.0,300.0,6.8493150684931505
GLU,1460.0,1360.0,100.0,6.8493150684931505
DGDG,1460.0,1360.0,100.0,6.8493150684931505
REG,1460.0,1360.0,100.0,6.8493150684931505
KSK,1460.0,1360.0,100.0,6.8493150684931505
TPZ,11989.0,11168.0,821.0,6.847943948619569
MMCT,12310.0,11470.0,840.0,6.823720552396425
DAA,14578.0,13585.0,993.0,6.811633968994375
DNR,36755.0,34254.0,2501.0,6.8045163923275735
PHS,3650.0,3402.0,248.0,6.794520547945206
DAU,3650.0,3402.0,248.0,6.794520547945206
AMB,7301.0,6805.0,496.0,6.793589919189152
CKM,3650.0,3403.0,247.0,6.767123287671232
KRLI,5839.0,5445.0,394.0,6.747730775817777
KART,5839.0,5445.0,394.0,6.747730775817777
BJW,4745.0,4425.0,320.0,6.743940990516332
MDKD,9490.0,8850.0,640.0,6.743940990516332
PRT,4486.0,4184.0,302.0,6.732055283102987
EKMA,10626.0,9911.0,715.0,6.728778467908903
SIOB,7007.0,6536.0,471.0,6.721849578992437
DBSI,9855.0,9193.0,662.0,6.71740233384069
SVB,2920.0,2724.0,196.0,6.712328767123288
DEOS,23011.0,21467.0,1544.0,6.709834427013167
NOK,8588.0,8012.0,576.0,6.707033069399161
TKJ,19030.0,17754.0,1276.0,6.705202312138728
GNH,6761.0,6309.0,452.0,6.685401567815412
HTE,14998.0,13996.0,1002.0,6.680890785438058
KSP,6453.0,6023.0,430.0,6.6635673330233995
BNR,10556.0,9853.0,703.0,6.659719590754073
SAN,6570.0,6133.0,437.0,6.651445966514459
PCK,5162.0,4819.0,343.0,6.644711352189074
NIR,9959.0,9299.0,660.0,6.627171402751281
SNC,2943.0,2748.0,195.0,6.625891946992865
NGA,4171.0,3895.0,276.0,6.617118197075042
RDE,2920.0,2727.0,193.0,6.609589041095891
BNCR,2920.0,2727.0,193.0,6.609589041095891
SHLK,2920.0,2727.0,193.0,6.609589041095891
IZN,11522.0,10761.0,761.0,6.604756118729388
BLNR,4679.0,4370.0,309.0,6.603975208377859
SCL,5501.0,5138.0,363.0,6.598800218142157
TQN,940.0,878.0,62.0,6.595744680851063
MJPB,940.0,878.0,62.0,6.595744680851063
DDW,940.0,878.0,62.0,6.595744680851063
BIK,940.0,878.0,62.0,6.595744680851063
BXM,940.0,878.0,62.0,6.595744680851063
PLK,940.0,878.0,62.0,6.595744680851063
KYBR,940.0,878.0,62.0,6.595744680851063
BIC,940.0,878.0,62.0,6.595744680851063
SRT,11981.0,11191.0,790.0,6.593773474668224
CSZ,11128.0,10397.0,731.0,6.56901509705248
PPTA,18138.0,16947.0,1191.0,6.56632484287132
TGA,9176.0,8574.0,602.0,6.560592850915431
PRTP,4015.0,3752.0,263.0,6.550435865504359
BLL,3650.0,3411.0,239.0,6.5479452054794525
SML,4464.0,4172.0,292.0,6.5412186379928325
CW,5423.0,5069.0,354.0,6.527752166697399
PTNR,8812.0,8237.0,575.0,6.525192918747163
JP,47383.0,44293.0,3090.0,6.521326214043011
MFJ,1825.0,1706.0,119.0,6.520547945205479
LTRR,7232.0,6762.0,470.0,6.498893805309734
PMN,1370.0,1281.0,89.0,6.4963503649635035
MSV,1370.0,1281.0,89.0,6.4963503649635035
PIC,1370.0,1281.0,89.0,6.4963503649635035
ERC,1370.0,1281.0,89.0,6.4963503649635035
LLR,1370.0,1281.0,89.0,6.4963503649635035
BNAR,1370.0,1281.0,89.0,6.4963503649635035
RPGU,1370.0,1281.0,89.0,6.4963503649635035
URG,1370.0,1281.0,89.0,6.4963503649635035
MLS,1370.0,1281.0,89.0,6.4963503649635035
ATA,1370.0,1281.0,89.0,6.4963503649635035
PRN,1370.0,1281.0,89.0,6.4963503649635035
NDK,1370.0,1281.0,89.0,6.4963503649635035
GRM,1370.0,1281.0,89.0,6.4963503649635035
TLNH,1370.0,1281.0,89.0,6.4963503649635035
CNH,1370.0,1281.0,89.0,6.4963503649635035
DFR,2190.0,2048.0,142.0,6.4840182648401825
NRDP,2084.0,1949.0,135.0,6.477927063339731
VNUP,2084.0,1949.0,135.0,6.477927063339731
NGO,8901.0,8325.0,576.0,6.471183013144591
TAV,3650.0,3414.0,236.0,6.465753424657534
ARA,35974.0,33650.0,2324.0,6.460221270917884
NASP,1564.0,1463.0,101.0,6.457800511508951
MRYA,1460.0,1366.0,94.0,6.438356164383562
NNP,730.0,683.0,47.0,6.438356164383562
MUH,730.0,683.0,47.0,6.438356164383562
GKD,1460.0,1366.0,94.0,6.438356164383562
GIHT,730.0,683.0,47.0,6.438356164383562
MIN,730.0,683.0,47.0,6.438356164383562
VJD,1460.0,1366.0,94.0,6.438356164383562
KARH,730.0,683.0,47.0,6.438356164383562
VVV,1460.0,1366.0,94.0,6.438356164383562
KYM,1460.0,1366.0,94.0,6.438356164383562
DGJ,1460.0,1366.0,94.0,6.438356164383562
RBJ,730.0,683.0,47.0,6.438356164383562
NSA,730.0,683.0,47.0,6.438356164383562
DHE,2503.0,2342.0,161.0,6.432281262485018
DHA,6570.0,6148.0,422.0,6.423135464231354
RV,6359.0,5951.0,408.0,6.416103160874351
GMR,9073.0,8491.0,582.0,6.414636834564091
BUW,7657.0,7168.0,489.0,6.386313177484655
HRSB,5083.0,4759.0,324.0,6.374188471375172
HET,1460.0,1367.0,93.0,6.36986301369863
JJ,1460.0,1367.0,93.0,6.36986301369863
MIA,1460.0,1367.0,93.0,6.36986301369863
ARI,1460.0,1367.0,93.0,6.36986301369863
LC,3754.0,3515.0,239.0,6.366542354821523
NS,9778.0,9156.0,622.0,6.36121906320311
JRC,27734.0,25974.0,1760.0,6.34600129804572
ANVT,17916.0,16782.0,1134.0,6.329537843268588
BPR,10688.0,10012.0,676.0,6.324850299401199
PJGM,5083.0,4762.0,321.0,6.315168207751327
PMPE,5083.0,4762.0,321.0,6.315168207751327
BJBA,5083.0,4762.0,321.0,6.315168207751327
SDUA,5083.0,4762.0,321.0,6.315168207751327
KAPE,5083.0,4762.0,321.0,6.315168207751327
AMH,7195.0,6741.0,454.0,6.309937456567061
KPI,4394.0,4117.0,277.0,6.304050978607191
IGRL,1460.0,1368.0,92.0,6.301369863013699
JIR,1460.0,1368.0,92.0,6.301369863013699
PCT,1460.0,1368.0,92.0,6.301369863013699
BSWD,1460.0,1368.0,92.0,6.301369863013699
VJK,730.0,684.0,46.0,6.301369863013699
PEH,1460.0,1368.0,92.0,6.301369863013699
MND,2920.0,2736.0,184.0,6.301369863013699
HTGR,1460.0,1368.0,92.0,6.301369863013699
JA,1460.0,1368.0,92.0,6.301369863013699
DMG,2920.0,2736.0,184.0,6.301369863013699
CKYD,2190.0,2053.0,137.0,6.255707762557078
CSA,6570.0,6159.0,411.0,6.255707762557078
GOX,2190.0,2053.0,137.0,6.255707762557078
TTI,2190.0,2053.0,137.0,6.255707762557078
PDPL,9302.0,8721.0,581.0,6.245968608901312
PVP,10684.0,10017.0,667.0,6.242980157244478
CHUA,3493.0,3275.0,218.0,6.241053535642714
HSR,18089.0,16961.0,1128.0,6.235833932224003
DGA,12337.0,11571.0,766.0,6.208964902326335
MWM,6622.0,6211.0,411.0,6.206584113560858
GB,6948.0,6517.0,431.0,6.203223949337939
HRN,4290.0,4024.0,266.0,6.200466200466201
PAW,6570.0,6163.0,407.0,6.19482496194825
BRK,3650.0,3424.0,226.0,6.191780821917808
MBNL,5375.0,5043.0,332.0,6.176744186046512
JOR,5375.0,5043.0,332.0,6.176744186046512
CNB,78218.0,73399.0,4819.0,6.160985962310465
KCT,2711.0,2544.0,167.0,6.1600885282183695
GCT,14817.0,13905.0,912.0,6.1550921239117224
MIU,6570.0,6166.0,404.0,6.149162861491629
GRJ,5840.0,5481.0,359.0,6.147260273972602
NGDM,5840.0,5481.0,359.0,6.147260273972602
PRBG,5840.0,5481.0,359.0,6.147260273972602
PKW,8759.0,8221.0,538.0,6.142253681927161
NLE,11889.0,11159.0,730.0,6.1401295314997055
MKWI,522.0,490.0,32.0,6.130268199233716
BPKH,522.0,490.0,32.0,6.130268199233716
PUHT,522.0,490.0,32.0,6.130268199233716
DHO,13867.0,13017.0,850.0,6.129660344703252
KSI,8768.0,8231.0,537.0,6.124543795620438
SHZ,2163.0,2031.0,132.0,6.102635228848821
JTO,2163.0,2031.0,132.0,6.102635228848821
BAHI,1460.0,1371.0,89.0,6.095890410958904
BOMN,1460.0,1371.0,89.0,6.095890410958904
BPH,7093.0,6661.0,432.0,6.090511772169744
HPU,16913.0,15883.0,1030.0,6.089989948560278
KNF,2398.0,2252.0,146.0,6.0884070058381985
KJT,9022.0,8473.0,549.0,6.085125249390379
CVP,14067.0,13212.0,855.0,6.078055022392834
GYM,5735.0,5387.0,348.0,6.068003487358326
DHPR,2919.0,2742.0,177.0,6.063720452209661
GHG,2919.0,2742.0,177.0,6.063720452209661
BHRL,5840.0,5489.0,351.0,6.01027397260274
VBL,11101.0,10434.0,667.0,6.008467705612107
GUH,4380.0,4117.0,263.0,6.004566210045662
RGPM,2185.0,2054.0,131.0,5.995423340961099
CI,6961.0,6544.0,417.0,5.990518603648901
SCI,4693.0,4412.0,281.0,5.9876411676965695
DER,6935.0,6520.0,415.0,5.984138428262437
PM,10481.0,9854.0,627.0,5.982253601755557
PAY,13558.0,12747.0,811.0,5.981708216551114
PDNR,2011.0,1891.0,120.0,5.967180507210343
PKA,7405.0,6964.0,441.0,5.9554355165428765
BE,33510.0,31516.0,1994.0,5.950462548492987
SVHE,6423.0,6041.0,382.0,5.947376615288806
VS,5840.0,5493.0,347.0,5.941780821917808
FTG,2190.0,2060.0,130.0,5.93607305936073
AMRO,12096.0,11378.0,718.0,5.935846560846561
TKBG,7079.0,6659.0,420.0,5.93304139002684
BDXT,7822.0,7358.0,464.0,5.931986704167732
SMDP,7822.0,7358.0,464.0,5.931986704167732
JTS,6570.0,6183.0,387.0,5.89041095890411
TLH,5110.0,4810.0,300.0,5.870841487279844
YNK,14880.0,14007.0,873.0,5.866935483870968
MAU,18768.0,17668.0,1100.0,5.861040068201193
JKN,7960.0,7494.0,466.0,5.8542713567839195
UBC,17562.0,16534.0,1028.0,5.853547431955358
JHD,14323.0,13486.0,837.0,5.843747818194513
BPHB,19094.0,17983.0,1111.0,5.818581753430397
BHTR,7926.0,7465.0,461.0,5.816300782235681
BKU,3650.0,3438.0,212.0,5.808219178082192
JOC,11363.0,10705.0,658.0,5.7907242805597114
KZE,13089.0,12332.0,757.0,5.783482313392925
ATPA,5590.0,5267.0,323.0,5.778175313059034
ANT,5590.0,5267.0,323.0,5.778175313059034
QG,5590.0,5267.0,323.0,5.778175313059034
TIP,1317.0,1241.0,76.0,5.770690964312832
KLPM,1317.0,1241.0,76.0,5.770690964312832
KGE,5840.0,5503.0,337.0,5.77054794520548
SGC,5840.0,5503.0,337.0,5.77054794520548
WRI,5840.0,5503.0,337.0,5.77054794520548
LNW,5840.0,5503.0,337.0,5.77054794520548
KAYI,5840.0,5503.0,337.0,5.77054794520548
GRHX,5840.0,5503.0,337.0,5.77054794520548
KFX,5840.0,5503.0,337.0,5.77054794520548
MKDI,730.0,688.0,42.0,5.7534246575342465
BTH,9578.0,9027.0,551.0,5.7527667571518055
SMR,10061.0,9483.0,578.0,5.744955769804195
NVRD,6250.0,5892.0,358.0,5.728
MRND,6882.0,6488.0,394.0,5.725079918628306
BKI,18088.0,17053.0,1035.0,5.722025652366209
THE,10756.0,10141.0,615.0,5.717738936407586
SBP,16012.0,15097.0,915.0,5.7144641518860855
PMR,4745.0,4474.0,271.0,5.711275026343519
GIMB,7320.0,6902.0,418.0,5.7103825136612025
TIG,15324.0,14450.0,874.0,5.703471678412947
UBR,11709.0,11043.0,666.0,5.687932359723289
BKL,2919.0,2753.0,166.0,5.686879068174032
KUA,8076.0,7617.0,459.0,5.683506686478455
LJN,13128.0,12383.0,745.0,5.674893357708714
RPAR,6987.0,6591.0,396.0,5.6676685272649205
BWSN,8187.0,7723.0,464.0,5.667521680713326
JNU,14358.0,13546.0,812.0,5.655383758183591
BGKT,12767.0,12045.0,722.0,5.655204824939297
SZM,16789.0,15840.0,949.0,5.652510572398594
DMC,3647.0,3441.0,206.0,5.648478201261311
MHO,2815.0,2656.0,159.0,5.648312611012433
NAKD,2815.0,2656.0,159.0,5.648312611012433
HMPR,2815.0,2656.0,159.0,5.648312611012433
PPH,2815.0,2656.0,159.0,5.648312611012433
PNRA,2815.0,2656.0,159.0,5.648312611012433
BU,4589.0,4330.0,259.0,5.643931139681848
KLKA,2274.0,2146.0,128.0,5.628847845206685
JOH,4380.0,4134.0,246.0,5.616438356164384
DEP,4380.0,4134.0,246.0,5.616438356164384
MIO,4380.0,4134.0,246.0,5.616438356164384
SMNN,4380.0,4134.0,246.0,5.616438356164384
GGA,7926.0,7481.0,445.0,5.6144335099671965
KTHU,12511.0,11809.0,702.0,5.611062265206619
UDL,25078.0,23671.0,1407.0,5.610495254805008
BELA,11991.0,11319.0,672.0,5.604203152364273
MHH,3285.0,3101.0,184.0,5.601217656012176
JTB,3285.0,3101.0,184.0,5.601217656012176
BNG,6036.0,5698.0,338.0,5.59973492379059
FA,14675.0,13854.0,821.0,5.5945485519591145
KRBP,9826.0,9278.0,548.0,5.577040504783228
KPNA,7300.0,6894.0,406.0,5.561643835616438
MZV,2086.0,1970.0,116.0,5.560882070949185
SDT,7196.0,6796.0,400.0,5.558643690939411
AAL,9178.0,8668.0,510.0,5.556766179995642
BATL,3547.0,3350.0,197.0,5.553989286721173
DRSN,3547.0,3350.0,197.0,5.553989286721173
MNP,9714.0,9175.0,539.0,5.548692608606135
BUA,5840.0,5516.0,324.0,5.5479452054794525
SSIA,1641.0,1550.0,91.0,5.545399146861669
TUL,1641.0,1550.0,91.0,5.545399146861669
TRAN,1641.0,1550.0,91.0,5.545399146861669
MDE,11350.0,10721.0,629.0,5.541850220264317
JAA,12775.0,12068.0,707.0,5.534246575342466
KPN,14064.0,13286.0,778.0,5.531854379977247
BALU,17584.0,16613.0,971.0,5.522065514103731
MEH,1460.0,1380.0,80.0,5.47945205479452
PLU,1460.0,1380.0,80.0,5.47945205479452
NKDO,1460.0,1380.0,80.0,5.47945205479452
TIM,1460.0,1380.0,80.0,5.47945205479452
BN,6828.0,6454.0,374.0,5.4774458113649676
DDP,5527.0,5225.0,302.0,5.464085398950607
SGR,5130.0,4850.0,280.0,5.458089668615984
BST,23797.0,22499.0,1298.0,5.454469050720679
BEF,2920.0,2761.0,159.0,5.445205479452055
ROB,2920.0,2761.0,159.0,5.445205479452055
JDI,2920.0,2761.0,159.0,5.445205479452055
DGB,1251.0,1183.0,68.0,5.435651478816946
HCM,1251.0,1183.0,68.0,5.435651478816946
RMC,2190.0,2071.0,119.0,5.433789954337899
GD,31556.0,29844.0,1712.0,5.425275700342249
HSP,2554.0,2416.0,138.0,5.403288958496476
BJD,7300.0,6906.0,394.0,5.397260273972602
DKT,3284.0,3107.0,177.0,5.389768574908648
RIGA,4015.0,3799.0,216.0,5.379825653798257
SCP,4015.0,3799.0,216.0,5.379825653798257
SHDM,6570.0,6218.0,352.0,5.357686453576864
MCI,13004.0,12308.0,696.0,5.352199323285143
JMDG,2282.0,2160.0,122.0,5.346187554776511
YGL,2190.0,2073.0,117.0,5.342465753424658
DDGA,730.0,691.0,39.0,5.342465753424658
INK,2190.0,2073.0,117.0,5.342465753424658
CLE,2190.0,2073.0,117.0,5.342465753424658
ASAF,3276.0,3101.0,175.0,5.3418803418803416
ULT,9125.0,8639.0,486.0,5.326027397260273
FPS,4095.0,3877.0,218.0,5.323565323565323
RBL,16666.0,15780.0,886.0,5.31621264850594
HAD,7509.0,7110.0,399.0,5.313623651618058
PLHW,2222.0,2104.0,118.0,5.3105310531053105
SASN,7197.0,6815.0,382.0,5.307767125191052
YP,3128.0,2962.0,166.0,5.30690537084399
DWLE,6257.0,5925.0,332.0,5.306057215918171
VNM,2413.0,2285.0,128.0,5.3046000828843765
SEY,4223.0,3999.0,224.0,5.304286052569263
KSG,21195.0,20071.0,1124.0,5.303137532436895
NRK,1645.0,1558.0,87.0,5.288753799392097
PNDM,3649.0,3457.0,192.0,5.261715538503699
RDM,14773.0,13996.0,777.0,5.259595207473093
RPJ,23622.0,22382.0,1240.0,5.2493438320209975
PPN,12140.0,11505.0,635.0,5.230642504118617
KANO,1798.0,1704.0,94.0,5.228031145717464
KMTI,1798.0,1704.0,94.0,5.228031145717464
MDNR,8709.0,8255.0,454.0,5.212998047996326
PDR,3650.0,3460.0,190.0,5.205479452054795
BGAN,3650.0,3460.0,190.0,5.205479452054795
ANSB,7613.0,7217.0,396.0,5.201628792854327
ABR,16550.0,15691.0,859.0,5.190332326283988
BNC,30011.0,28456.0,1555.0,5.181433474392723
UTL,3650.0,3461.0,189.0,5.178082191780821
FRD,3073.0,2914.0,159.0,5.174096973641393
THA,9027.0,8560.0,467.0,5.173368782541265
JDDA,2555.0,2423.0,132.0,5.166340508806262
HRI,16170.0,15335.0,835.0,5.163883735312306
MRA,16581.0,15725.0,856.0,5.1625354321211026
USRA,2190.0,2077.0,113.0,5.159817351598173
MDJ,6048.0,5736.0,312.0,5.158730158730158
PYGS,10324.0,9792.0,532.0,5.1530414567996905
G,33036.0,31335.0,1701.0,5.148928441699964
DLR,8158.0,7738.0,420.0,5.148320666830106
HSX,5110.0,4847.0,263.0,5.146771037181996
KUPR,5110.0,4847.0,263.0,5.146771037181996
VR,13155.0,12478.0,677.0,5.146332193082478
GHNH,1460.0,1385.0,75.0,5.136986301369863
HDD,1460.0,1385.0,75.0,5.136986301369863
TUN,7925.0,7518.0,407.0,5.135646687697161
ZN,12255.0,11626.0,629.0,5.132598939208486
BAU,16873.0,16007.0,866.0,5.132460143424407
ABU,7300.0,6926.0,374.0,5.123287671232877
ADI,37430.0,35515.0,1915.0,5.116216938284798
PIO,2190.0,2078.0,112.0,5.114155251141553
BNY,7866.0,7464.0,402.0,5.110602593440122
GANL,4014.0,3809.0,205.0,5.107125062282012
FUT,26912.0,25541.0,1371.0,5.094381688466112
NWB,1454.0,1380.0,74.0,5.089408528198074
JOBA,1454.0,1380.0,74.0,5.089408528198074
MFQ,1454.0,1380.0,74.0,5.089408528198074
GAJB,1454.0,1380.0,74.0,5.089408528198074
KASR,8401.0,7974.0,427.0,5.082728246637306
SPN,27056.0,25681.0,1375.0,5.082052040212892
SRUR,2186.0,2075.0,111.0,5.077767612076853
MUP,5457.0,5180.0,277.0,5.076049111233279
MBDD,4380.0,4158.0,222.0,5.068493150684931
SKB,13081.0,12419.0,662.0,5.06077517009403
BAHL,6434.0,6109.0,325.0,5.051290021759403
GP,14701.0,13959.0,742.0,5.047275695530916
GJL,10226.0,9712.0,514.0,5.026403285742226
TEA,13540.0,12860.0,680.0,5.022156573116692
SINA,6434.0,6111.0,323.0,5.020205160087038
PLG,19766.0,18774.0,992.0,5.018719012445614
CH,8031.0,7628.0,403.0,5.018055036732661
KCG,25497.0,24218.0,1279.0,5.016276424677413
FDN,4745.0,4507.0,238.0,5.015806111696523
AST,4745.0,4507.0,238.0,5.015806111696523
SELU,9874.0,9379.0,495.0,5.013165890216731
PER,24108.0,22900.0,1208.0,5.010784801725568
ARMU,1557.0,1479.0,78.0,5.009633911368015
DOL,12433.0,11811.0,622.0,5.002815088876377
DBU,6399.0,6079.0,320.0,5.000781372089389
SF,1460.0,1387.0,73.0,5.0
BKPT,1460.0,1387.0,73.0,5.0
PMT,1460.0,1387.0,73.0,5.0
MMPL,1460.0,1387.0,73.0,5.0
ANE,1460.0,1387.0,73.0,5.0
HAQ,1460.0,1387.0,73.0,5.0
MRM,1460.0,1387.0,73.0,5.0
KNLP,1460.0,1387.0,73.0,5.0
SOJN,11597.0,11018.0,579.0,4.992670518237475
STP,10598.0,10069.0,529.0,4.991507831666352
DMA,8760.0,8325.0,435.0,4.965753424657534
MPU,2095.0,1991.0,104.0,4.964200477326969
BVL,2095.0,1991.0,104.0,4.964200477326969
LRD,7300.0,6938.0,362.0,4.958904109589041
KSM,4380.0,4163.0,217.0,4.954337899543379
SRNT,9811.0,9325.0,486.0,4.953623483844664
KIS,5110.0,4857.0,253.0,4.951076320939335
LRJ,16413.0,15603.0,810.0,4.935112410893804
KIU,5006.0,4759.0,247.0,4.934079105073912
JJT,5006.0,4759.0,247.0,4.934079105073912
KZH,5006.0,4759.0,247.0,4.934079105073912
KHV,5006.0,4759.0,247.0,4.934079105073912
BSPH,5006.0,4759.0,247.0,4.934079105073912
SMF,5006.0,4759.0,247.0,4.934079105073912
SAHA,2190.0,2082.0,108.0,4.931506849315069
HSI,3650.0,3470.0,180.0,4.931506849315069
UMB,61116.0,58105.0,3011.0,4.9266967733490405
MHTR,8427.0,8012.0,415.0,4.924646968078794
LLU,3649.0,3470.0,179.0,4.905453548917511
PND,10534.0,10018.0,516.0,4.89842415037023
LGH,10629.0,10109.0,520.0,4.8922758490921066
BHA,2190.0,2083.0,107.0,4.885844748858448
ML,1147.0,1091.0,56.0,4.882301656495205
DEE,17622.0,16762.0,860.0,4.880263307229599
CLJ,5945.0,5655.0,290.0,4.878048780487805
BZK,2920.0,2778.0,142.0,4.863013698630137
KFU,2920.0,2778.0,142.0,4.863013698630137
BZJT,2920.0,2778.0,142.0,4.863013698630137
AMIN,2920.0,2778.0,142.0,4.863013698630137
JLN,1460.0,1389.0,71.0,4.863013698630137
RCP,1460.0,1389.0,71.0,4.863013698630137
NQR,3612.0,3437.0,175.0,4.844961240310078
HYT,8852.0,8424.0,428.0,4.835065521915951
BVC,11769.0,11200.0,569.0,4.834735321607613
BBDE,2920.0,2779.0,141.0,4.828767123287672
RRME,3233.0,3077.0,156.0,4.825239715434581
BVRT,14534.0,13834.0,700.0,4.816292830604101
SV,22705.0,21613.0,1092.0,4.809513323056596
BIDR,9129.0,8690.0,439.0,4.808850914667543
TKD,4953.0,4715.0,238.0,4.805168584696143
OKA,4953.0,4715.0,238.0,4.805168584696143
CTYL,2814.0,2679.0,135.0,4.797441364605544
GTD,5004.0,4764.0,240.0,4.796163069544365
MZZ,5110.0,4866.0,244.0,4.7749510763209395
NARD,1678.0,1598.0,80.0,4.767580452920143
XGN,1678.0,1598.0,80.0,4.767580452920143
SBZ,7020.0,6686.0,334.0,4.7578347578347575
GT,5108.0,4865.0,243.0,4.757243539545811
CIL,2943.0,2803.0,140.0,4.757050628610262
BTP,4641.0,4421.0,220.0,4.740357681534152
BVP,11248.0,10715.0,533.0,4.738620199146515
DOKM,6205.0,5911.0,294.0,4.738114423851733
MCDA,5006.0,4769.0,237.0,4.734318817419097
HLK,2920.0,2782.0,138.0,4.726027397260274
PPT,9491.0,9043.0,448.0,4.720261300179117
DNN,6466.0,6161.0,305.0,4.716981132075472
JLD,5580.0,5317.0,263.0,4.71326164874552
GKP,43898.0,41831.0,2067.0,4.7086427627682355
MSW,8239.0,7852.0,387.0,4.697171986891613
TPTY,29738.0,28343.0,1395.0,4.690967785325173
KTSH,6570.0,6262.0,308.0,4.687975646879757
BARJ,4379.0,4174.0,205.0,4.681434117378397
RAY,5319.0,5070.0,249.0,4.681331077270164
HCP,4380.0,4175.0,205.0,4.680365296803653
SASR,2607.0,2485.0,122.0,4.679708477176832
LPJL,1603.0,1528.0,75.0,4.678727386150967
GAUR,4172.0,3977.0,195.0,4.674017257909875
PMS,5092.0,4854.0,238.0,4.673998428908091
BAKL,5092.0,4854.0,238.0,4.673998428908091
JTR,5092.0,4854.0,238.0,4.673998428908091
MUA,5092.0,4854.0,238.0,4.673998428908091
RSM,5092.0,4854.0,238.0,4.673998428908091
TOI,4708.0,4488.0,220.0,4.672897196261682
POU,4708.0,4488.0,220.0,4.672897196261682
CNI,11892.0,11338.0,554.0,4.658594012781702
GVG,4015.0,3828.0,187.0,4.657534246575342
DAJ,3442.0,3282.0,160.0,4.648460197559558
DME,1981.0,1889.0,92.0,4.644119131751641
VN,7508.0,7160.0,348.0,4.635055940330314
HDL,4380.0,4177.0,203.0,4.634703196347032
KSX,10951.0,10444.0,507.0,4.629714181353301
MB,49114.0,46845.0,2269.0,4.619863989901046
KNN,9959.0,9499.0,460.0,4.618937644341801
BMH,3963.0,3780.0,183.0,4.617713853141559
KRT,2190.0,2089.0,101.0,4.6118721461187215
PLGH,2190.0,2089.0,101.0,4.6118721461187215
SDHA,2190.0,2089.0,101.0,4.6118721461187215
PRZ,4380.0,4178.0,202.0,4.6118721461187215
HDW,4389.0,4187.0,202.0,4.602415128730918
KLE,4351.0,4151.0,200.0,4.596644449551827
CIH,4380.0,4179.0,201.0,4.589041095890411
NTR,2815.0,2686.0,129.0,4.58259325044405
KTOR,1355.0,1293.0,62.0,4.575645756457565
BWL,4380.0,4180.0,200.0,4.5662100456621
AHMP,679.0,648.0,31.0,4.565537555228277
DPU,8868.0,8464.0,404.0,4.555705908885882
BJKN,2920.0,2787.0,133.0,4.554794520547945
GLP,2555.0,2439.0,116.0,4.540117416829745
MMA,5318.0,5077.0,241.0,4.531778864234675
SDDN,8136.0,7768.0,368.0,4.523107177974435
SJDR,3650.0,3485.0,165.0,4.52054794520548
BRTG,3650.0,3485.0,165.0,4.52054794520548
SGD,6243.0,5961.0,282.0,4.517059106198943
DBA,14681.0,14018.0,663.0,4.516041141611607
GUG,5318.0,5078.0,240.0,4.512974802557353
HTZ,13470.0,12864.0,606.0,4.498886414253898
SINI,9980.0,9532.0,448.0,4.488977955911824
BSB,46808.0,44708.0,2100.0,4.486412579046317
BZN,5618.0,5366.0,252.0,4.4855820576717695
RVKH,4371.0,4175.0,196.0,4.4840997483413405
MKDD,4015.0,3835.0,180.0,4.483188044831881
IAA,9908.0,9464.0,444.0,4.481227291077917
BDWD,4597.0,4391.0,206.0,4.481183380465521
BOR,15138.0,14460.0,678.0,4.478795085216013
ROU,25299.0,24166.0,1133.0,4.478437882920273
HJL,4743.0,4531.0,212.0,4.469744887202193
HTNL,1646.0,1573.0,73.0,4.434993924665856
KRMR,2550.0,2437.0,113.0,4.431372549019608
BGSF,2189.0,2092.0,97.0,4.431247144814984
RLS,4380.0,4186.0,194.0,4.429223744292238
CBX,4380.0,4186.0,194.0,4.429223744292238
SARR,2920.0,2791.0,129.0,4.417808219178082
BTE,21015.0,20087.0,928.0,4.415893409469426
RGL,7925.0,7576.0,349.0,4.403785488958991
SWA,5840.0,5583.0,257.0,4.4006849315068495
SOG,15431.0,14752.0,679.0,4.400233296610718
MKZ,3650.0,3490.0,160.0,4.383561643835616
TMS,3650.0,3490.0,160.0,4.383561643835616
GBRI,3650.0,3490.0,160.0,4.383561643835616
BKRL,2555.0,2443.0,112.0,4.383561643835616
MTWN,3650.0,3490.0,160.0,4.383561643835616
DGBZ,3650.0,3490.0,160.0,4.383561643835616
SKLI,3650.0,3490.0,160.0,4.383561643835616
CCO,3650.0,3490.0,160.0,4.383561643835616
JKHI,3285.0,3141.0,144.0,4.383561643835616
JAIS,6623.0,6333.0,290.0,4.378680356333987
GLBN,5004.0,4785.0,219.0,4.376498800959232
SEO,6570.0,6283.0,287.0,4.3683409436834095
SHN,3650.0,3491.0,159.0,4.356164383561644
HDIH,8656.0,8279.0,377.0,4.355360443622921
MH,1954.0,1869.0,85.0,4.350051177072672
SDPH,1954.0,1869.0,85.0,4.350051177072672
GSP,7196.0,6883.0,313.0,4.349638688160089
DHW,7196.0,6883.0,313.0,4.349638688160089
MCA,11152.0,10667.0,485.0,4.348995695839311
SGS,2163.0,2069.0,94.0,4.345815996301433
SLR,2163.0,2069.0,94.0,4.345815996301433
SIR,17456.0,16701.0,755.0,4.325160403299725
BSE,5736.0,5488.0,248.0,4.323570432357044
JSG,23736.0,22710.0,1026.0,4.3225480283114255
GNG,8238.0,7882.0,356.0,4.321437242049041
JI,3937.0,3767.0,170.0,4.318008636017272
PNQ,8316.0,7957.0,359.0,4.316979316979317
RKS,1460.0,1397.0,63.0,4.315068493150685
PHY,1460.0,1397.0,63.0,4.315068493150685
KHJA,1460.0,1397.0,63.0,4.315068493150685
PUNA,2920.0,2794.0,126.0,4.315068493150685
DJD,1460.0,1397.0,63.0,4.315068493150685
SJER,1460.0,1397.0,63.0,4.315068493150685
JRMG,6935.0,6636.0,299.0,4.311463590483057
KIC,4663.0,4462.0,201.0,4.310529701908643
PTKP,3280.0,3139.0,141.0,4.298780487804878
RLA,2190.0,2096.0,94.0,4.292237442922374
MHV,2190.0,2096.0,94.0,4.292237442922374
PGW,23815.0,22793.0,1022.0,4.291412975015747
WRC,5110.0,4891.0,219.0,4.285714285714286
BTV,5840.0,5590.0,250.0,4.280821917808219
FKA,9593.0,9183.0,410.0,4.273949755029709
ISM,5840.0,5591.0,249.0,4.263698630136986
MQC,5840.0,5591.0,249.0,4.263698630136986
KRZ,5840.0,5591.0,249.0,4.263698630136986
GHE,5840.0,5591.0,249.0,4.263698630136986
MGLP,5840.0,5591.0,249.0,4.263698630136986
ROHN,5840.0,5591.0,249.0,4.263698630136986
ASE,5840.0,5591.0,249.0,4.263698630136986
XBKJ,4485.0,4294.0,191.0,4.258639910813824
OEA,4375.0,4189.0,186.0,4.251428571428571
BSY,2190.0,2097.0,93.0,4.2465753424657535
BAT,8030.0,7689.0,341.0,4.2465753424657535
DUMK,9751.0,9337.0,414.0,4.245718387857655
RGDA,13815.0,13229.0,586.0,4.24176619616359
LGDH,3962.0,3794.0,168.0,4.240282685512367
BUT,4484.0,4294.0,190.0,4.23728813559322
KHS,8971.0,8591.0,380.0,4.235871140341099
NGR,9036.0,8654.0,382.0,4.227534307215582
MUR,19126.0,18318.0,808.0,4.2246157063682945
GYN,11771.0,11274.0,497.0,4.222241101010959
STN,11208.0,10736.0,472.0,4.211277658815132
NAS,4380.0,4196.0,184.0,4.200913242009133
SVKD,2190.0,2098.0,92.0,4.200913242009133
LMO,2190.0,2098.0,92.0,4.200913242009133
SCQ,4380.0,4196.0,184.0,4.200913242009133
BLND,4380.0,4196.0,184.0,4.200913242009133
BLHR,1095.0,1049.0,46.0,4.200913242009133
KBL,9680.0,9274.0,406.0,4.194214876033058
YJUD,17306.0,16581.0,725.0,4.189298509187565
TRVL,18508.0,17733.0,775.0,4.187378430948779
BBU,16864.0,16158.0,706.0,4.186432637571158
OPL,4375.0,4192.0,183.0,4.182857142857143
BMF,4424.0,4239.0,185.0,4.181735985533454
JJR,4641.0,4447.0,194.0,4.180133591898297
BLQR,4692.0,4496.0,196.0,4.177323103154305
TATA,33678.0,32272.0,1406.0,4.174832234693271
GKH,11315.0,10843.0,472.0,4.1714538223597
KIP,6935.0,6646.0,289.0,4.167267483777938
AME,9837.0,9428.0,409.0,4.157771678357223
PTN,6278.0,6017.0,261.0,4.157374960178401
NDLS,79739.0,76426.0,3313.0,4.154805051480455
KGQ,17630.0,16899.0,731.0,4.146341463414634
PRR,18860.0,18080.0,780.0,4.135737009544008
STBD,726.0,696.0,30.0,4.132231404958678
PWS,13394.0,12841.0,553.0,4.128714349708825
AGC,41071.0,39381.0,1690.0,4.114825546005697
PFU,730.0,700.0,30.0,4.10958904109589
GPJ,730.0,700.0,30.0,4.10958904109589
MKRD,730.0,700.0,30.0,4.10958904109589
BHJA,730.0,700.0,30.0,4.10958904109589
JGJ,730.0,700.0,30.0,4.10958904109589
BANI,730.0,700.0,30.0,4.10958904109589
TLKH,730.0,700.0,30.0,4.10958904109589
PBV,730.0,700.0,30.0,4.10958904109589
DPC,730.0,700.0,30.0,4.10958904109589
RUM,730.0,700.0,30.0,4.10958904109589
SHJP,730.0,700.0,30.0,4.10958904109589
SUKU,730.0,700.0,30.0,4.10958904109589
PRRB,7203.0,6907.0,296.0,4.109398861585451
SKLR,3239.0,3106.0,133.0,4.1062056190182155
JND,9722.0,9324.0,398.0,4.093807858465336
BKDR,4380.0,4201.0,179.0,4.08675799086758
RUPC,4796.0,4600.0,196.0,4.08673894912427
BDHP,5369.0,5150.0,219.0,4.078971875582045
ASAR,5369.0,5150.0,219.0,4.078971875582045
KKP,10666.0,10231.0,435.0,4.0783798987436715
RG,3041.0,2917.0,124.0,4.077606050641236
DLI,63828.0,61226.0,2602.0,4.076580810929372
SGUT,1252.0,1201.0,51.0,4.073482428115016
SOT,7196.0,6903.0,293.0,4.071706503613118
MAQ,18154.0,17416.0,738.0,4.065219786272998
BYY,4380.0,4202.0,178.0,4.06392694063927
BJU,34331.0,32937.0,1394.0,4.0604701290378955
DLJ,12099.0,11608.0,491.0,4.058186626993966
LMN,3650.0,3502.0,148.0,4.054794520547945
KOO,18246.0,17509.0,737.0,4.039241477584128
BEAS,23559.0,22608.0,951.0,4.036673882592639
R,41260.0,39598.0,1662.0,4.028114396509936
IPM,13735.0,13182.0,553.0,4.026210411357845
SDMD,4380.0,4204.0,176.0,4.018264840182648
CHKE,2294.0,2202.0,92.0,4.0104620749782045
MOMU,2294.0,2202.0,92.0,4.0104620749782045
MBDP,13302.0,12770.0,532.0,3.999398586678695
BCY,14355.0,13781.0,574.0,3.998606757227447
LKO,48296.0,46366.0,1930.0,3.9961901606758325
BTA,15060.0,14459.0,601.0,3.9907038512616206
KRXA,5840.0,5607.0,233.0,3.9897260273972606
BRA,5840.0,5607.0,233.0,3.9897260273972606
KNDG,5840.0,5607.0,233.0,3.9897260273972606
HTT,5840.0,5607.0,233.0,3.9897260273972606
BLT,4790.0,4599.0,191.0,3.987473903966597
DRD,16742.0,16075.0,667.0,3.983992354557401
BHDR,730.0,701.0,29.0,3.9726027397260277
MNJR,1460.0,1402.0,58.0,3.9726027397260277
SPGL,730.0,701.0,29.0,3.9726027397260277
ARKA,730.0,701.0,29.0,3.9726027397260277
BRRZ,1460.0,1402.0,58.0,3.9726027397260277
IDM,1460.0,1402.0,58.0,3.9726027397260277
IDS,1460.0,1402.0,58.0,3.9726027397260277
BSWA,1460.0,1402.0,58.0,3.9726027397260277
ARP,730.0,701.0,29.0,3.9726027397260277
KULH,1460.0,1402.0,58.0,3.9726027397260277
BQP,2920.0,2804.0,116.0,3.9726027397260277
BAHP,1460.0,1402.0,58.0,3.9726027397260277
JPD,2920.0,2804.0,116.0,3.9726027397260277
TRG,2920.0,2804.0,116.0,3.9726027397260277
ACH,1460.0,1402.0,58.0,3.9726027397260277
TKRP,1460.0,1402.0,58.0,3.9726027397260277
NXR,2920.0,2804.0,116.0,3.9726027397260277
KURO,1460.0,1402.0,58.0,3.9726027397260277
SNDD,3981.0,3823.0,158.0,3.968852047224315
MACR,5110.0,4908.0,202.0,3.9530332681017613
SUDV,761.0,731.0,30.0,3.942181340341656
DNM,6570.0,6311.0,259.0,3.9421613394216135
TP,5840.0,5610.0,230.0,3.9383561643835616
SBDR,4067.0,3907.0,160.0,3.934103761986722
VZR,3940.0,3785.0,155.0,3.934010152284264
CSMT,31608.0,30365.0,1243.0,3.932548721842571
NKD,5344.0,5134.0,210.0,3.929640718562874
PHR,14127.0,13572.0,555.0,3.9286472711828413
NKE,16070.0,15439.0,631.0,3.9265712507778465
CSB,18300.0,17582.0,718.0,3.9234972677595623
CKP,15657.0,15043.0,614.0,3.9215686274509802
TLHD,6226.0,5982.0,244.0,3.9190491487311276
SHAN,5840.0,5612.0,228.0,3.904109589041096
NIA,12827.0,12327.0,500.0,3.898027598035394
DBR,7077.0,6802.0,275.0,3.8858273279638262
CPR,33580.0,32276.0,1304.0,3.8832638475282906
TQA,2190.0,2105.0,85.0,3.881278538812785
CCL,2920.0,2807.0,113.0,3.8698630136986303
JKT,2920.0,2807.0,113.0,3.8698630136986303
RET,2920.0,2807.0,113.0,3.8698630136986303
KIZ,2920.0,2807.0,113.0,3.8698630136986303
DLPT,4380.0,4211.0,169.0,3.858447488584475
RDBR,4380.0,4211.0,169.0,3.858447488584475
KPLD,4380.0,4211.0,169.0,3.858447488584475
KRIH,4380.0,4211.0,169.0,3.858447488584475
MPO,6947.0,6679.0,268.0,3.857780336836044
TRR,5110.0,4913.0,197.0,3.8551859099804306
ULB,6563.0,6311.0,252.0,3.8397074508608866
BNPT,2945.0,2832.0,113.0,3.837011884550085
BTHL,2945.0,2832.0,113.0,3.837011884550085
KHI,2945.0,2832.0,113.0,3.837011884550085
TUR,2945.0,2832.0,113.0,3.837011884550085
RNC,27088.0,26049.0,1039.0,3.8356467808623744
VNN,1460.0,1404.0,56.0,3.8356164383561646
KJTW,1460.0,1404.0,56.0,3.8356164383561646
SMCK,730.0,702.0,28.0,3.8356164383561646
WRGN,1460.0,1404.0,56.0,3.8356164383561646
SAF,1460.0,1404.0,56.0,3.8356164383561646
JPR,730.0,702.0,28.0,3.8356164383561646
JUA,1460.0,1404.0,56.0,3.8356164383561646
SPPR,1460.0,1404.0,56.0,3.8356164383561646
PURI,22150.0,21302.0,848.0,3.8284424379232505
DGS,4745.0,4564.0,181.0,3.814541622760801
URK,4745.0,4564.0,181.0,3.814541622760801
DPH,4745.0,4564.0,181.0,3.814541622760801
POKL,3650.0,3511.0,139.0,3.8082191780821915
KOV,6883.0,6621.0,262.0,3.8064797326747057
RMT,2996.0,2882.0,114.0,3.8050734312416554
TLR,5152.0,4956.0,196.0,3.804347826086957
BGRM,2920.0,2809.0,111.0,3.801369863013699
BIGA,2920.0,2809.0,111.0,3.801369863013699
GDW,2920.0,2809.0,111.0,3.801369863013699
STNR,2920.0,2809.0,111.0,3.801369863013699
PYI,2920.0,2809.0,111.0,3.801369863013699
BS,2920.0,2809.0,111.0,3.801369863013699
BLSR,2920.0,2809.0,111.0,3.801369863013699
GMO,20709.0,19922.0,787.0,3.800280071466512
AIT,6794.0,6536.0,258.0,3.79746835443038
RTU,2190.0,2107.0,83.0,3.7899543378995433
KPPR,1980.0,1905.0,75.0,3.787878787878788
BDY,1980.0,1905.0,75.0,3.787878787878788
DST,1980.0,1905.0,75.0,3.787878787878788
DPI,1980.0,1905.0,75.0,3.787878787878788
TNT,1980.0,1905.0,75.0,3.787878787878788
BRWD,9884.0,9510.0,374.0,3.783893160663699
KVL,2920.0,2810.0,110.0,3.767123287671233
JMG,1460.0,1405.0,55.0,3.767123287671233
KOQ,2920.0,2810.0,110.0,3.767123287671233
AYM,2920.0,2810.0,110.0,3.767123287671233
JKZ,4380.0,4215.0,165.0,3.767123287671233
HDS,4380.0,4215.0,165.0,3.767123287671233
NGMP,4380.0,4215.0,165.0,3.767123287671233
SKK,2920.0,2810.0,110.0,3.767123287671233
DAO,1460.0,1405.0,55.0,3.767123287671233
BRMI,4380.0,4215.0,165.0,3.767123287671233
KRL,1460.0,1405.0,55.0,3.767123287671233
APE,2920.0,2810.0,110.0,3.767123287671233
CUR,14176.0,13642.0,534.0,3.7669300225733635
MLPR,5526.0,5318.0,208.0,3.7640246109301487
KNPR,5475.0,5269.0,206.0,3.762557077625571
HAN,10863.0,10455.0,408.0,3.755868544600939
YY,3546.0,3413.0,133.0,3.750705019740553
BMT,17185.0,16541.0,644.0,3.7474541751527495
MVO,7169.0,6901.0,268.0,3.7383177570093453
CNJ,8915.0,8582.0,333.0,3.7352776219854182
AKT,14393.0,13856.0,537.0,3.730980337664142
JNA,6622.0,6375.0,247.0,3.7299909392932653
SRW,4590.0,4419.0,171.0,3.7254901960784315
RSNR,4590.0,4419.0,171.0,3.7254901960784315
BTI,30582.0,29443.0,1139.0,3.7244130534301223
KZI,6099.0,5872.0,227.0,3.721921626496147
VPDA,5109.0,4919.0,190.0,3.7189273830495204
SNKR,5110.0,4920.0,190.0,3.7181996086105675
KUU,5110.0,4920.0,190.0,3.7181996086105675
GRH,5427.0,5226.0,201.0,3.7037037037037033
MDA,4380.0,4218.0,162.0,3.6986301369863015
NHN,2920.0,2812.0,108.0,3.6986301369863015
ARJ,20782.0,20016.0,766.0,3.685882013280724
DOS,23228.0,22372.0,856.0,3.685207508179783
CBN,2964.0,2855.0,109.0,3.6774628879892037
LKU,12108.0,11663.0,445.0,3.6752560290716882
CPJ,12598.0,12136.0,462.0,3.6672487696459752
ASR,30961.0,29826.0,1135.0,3.6659022641387553
KYH,2920.0,2813.0,107.0,3.664383561643836
SMKR,2920.0,2813.0,107.0,3.664383561643836
KLD,14833.0,14290.0,543.0,3.660756421492618
MBS,5001.0,4818.0,183.0,3.659268146370726
TELO,4380.0,4220.0,160.0,3.65296803652968
DNWH,4466.0,4303.0,163.0,3.6497984773846843
PQN,3650.0,3517.0,133.0,3.643835616438356
LKR,21875.0,21078.0,797.0,3.6434285714285717
RBS,3330.0,3209.0,121.0,3.6336336336336337
KARR,2919.0,2813.0,106.0,3.6313806097978762
GWL,43296.0,41724.0,1572.0,3.630820399113082
BOY,10382.0,10006.0,376.0,3.6216528607204777
BADK,5993.0,5776.0,217.0,3.620891039546137
AIH,5993.0,5776.0,217.0,3.620891039546137
BBQ,8655.0,8342.0,313.0,3.6164067013287116
IJK,12670.0,12212.0,458.0,3.6148382004735593
JSME,37905.0,36536.0,1369.0,3.6116607307743043
SRE,32030.0,30874.0,1156.0,3.609116453325008
PRF,5110.0,4926.0,184.0,3.600782778864971
CNDM,2555.0,2463.0,92.0,3.600782778864971
PRDT,2282.0,2200.0,82.0,3.5933391761612623
VVB,10220.0,9854.0,366.0,3.581213307240704
KAT,6935.0,6687.0,248.0,3.57606344628695
JUC,39301.0,37896.0,1405.0,3.574972647006437
KEK,4337.0,4182.0,155.0,3.5738990085312428
BMBE,1512.0,1458.0,54.0,3.571428571428571
FZD,12212.0,11776.0,436.0,3.570258761873567
LAE,2242.0,2162.0,80.0,3.568242640499554
DES,5526.0,5329.0,197.0,3.564965617082881
ANDN,11057.0,10663.0,394.0,3.563353531699376
SRU,11226.0,10826.0,400.0,3.5631569570639585
GLA,4379.0,4223.0,156.0,3.5624571820050237
SAGR,730.0,704.0,26.0,3.5616438356164384
SSZ,730.0,704.0,26.0,3.5616438356164384
KTF,730.0,704.0,26.0,3.5616438356164384
KVG,730.0,704.0,26.0,3.5616438356164384
DTW,730.0,704.0,26.0,3.5616438356164384
KKAH,730.0,704.0,26.0,3.5616438356164384
NPX,730.0,704.0,26.0,3.5616438356164384
GANG,730.0,704.0,26.0,3.5616438356164384
KTKL,730.0,704.0,26.0,3.5616438356164384
KAGR,730.0,704.0,26.0,3.5616438356164384
MASK,730.0,704.0,26.0,3.5616438356164384
MDR,7589.0,7319.0,270.0,3.557780998814073
UJH,4582.0,4419.0,163.0,3.5573985159319075
CHR,2590.0,2498.0,92.0,3.5521235521235517
RASP,3650.0,3521.0,129.0,3.534246575342466
ULM,1981.0,1911.0,70.0,3.53356890459364
RMZ,1981.0,1911.0,70.0,3.53356890459364
PLP,5945.0,5735.0,210.0,3.532380151387721
SAA,2920.0,2817.0,103.0,3.5273972602739727
KMDR,3799.0,3665.0,134.0,3.5272440115819954
SHG,12674.0,12227.0,447.0,3.526905475777182
RMU,17727.0,17102.0,625.0,3.525695267106673
BUG,8995.0,8678.0,317.0,3.5241801000555864
ANGM,2271.0,2191.0,80.0,3.522677234698371
BZE,1250.0,1206.0,44.0,3.52
SZE,1250.0,1206.0,44.0,3.52
JNNA,1250.0,1206.0,44.0,3.52
KDS,1250.0,1206.0,44.0,3.52
DNH,1250.0,1206.0,44.0,3.52
SJA,1250.0,1206.0,44.0,3.52
BZS,1250.0,1206.0,44.0,3.52
RYP,4150.0,4004.0,146.0,3.5180722891566263
BPZ,4381.0,4227.0,154.0,3.5151791828349688
GRX,1825.0,1761.0,64.0,3.506849315068493
NMZ,6674.0,6440.0,234.0,3.506143242433323
SGNR,15547.0,15002.0,545.0,3.505499453270727
KOLR,2915.0,2813.0,102.0,3.499142367066895
JEN,5110.0,4932.0,178.0,3.4833659491193734
MOG,5630.0,5434.0,196.0,3.4813499111900534
FZR,21665.0,20911.0,754.0,3.4802677129009925
SONR,1877.0,1812.0,65.0,3.4629728289824193
URGA,4015.0,3876.0,139.0,3.4620174346201744
KTHD,4015.0,3876.0,139.0,3.4620174346201744
BPRH,4015.0,3876.0,139.0,3.4620174346201744
SRBA,4015.0,3876.0,139.0,3.4620174346201744
MWRN,4015.0,3876.0,139.0,3.4620174346201744
ZPI,2920.0,2819.0,101.0,3.458904109589041
JNH,13198.0,12742.0,456.0,3.4550689498408853
KLK,9262.0,8942.0,320.0,3.4549773267112935
DRH,11399.0,11006.0,393.0,3.447670848320028
STKT,12504.0,12073.0,431.0,3.446896992962252
MAM,3285.0,3172.0,113.0,3.439878234398782
MED,10534.0,10172.0,362.0,3.4364913613062464
GZB,62339.0,60199.0,2140.0,3.432843003577215
BZM,3439.0,3321.0,118.0,3.431230008723466
GOTN,10530.0,10169.0,361.0,3.4283000949667617
GTA,2920.0,2820.0,100.0,3.4246575342465753
SLRD,2920.0,2820.0,100.0,3.4246575342465753
BCN,8760.0,8460.0,300.0,3.4246575342465753
CDG,19483.0,18817.0,666.0,3.418364728224606
BHHZ,6358.0,6141.0,217.0,3.4130229631959734
NTG,6358.0,6141.0,217.0,3.4130229631959734
LSI,15109.0,14594.0,515.0,3.408564431795619
AJJ,35077.0,33883.0,1194.0,3.4039399036405618
MHRG,8882.0,8580.0,302.0,3.400135104706147
ORAI,11624.0,11229.0,395.0,3.3981417756366135
BHUA,2622.0,2533.0,89.0,3.3943554538520218
NYP,7219.0,6974.0,245.0,3.3938218589832383
GRA,5840.0,5642.0,198.0,3.3904109589041096
VST,2184.0,2110.0,74.0,3.3882783882783882
HJP,34423.0,33259.0,1164.0,3.381460070301833
DZA,7609.0,7352.0,257.0,3.3775791825469836
BAOL,6723.0,6496.0,227.0,3.376468838316228
CAF,3822.0,3693.0,129.0,3.375196232339089
CWA,7299.0,7053.0,246.0,3.370324702013974
KRJ,12529.0,12107.0,422.0,3.3681858089232977
DG,25411.0,24556.0,855.0,3.3646845854157648
MCY,2408.0,2327.0,81.0,3.3637873754152823
KDM,5369.0,5189.0,180.0,3.3525796237660646
MDU,28616.0,27659.0,957.0,3.344282918646911
CGY,17623.0,17034.0,589.0,3.3422232310049362
BLPE,2190.0,2117.0,73.0,3.3333333333333335
BDU,4380.0,4234.0,146.0,3.3333333333333335
BUI,16292.0,15749.0,543.0,3.332924134544562
MAY,3546.0,3428.0,118.0,3.3276931754089114
ANVR,10010.0,9677.0,333.0,3.3266733266733266
DWO,2920.0,2823.0,97.0,3.3219178082191783
GUB,3858.0,3730.0,128.0,3.3177812337998964
OMLF,4588.0,4436.0,152.0,3.3129904097646032
KJM,27370.0,26469.0,901.0,3.291925465838509
BLP,5256.0,5083.0,173.0,3.291476407914764
KPJG,730.0,706.0,24.0,3.287671232876712
BHTL,1460.0,1412.0,48.0,3.287671232876712
AXA,365.0,353.0,12.0,3.287671232876712
VD,365.0,353.0,12.0,3.287671232876712
BLSA,2190.0,2118.0,72.0,3.287671232876712
DL,730.0,706.0,24.0,3.287671232876712
MDPR,730.0,706.0,24.0,3.287671232876712
RKZ,730.0,706.0,24.0,3.287671232876712
HM,1460.0,1412.0,48.0,3.287671232876712
FKB,2190.0,2118.0,72.0,3.287671232876712
DXR,730.0,706.0,24.0,3.287671232876712
SRGP,730.0,706.0,24.0,3.287671232876712
BOM,730.0,706.0,24.0,3.287671232876712
BPKA,1460.0,1412.0,48.0,3.287671232876712
SQE,2190.0,2118.0,72.0,3.287671232876712
SLGH,2190.0,2118.0,72.0,3.287671232876712
KNKT,365.0,353.0,12.0,3.287671232876712
HNPA,730.0,706.0,24.0,3.287671232876712
SVN,2190.0,2118.0,72.0,3.287671232876712
JALD,1460.0,1412.0,48.0,3.287671232876712
HATB,730.0,706.0,24.0,3.287671232876712
SDD,730.0,706.0,24.0,3.287671232876712
CHAR,730.0,706.0,24.0,3.287671232876712
BMRN,1095.0,1059.0,36.0,3.287671232876712
RA,365.0,353.0,12.0,3.287671232876712
MKP,19811.0,19161.0,650.0,3.2810055019938416
GDV,21886.0,21168.0,718.0,3.28063602302842
LNMA,3911.0,3783.0,128.0,3.272820250575301
VRI,17655.0,17078.0,577.0,3.2681959784763523
NGRD,5110.0,4943.0,167.0,3.268101761252446
KHF,5110.0,4943.0,167.0,3.268101761252446
BNBR,5110.0,4943.0,167.0,3.268101761252446
SKF,6935.0,6709.0,226.0,3.258832011535689
LAD,4150.0,4015.0,135.0,3.2530120481927707
UB,5110.0,4944.0,166.0,3.24853228962818
NPI,4380.0,4238.0,142.0,3.2420091324200913
MDH,4380.0,4238.0,142.0,3.2420091324200913
BKTH,4380.0,4238.0,142.0,3.2420091324200913
SLH,4380.0,4238.0,142.0,3.2420091324200913
SHNR,10782.0,10433.0,349.0,3.2368762752736044
CAN,22585.0,21854.0,731.0,3.2366615009962367
PTU,8694.0,8413.0,281.0,3.232114101679319
MNO,5943.0,5751.0,192.0,3.2306915699141845
PPZ,1455.0,1408.0,47.0,3.230240549828179
TMD,3285.0,3179.0,106.0,3.2267884322678846
THPR,3285.0,3179.0,106.0,3.2267884322678846
UCR,7300.0,7065.0,235.0,3.219178082191781
NNO,10012.0,9690.0,322.0,3.216140631242509
ROP,9676.0,9365.0,311.0,3.214138073584126
JSKA,6570.0,6359.0,211.0,3.211567732115677
KWMD,6570.0,6359.0,211.0,3.211567732115677
PT,6570.0,6359.0,211.0,3.211567732115677
SAW,6570.0,6359.0,211.0,3.211567732115677
IHP,6570.0,6359.0,211.0,3.211567732115677
TNJR,6570.0,6359.0,211.0,3.211567732115677
KPV,9595.0,9287.0,308.0,3.21000521104742
LGO,5110.0,4946.0,164.0,3.209393346379648
GRMR,5110.0,4946.0,164.0,3.209393346379648
SWPR,5736.0,5552.0,184.0,3.2078103207810322
OCR,6508.0,6300.0,208.0,3.196066379840197
TN,4512.0,4368.0,144.0,3.1914893617021276
MOB,7090.0,6864.0,226.0,3.1875881523272214
DD,22856.0,22128.0,728.0,3.1851592579628982
HRBR,911.0,882.0,29.0,3.1833150384193196
GRE,911.0,882.0,29.0,3.1833150384193196
BRKP,911.0,882.0,29.0,3.1833150384193196
BLNG,911.0,882.0,29.0,3.1833150384193196
MAEL,911.0,882.0,29.0,3.1833150384193196
SND,911.0,882.0,29.0,3.1833150384193196
HRS,10352.0,10024.0,328.0,3.1684698608964452
DKR,2684.0,2599.0,85.0,3.166915052160954
TNGI,2684.0,2599.0,85.0,3.166915052160954
DPNR,2684.0,2599.0,85.0,3.166915052160954
VVKP,9490.0,9190.0,300.0,3.1612223393045316
ZARP,760.0,736.0,24.0,3.1578947368421053
TU,8963.0,8680.0,283.0,3.1574249693183085
AILM,7194.0,6967.0,227.0,3.1554072838476506
CDA,2919.0,2827.0,92.0,3.1517643028434397
BEA,11202.0,10849.0,353.0,3.1512229958935905
BMN,730.0,707.0,23.0,3.1506849315068495
BRPT,730.0,707.0,23.0,3.1506849315068495
BDIN,730.0,707.0,23.0,3.1506849315068495
KVJ,730.0,707.0,23.0,3.1506849315068495
KZQ,730.0,707.0,23.0,3.1506849315068495
BKSA,730.0,707.0,23.0,3.1506849315068495
SIQ,730.0,707.0,23.0,3.1506849315068495
RT,730.0,707.0,23.0,3.1506849315068495
KAI,730.0,707.0,23.0,3.1506849315068495
BWA,730.0,707.0,23.0,3.1506849315068495
CMW,1460.0,1414.0,46.0,3.1506849315068495
BNS,730.0,707.0,23.0,3.1506849315068495
AUWA,730.0,707.0,23.0,3.1506849315068495
BRLY,730.0,707.0,23.0,3.1506849315068495
TLMD,730.0,707.0,23.0,3.1506849315068495
PKX,730.0,707.0,23.0,3.1506849315068495
SVZ,730.0,707.0,23.0,3.1506849315068495
LCK,1460.0,1414.0,46.0,3.1506849315068495
MWP,730.0,707.0,23.0,3.1506849315068495
MXO,730.0,707.0,23.0,3.1506849315068495
KWI,730.0,707.0,23.0,3.1506849315068495
DOR,6516.0,6311.0,205.0,3.1461019030079806
BRGL,1494.0,1447.0,47.0,3.145917001338688
WRS,5861.0,5677.0,184.0,3.139396007507252
BOF,4464.0,4324.0,140.0,3.136200716845878
DMP,4464.0,4324.0,140.0,3.136200716845878
TRDI,5110.0,4950.0,160.0,3.131115459882583
GGC,14769.0,14308.0,461.0,3.121402938587582
BV,11142.0,10795.0,347.0,3.114342128881709
RTP,2955.0,2863.0,92.0,3.1133671742808797
SHK,5915.0,5731.0,184.0,3.110735418427726
SBGA,4276.0,4143.0,133.0,3.110383536014967
CNPA,4276.0,4143.0,133.0,3.110383536014967
BGNR,4276.0,4143.0,133.0,3.110383536014967
CPH,17419.0,16878.0,541.0,3.1058040071186634
BSPN,3285.0,3183.0,102.0,3.105022831050228
PUMU,3285.0,3183.0,102.0,3.105022831050228
RKL,4381.0,4245.0,136.0,3.10431408354257
DUE,4381.0,4245.0,136.0,3.10431408354257
VLY,8328.0,8070.0,258.0,3.0979827089337175
SAT,3650.0,3537.0,113.0,3.095890410958904
ABO,8062.0,7813.0,249.0,3.0885636318531384
BME,6218.0,6026.0,192.0,3.087809585075587
BXN,13674.0,13253.0,421.0,3.078835746672517
GWH,3675.0,3562.0,113.0,3.074829931972789
RD,3675.0,3562.0,113.0,3.074829931972789
HRW,1825.0,1769.0,56.0,3.0684931506849313
MURI,23931.0,23197.0,734.0,3.067151393589904
RCF,6462.0,6264.0,198.0,3.064066852367688
CTO,10952.0,10617.0,335.0,3.0588020452885316
KADI,262.0,254.0,8.0,3.0534351145038165
BHAN,262.0,254.0,8.0,3.0534351145038165
BIX,3933.0,3813.0,120.0,3.051106025934401
MRGA,10328.0,10013.0,315.0,3.049961270333075
DWDI,2955.0,2865.0,90.0,3.0456852791878175
BSC,3129.0,3034.0,95.0,3.036113774368808
DSA,25241.0,24475.0,766.0,3.034745057644309
AD,10743.0,10417.0,326.0,3.0345341152378293
REN,8025.0,7782.0,243.0,3.02803738317757
SUJR,7453.0,7228.0,225.0,3.018918556286059
JHWR,4380.0,4248.0,132.0,3.0136986301369864
CHN,4380.0,4248.0,132.0,3.0136986301369864
JK,4380.0,4248.0,132.0,3.0136986301369864
SRM,4380.0,4248.0,132.0,3.0136986301369864
PMQ,4380.0,4248.0,132.0,3.0136986301369864
TMPT,3650.0,3540.0,110.0,3.0136986301369864
VXM,3650.0,3540.0,110.0,3.0136986301369864
SOHL,4380.0,4248.0,132.0,3.0136986301369864
MEX,8965.0,8695.0,270.0,3.011712214166202
BL,34477.0,33439.0,1038.0,3.01070278736549
SONI,3828.0,3713.0,115.0,3.0041797283176592
MLAR,3828.0,3713.0,115.0,3.0041797283176592
LGTR,10220.0,9913.0,307.0,3.003913894324853
VKD,5006.0,4856.0,150.0,2.9964043148222133
NYA,5006.0,4856.0,150.0,2.9964043148222133
CAS,4274.0,4146.0,128.0,2.9948525970987365
RIG,13458.0,13056.0,402.0,2.9870708872046365
PJ,9387.0,9107.0,280.0,2.982848620432513
MTC,20398.0,19790.0,608.0,2.9806843808216494
JDW,1825.0,1771.0,54.0,2.958904109589041
BMHR,1825.0,1771.0,54.0,2.958904109589041
THJ,1825.0,1771.0,54.0,2.958904109589041
SNTD,6778.0,6578.0,200.0,2.9507229271171433
CLD,1460.0,1417.0,43.0,2.945205479452055
RVK,1460.0,1417.0,43.0,2.945205479452055
DOKY,1460.0,1417.0,43.0,2.945205479452055
KNG,5110.0,4960.0,150.0,2.935420743639922
JNT,5110.0,4960.0,150.0,2.935420743639922
MAO,19321.0,18754.0,567.0,2.93463071269603
SEM,8796.0,8538.0,258.0,2.9331514324693044
MEW,3650.0,3543.0,107.0,2.9315068493150687
NIN,2190.0,2126.0,64.0,2.922374429223744
GNJB,2190.0,2126.0,64.0,2.922374429223744
BNHR,2190.0,2126.0,64.0,2.922374429223744
JSRD,2190.0,2126.0,64.0,2.922374429223744
BGDI,2190.0,2126.0,64.0,2.922374429223744
BLDA,8284.0,8042.0,242.0,2.921294060840174
SPZ,9385.0,9111.0,274.0,2.9195524773574855
BTD,11344.0,11014.0,330.0,2.909026798307475
NVT,3650.0,3544.0,106.0,2.904109589041096
CM,8761.0,8507.0,254.0,2.899212418673667
KRBA,6257.0,6076.0,181.0,2.8927601086782806
PTRU,6569.0,6379.0,190.0,2.8923732683817933
NED,21496.0,20875.0,621.0,2.888909564570153
MWJ,2705.0,2627.0,78.0,2.8835489833641406
SRY,5487.0,5329.0,158.0,2.8795334426827046
SQR,6566.0,6377.0,189.0,2.878464818763326
FAP,7818.0,7593.0,225.0,2.8779739063699155
AHQ,7818.0,7593.0,225.0,2.8779739063699155
GTRA,7818.0,7593.0,225.0,2.8779739063699155
SFA,7818.0,7593.0,225.0,2.8779739063699155
RPSC,3128.0,3038.0,90.0,2.877237851662404
BRS,8759.0,8507.0,252.0,2.8770407580774062
GTY,1460.0,1418.0,42.0,2.8767123287671232
SNRA,1460.0,1418.0,42.0,2.8767123287671232
JGKS,1460.0,1418.0,42.0,2.8767123287671232
KYX,1460.0,1418.0,42.0,2.8767123287671232
HLP,1460.0,1418.0,42.0,2.8767123287671232
LER,1460.0,1418.0,42.0,2.8767123287671232
RTGN,1460.0,1418.0,42.0,2.8767123287671232
MIM,7300.0,7090.0,210.0,2.8767123287671232
PTHD,1460.0,1418.0,42.0,2.8767123287671232
PDKN,5110.0,4963.0,147.0,2.8767123287671232
RJMP,1460.0,1418.0,42.0,2.8767123287671232
BHL,10048.0,9760.0,288.0,2.8662420382165608
RTN,8030.0,7800.0,230.0,2.86425902864259
NDKD,9535.0,9262.0,273.0,2.863135815416885
LSR,7583.0,7366.0,217.0,2.861664248977977
NVS,25665.0,24931.0,734.0,2.8599259692187804
DHWN,2833.0,2752.0,81.0,2.8591599011648428
BMJ,5841.0,5674.0,167.0,2.859099469268961
ATP,16589.0,16115.0,474.0,2.8573150883115317
MKA,27830.0,27036.0,794.0,2.8530362917714696
KSU,8030.0,7801.0,229.0,2.851805728518057
SIP,9716.0,9439.0,277.0,2.850967476327707
SQW,2920.0,2837.0,83.0,2.8424657534246576
RPV,2920.0,2837.0,83.0,2.8424657534246576
WDR,8030.0,7802.0,228.0,2.8393524283935245
CHNU,2712.0,2635.0,77.0,2.8392330383480826
KIJ,2712.0,2635.0,77.0,2.8392330383480826
WJR,10115.0,9828.0,287.0,2.837370242214533
GUMI,1095.0,1064.0,31.0,2.8310502283105023
BXR,27382.0,26610.0,772.0,2.819370389306844
CPA,10325.0,10034.0,291.0,2.818401937046005
RE,39717.0,38598.0,1119.0,2.8174333408867738
PWL,9125.0,8868.0,257.0,2.8164383561643835
KPK,10584.0,10286.0,298.0,2.81557067271353
NWD,6749.0,6559.0,190.0,2.8152318862053636
SYC,2920.0,2838.0,82.0,2.808219178082192
NGL,2920.0,2838.0,82.0,2.808219178082192
KHNM,5840.0,5676.0,164.0,2.808219178082192
SRC,20052.0,19489.0,563.0,2.8076999800518654
LKN,8551.0,8311.0,240.0,2.8066892761080577
PPD,4169.0,4052.0,117.0,2.8064284000959465
GJUT,8965.0,8714.0,251.0,2.7997769102063583
KHBJ,2787.0,2709.0,78.0,2.798708288482239
SGAM,2787.0,2709.0,78.0,2.798708288482239
JKM,3650.0,3548.0,102.0,2.7945205479452055
KTE,27162.0,26405.0,757.0,2.786981812826743
PAJ,9489.0,9225.0,264.0,2.782168827062915
GLI,9489.0,9225.0,264.0,2.782168827062915
RBH,9489.0,9225.0,264.0,2.782168827062915
RPO,5840.0,5678.0,162.0,2.7739726027397262
KSC,5699.0,5541.0,158.0,2.7724162133707666
TUWA,3285.0,3194.0,91.0,2.7701674277016743
TBA,3285.0,3194.0,91.0,2.7701674277016743
VKG,3285.0,3194.0,91.0,2.7701674277016743
SAL,4015.0,3904.0,111.0,2.7646326276463262
DIB,3042.0,2958.0,84.0,2.7613412228796843
PNU,18010.0,17513.0,497.0,2.759578012215436
MMS,4170.0,4055.0,115.0,2.7577937649880093
OTP,15133.0,14716.0,417.0,2.755567303244565
PBN,18560.0,18049.0,511.0,2.75323275862069
NLKR,5475.0,5325.0,150.0,2.73972602739726
GEG,1460.0,1420.0,40.0,2.73972602739726
VLDR,1460.0,1420.0,40.0,2.73972602739726
JVL,1460.0,1420.0,40.0,2.73972602739726
DING,5840.0,5680.0,160.0,2.73972602739726
HRM,1460.0,1420.0,40.0,2.73972602739726
GRHM,1460.0,1420.0,40.0,2.73972602739726
DVA,1460.0,1420.0,40.0,2.73972602739726
WTJ,2920.0,2840.0,80.0,2.73972602739726
VSW,2920.0,2840.0,80.0,2.73972602739726
JBB,1460.0,1420.0,40.0,2.73972602739726
UNA,1460.0,1420.0,40.0,2.73972602739726
PCC,1460.0,1420.0,40.0,2.73972602739726
BDO,2921.0,2841.0,80.0,2.738788086271825
BEHR,2995.0,2913.0,82.0,2.7378964941569284
BHLP,5735.0,5578.0,157.0,2.7375762859633825
RJI,5737.0,5580.0,157.0,2.7366219278368487
KMC,11920.0,11594.0,326.0,2.7348993288590604
GGN,25422.0,24727.0,695.0,2.733852568641334
GNA,8026.0,7807.0,219.0,2.7286319461749318
KIUL,40121.0,39027.0,1094.0,2.7267515764811447
CBD,625.0,608.0,17.0,2.7199999999999998
KBSN,1508.0,1467.0,41.0,2.7188328912466844
RNTL,4745.0,4616.0,129.0,2.7186512118018964
BPQ,23399.0,22763.0,636.0,2.7180648745672893
BVH,9125.0,8877.0,248.0,2.717808219178082
JCL,10864.0,10569.0,295.0,2.7153902798232696
BRGW,3204.0,3117.0,87.0,2.715355805243446
KQL,8451.0,8222.0,229.0,2.7097384924860966
JU,25475.0,24786.0,689.0,2.7046123650637877
RRP,2921.0,2842.0,79.0,2.704553235193427
PNVL,22555.0,21945.0,610.0,2.7045001108401685
SMQL,8451.0,8223.0,228.0,2.697905573304934
JMRA,1150.0,1119.0,31.0,2.6956521739130435
LLBR,1150.0,1119.0,31.0,2.6956521739130435
SRJM,8760.0,8524.0,236.0,2.6940639269406392
IBL,8760.0,8524.0,236.0,2.6940639269406392
WZJ,6113.0,5949.0,164.0,2.682807132340913
SPJ,43112.0,41957.0,1155.0,2.6790684728149934
KMT,21595.0,21018.0,577.0,2.6719147950914564
JNN,1460.0,1421.0,39.0,2.671232876712329
JKPR,6675.0,6497.0,178.0,2.666666666666667
NHH,6836.0,6654.0,182.0,2.662375658279696
NZB,15213.0,14808.0,405.0,2.6621968053638336
KIGL,5006.0,4873.0,133.0,2.656811825809029
PUN,2711.0,2639.0,72.0,2.6558465510881595
GDG,15316.0,14910.0,406.0,2.6508226691042047
RSR,4716.0,4591.0,125.0,2.6505513146734523
JER,10530.0,10251.0,279.0,2.6495726495726495
DMW,4380.0,4264.0,116.0,2.6484018264840183
ANCR,6570.0,6396.0,174.0,2.6484018264840183
RRS,4380.0,4264.0,116.0,2.6484018264840183
LLJ,4380.0,4264.0,116.0,2.6484018264840183
JUDW,9125.0,8884.0,241.0,2.6410958904109587
SKGH,2920.0,2843.0,77.0,2.636986301369863
CUK,2920.0,2843.0,77.0,2.636986301369863
LUSA,2920.0,2843.0,77.0,2.636986301369863
MRIJ,6826.0,6646.0,180.0,2.636976267213595
KKDE,24007.0,23374.0,633.0,2.636730953471904
BBN,911.0,887.0,24.0,2.634467618002195
JKNI,3650.0,3554.0,96.0,2.63013698630137
TKPL,4223.0,4112.0,111.0,2.6284631778356617
BHC,24772.0,24122.0,650.0,2.623930243823672
DKZ,14599.0,14216.0,383.0,2.6234673607781356
BSCK,5110.0,4976.0,134.0,2.6223091976516635
SAHR,5110.0,4976.0,134.0,2.6223091976516635
TRN,5112.0,4978.0,134.0,2.621283255086072
AKS,5112.0,4978.0,134.0,2.621283255086072
SYH,5112.0,4978.0,134.0,2.621283255086072
PRNC,6874.0,6694.0,180.0,2.618562700029095
MANI,2712.0,2641.0,71.0,2.6179941002949856
GSK,2712.0,2641.0,71.0,2.6179941002949856
NON,2712.0,2641.0,71.0,2.6179941002949856
BMHT,2712.0,2641.0,71.0,2.6179941002949856
CRQ,3442.0,3352.0,90.0,2.6147588611272514
HBSH,3442.0,3352.0,90.0,2.6147588611272514
KOAA,8722.0,8494.0,228.0,2.614079339601009
KPKI,8762.0,8533.0,229.0,2.6135585482766492
MEJ,8605.0,8381.0,224.0,2.603137710633353
MZL,8759.0,8531.0,228.0,2.6030368763557483
AKE,8759.0,8531.0,228.0,2.6030368763557483
ARE,2920.0,2844.0,76.0,2.6027397260273974
KAC,730.0,711.0,19.0,2.6027397260273974
TPY,1460.0,1422.0,38.0,2.6027397260273974
DEC,26724.0,26029.0,695.0,2.6006585840443046
BHTA,3128.0,3047.0,81.0,2.589514066496164
CHRA,7300.0,7111.0,189.0,2.5890410958904106
BRKA,12381.0,12061.0,320.0,2.584605443825216
VSU,12460.0,12138.0,322.0,2.584269662921348
MTPI,1472.0,1434.0,38.0,2.5815217391304346
NGIM,2712.0,2642.0,70.0,2.5811209439528024
SDHS,2712.0,2642.0,70.0,2.5811209439528024
HLD,2712.0,2642.0,70.0,2.5811209439528024
NHLG,4611.0,4492.0,119.0,2.580785079158534
MUT,9855.0,9601.0,254.0,2.5773718924403854
AGCI,3650.0,3556.0,94.0,2.5753424657534247
TAS,3650.0,3556.0,94.0,2.5753424657534247
BGA,7300.0,7112.0,188.0,2.5753424657534247
SVL,3650.0,3556.0,94.0,2.5753424657534247
AB,8238.0,8026.0,212.0,2.573440155377519
HSB,1982.0,1931.0,51.0,2.5731584258324927
NOLI,8762.0,8537.0,225.0,2.567906870577494
KEX,8762.0,8537.0,225.0,2.567906870577494
BPM,8762.0,8537.0,225.0,2.567906870577494
JKA,625.0,609.0,16.0,2.56
CE,625.0,609.0,16.0,2.56
GHUM,4104.0,3999.0,105.0,2.5584795321637426
DJ,4104.0,3999.0,105.0,2.5584795321637426
PTRD,14704.0,14328.0,376.0,2.557127312295974
BYHA,2190.0,2134.0,56.0,2.5570776255707766
VDM,2190.0,2134.0,56.0,2.5570776255707766
VPJ,2190.0,2134.0,56.0,2.5570776255707766
THW,2190.0,2134.0,56.0,2.5570776255707766
SRWN,8924.0,8696.0,228.0,2.5549081129538322
KDQ,6153.0,5996.0,157.0,2.5516008451162033
RURA,7295.0,7109.0,186.0,2.549691569568197
CPU,7382.0,7194.0,188.0,2.546735302086155
HIR,7781.0,7583.0,198.0,2.54466006939982
SDF,5110.0,4980.0,130.0,2.5440313111545985
TDN,5819.0,5671.0,148.0,2.5433923354528267
STRB,2920.0,2846.0,74.0,2.5342465753424657
JRJE,2920.0,2846.0,74.0,2.5342465753424657
KSV,11523.0,11231.0,292.0,2.5340623101622843
MDP,27112.0,26426.0,686.0,2.5302449100029505
RJAP,1859.0,1812.0,47.0,2.5282409897794516
KDN,3442.0,3355.0,87.0,2.52760023242301
KDI,1824.0,1778.0,46.0,2.5219298245614032
WC,3649.0,3557.0,92.0,2.5212386955330226
NDJ,5320.0,5186.0,134.0,2.518796992481203
PPC,7352.0,7167.0,185.0,2.5163220892274207
CRR,6883.0,6710.0,173.0,2.5134389074531454
GSDH,4100.0,3997.0,103.0,2.5121951219512195
CTHT,4100.0,3997.0,103.0,2.5121951219512195
BBE,4100.0,3997.0,103.0,2.5121951219512195
BFX,4100.0,3997.0,103.0,2.5121951219512195
EKH,4100.0,3997.0,103.0,2.5121951219512195
PRSL,1951.0,1902.0,49.0,2.511532547411584
GCAB,4462.0,4350.0,112.0,2.510085163603765
GUA,1276.0,1244.0,32.0,2.507836990595611
TPJ,39379.0,38393.0,986.0,2.5038726224637498
DHD,18510.0,18047.0,463.0,2.501350621285791
KKM,2919.0,2846.0,73.0,2.50085645769099
BLGH,2920.0,2847.0,73.0,2.5
THTW,2920.0,2847.0,73.0,2.5
BHRM,2920.0,2847.0,73.0,2.5
SKKE,2920.0,2847.0,73.0,2.5
MUBR,2920.0,2847.0,73.0,2.5
BATM,3285.0,3203.0,82.0,2.496194824961948
MSP,3285.0,3203.0,82.0,2.496194824961948
SBRM,3337.0,3254.0,83.0,2.4872640095894516
UDPU,3337.0,3254.0,83.0,2.4872640095894516
JPH,9710.0,9469.0,241.0,2.481977342945417
BTU,9075.0,8850.0,225.0,2.479338842975207
GRB,8030.0,7831.0,199.0,2.4782067247820674
YA,10701.0,10436.0,265.0,2.4764040743855715
HPG,2787.0,2718.0,69.0,2.4757804090419806
DQR,2787.0,2718.0,69.0,2.4757804090419806
YKA,2787.0,2718.0,69.0,2.4757804090419806
NSVP,2224.0,2169.0,55.0,2.473021582733813
JJK,8026.0,7828.0,198.0,2.466982307500623
RNA,2190.0,2136.0,54.0,2.4657534246575343
KWJ,4380.0,4272.0,108.0,2.4657534246575343
HRF,1460.0,1424.0,36.0,2.4657534246575343
HSQ,4380.0,4272.0,108.0,2.4657534246575343
DAVJ,4380.0,4272.0,108.0,2.4657534246575343
QDN,730.0,712.0,18.0,2.4657534246575343
PQY,2190.0,2136.0,54.0,2.4657534246575343
MWC,6100.0,5950.0,150.0,2.459016393442623
DAS,3755.0,3663.0,92.0,2.4500665778961386
BNTL,5429.0,5296.0,133.0,2.449806594216246
KBPR,5429.0,5296.0,133.0,2.449806594216246
GOD,4380.0,4273.0,107.0,2.442922374429224
MFM,4380.0,4273.0,107.0,2.442922374429224
PJA,4380.0,4273.0,107.0,2.442922374429224
BJE,8760.0,8546.0,214.0,2.442922374429224
SAWN,3649.0,3560.0,89.0,2.4390243902439024
KLYT,1560.0,1522.0,38.0,2.435897435897436
JAB,4397.0,4290.0,107.0,2.433477370934728
DYP,2920.0,2849.0,71.0,2.4315068493150687
BHLK,3992.0,3895.0,97.0,2.429859719438878
KAP,6674.0,6512.0,162.0,2.427329937069224
ADR,6674.0,6512.0,162.0,2.427329937069224
NITR,10965.0,10699.0,266.0,2.4259005927952577
JTJ,33789.0,32971.0,818.0,2.4209062120808547
NRW,13528.0,13202.0,326.0,2.4098166765227678
NPS,5527.0,5394.0,133.0,2.406368735299439
SNS,2207.0,2154.0,53.0,2.4014499320344362
DAQ,2207.0,2154.0,53.0,2.4014499320344362
MYX,7300.0,7125.0,175.0,2.3972602739726026
UMR,10846.0,10586.0,260.0,2.397197123363452
NUQ,4798.0,4683.0,115.0,2.396832013338891
BGVN,2337.0,2281.0,56.0,2.396234488660676
PNKD,5053.0,4932.0,121.0,2.3946170591727687
LMK,4899.0,4782.0,117.0,2.3882424984690753
SOW,3936.0,3842.0,94.0,2.388211382113821
KHDH,3936.0,3842.0,94.0,2.388211382113821
BRR,11784.0,11503.0,281.0,2.38458927359131
OYR,13504.0,13182.0,322.0,2.384478672985782
RJR,5710.0,5574.0,136.0,2.3817863397548162
BKP,32128.0,31364.0,764.0,2.3779880478087647
JAC,3702.0,3614.0,88.0,2.3770934629929767
PNBE,63747.0,62232.0,1515.0,2.3765824274083487
BBW,4380.0,4276.0,104.0,2.374429223744292
UNLA,4380.0,4276.0,104.0,2.374429223744292
BTPD,2190.0,2138.0,52.0,2.374429223744292
GHPU,2190.0,2138.0,52.0,2.374429223744292
PCZ,2190.0,2138.0,52.0,2.374429223744292
KRD,8686.0,8480.0,206.0,2.3716325120884183
SMLA,4899.0,4783.0,116.0,2.367830169422331
SRGT,5660.0,5526.0,134.0,2.3674911660777385
BNV,2924.0,2855.0,69.0,2.359781121751026
KKW,6827.0,6666.0,161.0,2.3582832869488795
SONW,1358.0,1326.0,32.0,2.3564064801178204
XSAD,1358.0,1326.0,32.0,2.3564064801178204
URPR,3650.0,3564.0,86.0,2.356164383561644
YFP,5779.0,5643.0,136.0,2.3533483301609275
DBD,11365.0,11098.0,267.0,2.34931808183018
NBD,17417.0,17009.0,408.0,2.342538898777057
KYN,51043.0,49848.0,1195.0,2.3411633328762025
YNG,2954.0,2885.0,69.0,2.335815842924848
CJN,10962.0,10706.0,256.0,2.335340266374749
BKSC,17514.0,17106.0,408.0,2.3295649194929773
FPMP,730.0,713.0,17.0,2.328767123287671
PEI,730.0,713.0,17.0,2.328767123287671
ETW,27043.0,26414.0,629.0,2.325925378101542
MSH,25321.0,24733.0,588.0,2.322183168121322
TLD,14392.0,14058.0,334.0,2.320733740967204
MQP,3285.0,3209.0,76.0,2.313546423135464
UDGR,4198.0,4101.0,97.0,2.3106241067174844
DMH,7803.0,7623.0,180.0,2.306805074971165
KRJR,4726.0,4617.0,109.0,2.3063901819720694
PMI,4726.0,4617.0,109.0,2.3063901819720694
JMN,4726.0,4617.0,109.0,2.3063901819720694
MZW,4726.0,4617.0,109.0,2.3063901819720694
MA,2389.0,2334.0,55.0,2.3022185014650485
PORA,1477.0,1443.0,34.0,2.3019634394041977
CMR,1477.0,1443.0,34.0,2.3019634394041977
BCB,3650.0,3566.0,84.0,2.3013698630136985
JBO,3650.0,3566.0,84.0,2.3013698630136985
LNL,16599.0,16217.0,382.0,2.3013434544249654
HRPG,1044.0,1020.0,24.0,2.2988505747126435
KXH,6358.0,6212.0,146.0,2.29631959735766
STA,30093.0,29402.0,691.0,2.2962150666267904
NRP,5839.0,5705.0,134.0,2.294913512587772
MOZ,14858.0,14518.0,340.0,2.2883295194508007
IMGE,4380.0,4280.0,100.0,2.28310502283105
GSL,4380.0,4280.0,100.0,2.28310502283105
BHKH,4380.0,4280.0,100.0,2.28310502283105
KSTA,4380.0,4280.0,100.0,2.28310502283105
PRY,4380.0,4280.0,100.0,2.28310502283105
BMO,10399.0,10162.0,237.0,2.279065294739879
BGZ,16026.0,15661.0,365.0,2.2775489829027826
GNS,3650.0,3567.0,83.0,2.273972602739726
KNPS,1457.0,1424.0,33.0,2.264927934111187
MLKA,1457.0,1424.0,33.0,2.264927934111187
JNK,1457.0,1424.0,33.0,2.264927934111187
TABU,1457.0,1424.0,33.0,2.264927934111187
SIPA,1457.0,1424.0,33.0,2.264927934111187
BDPG,1460.0,1427.0,33.0,2.26027397260274
SWF,1460.0,1427.0,33.0,2.26027397260274
MU,4380.0,4281.0,99.0,2.26027397260274
MZY,1460.0,1427.0,33.0,2.26027397260274
CBT,1460.0,1427.0,33.0,2.26027397260274
NZG,4380.0,4281.0,99.0,2.26027397260274
SQQ,1460.0,1427.0,33.0,2.26027397260274
GJTA,1460.0,1427.0,33.0,2.26027397260274
KOTT,1859.0,1817.0,42.0,2.2592791823561056
ANR,13047.0,12753.0,294.0,2.2533915842722467
EKR,3731.0,3647.0,84.0,2.25140712945591
IPR,3731.0,3647.0,84.0,2.25140712945591
SSA,8447.0,8257.0,190.0,2.2493192849532377
DRLA,3650.0,3568.0,82.0,2.246575342465753
NMBR,4276.0,4180.0,96.0,2.245088868101029
RGT,4276.0,4180.0,96.0,2.245088868101029
ARD,4276.0,4180.0,96.0,2.245088868101029
KGD,2899.0,2834.0,65.0,2.242152466367713
LHLL,4015.0,3925.0,90.0,2.2415940224159403
GHQ,4692.0,4587.0,105.0,2.237851662404092
UR,8714.0,8519.0,195.0,2.2377782878127155
KCJ,2190.0,2141.0,49.0,2.237442922374429
BNKI,8059.0,7879.0,180.0,2.233527732969351
SDGH,6460.0,6316.0,144.0,2.2291021671826625
PHD,10930.0,10687.0,243.0,2.22323879231473
MRJ,19260.0,18832.0,428.0,2.2222222222222223
BMLL,3285.0,3212.0,73.0,2.2222222222222223
SDLP,16321.0,15959.0,362.0,2.2180013479566205
PPW,3859.0,3774.0,85.0,2.2026431718061676
TMR,14899.0,14572.0,327.0,2.1947781730317475
VZM,29557.0,28909.0,648.0,2.1923740569069934
GRKN,2920.0,2856.0,64.0,2.191780821917808
KDRP,2920.0,2856.0,64.0,2.191780821917808
ALB,2190.0,2142.0,48.0,2.191780821917808
MTND,1460.0,1428.0,32.0,2.191780821917808
BDBA,2920.0,2856.0,64.0,2.191780821917808
BDKT,1460.0,1428.0,32.0,2.191780821917808
BHT,7300.0,7140.0,160.0,2.191780821917808
NW,4380.0,4284.0,96.0,2.191780821917808
RCTC,2920.0,2856.0,64.0,2.191780821917808
PDH,2190.0,2142.0,48.0,2.191780821917808
MNAE,13869.0,13566.0,303.0,2.1847285312567597
YNRK,4273.0,4180.0,93.0,2.176456821904985
AUBR,15241.0,14910.0,331.0,2.1717735056754806
WL,27371.0,26778.0,593.0,2.166526615761207
VRH,4171.0,4081.0,90.0,2.157755933828818
MVI,4589.0,4490.0,99.0,2.1573327522336023
GNK,4172.0,4082.0,90.0,2.1572387344199426
GQN,4172.0,4082.0,90.0,2.1572387344199426
DGR,33900.0,33169.0,731.0,2.1563421828908558
MIPM,6985.0,6835.0,150.0,2.1474588403722263
RUR,4379.0,4285.0,94.0,2.146608814797899
RNG,22316.0,21837.0,479.0,2.146442014697975
RFJ,10427.0,10204.0,223.0,2.1386784309964515
VAA,4068.0,3981.0,87.0,2.1386430678466075
ROI,4634.0,4535.0,99.0,2.1363832542080274
MAS,34268.0,33538.0,730.0,2.1302673047741334
ASN,54966.0,53796.0,1170.0,2.128588582032529
ADRA,27960.0,27365.0,595.0,2.1280400572246063
RNQ,4983.0,4877.0,106.0,2.1272325908087497
PBA,5840.0,5716.0,124.0,2.1232876712328768
KUN,18511.0,18118.0,393.0,2.1230619631570415
GNR,3442.0,3369.0,73.0,2.1208599651365483
RHMA,3024.0,2960.0,64.0,2.1164021164021163
RRGA,2224.0,2177.0,47.0,2.1133093525179856
MJZ,3650.0,3573.0,77.0,2.1095890410958904
SZZ,4380.0,4288.0,92.0,2.1004566210045663
PNPN,4380.0,4288.0,92.0,2.1004566210045663
GY,13964.0,13671.0,293.0,2.0982526496705813
NLDA,11162.0,10928.0,234.0,2.0963984948933883
MWX,5106.0,4999.0,107.0,2.0955738347042696
KTRD,1722.0,1686.0,36.0,2.0905923344947737
RJN,18562.0,18175.0,387.0,2.084904643896132
KCO,3650.0,3574.0,76.0,2.0821917808219177
BRDT,3650.0,3574.0,76.0,2.0821917808219177
SKX,3650.0,3574.0,76.0,2.0821917808219177
TRT,8651.0,8471.0,180.0,2.080684313952144
NNA,13176.0,12902.0,274.0,2.079538554948391
VRL,9722.0,9520.0,202.0,2.077761777412055
SRJ,8865.0,8681.0,184.0,2.0755781161872533
HWH,54919.0,53785.0,1134.0,2.0648591562118757
TIT,15329.0,15013.0,316.0,2.0614521495205165
HIL,4081.0,3997.0,84.0,2.0583190394511153
DHRJ,1460.0,1430.0,30.0,2.054794520547945
CVD,1460.0,1430.0,30.0,2.054794520547945
BDHN,1460.0,1430.0,30.0,2.054794520547945
BBL,2920.0,2860.0,60.0,2.054794520547945
MPLM,1460.0,1430.0,30.0,2.054794520547945
GDRA,1460.0,1430.0,30.0,2.054794520547945
SWE,1460.0,1430.0,30.0,2.054794520547945
KAA,2920.0,2860.0,60.0,2.054794520547945
NPML,1460.0,1430.0,30.0,2.054794520547945
VPO,1460.0,1430.0,30.0,2.054794520547945
SB,2920.0,2860.0,60.0,2.054794520547945
MRTD,1460.0,1430.0,30.0,2.054794520547945
URL,1460.0,1430.0,30.0,2.054794520547945
BDN,2920.0,2860.0,60.0,2.054794520547945
LTHR,8006.0,7842.0,164.0,2.0484636522608044
LD,10010.0,9805.0,205.0,2.047952047952048
CRY,9385.0,9193.0,192.0,2.0458177943526903
VKA,9490.0,9296.0,194.0,2.0442571127502633
JTW,7300.0,7151.0,149.0,2.041095890410959
MUE,13974.0,13689.0,285.0,2.0395019321597254
BQSP,2555.0,2503.0,52.0,2.0352250489236794
TMQ,7279.0,7131.0,148.0,2.0332463250446486
BRML,6100.0,5976.0,124.0,2.0327868852459017
HME,6100.0,5976.0,124.0,2.0327868852459017
SXZM,6100.0,5976.0,124.0,2.0327868852459017
MZMA,6100.0,5976.0,124.0,2.0327868852459017
PTTN,6100.0,5976.0,124.0,2.0327868852459017
DQN,4428.0,4338.0,90.0,2.0325203252032518
GRKA,4379.0,4290.0,89.0,2.0324274948618406
NDRT,4379.0,4290.0,89.0,2.0324274948618406
BJWS,4379.0,4290.0,89.0,2.0324274948618406
NWN,4379.0,4290.0,89.0,2.0324274948618406
TKG,7486.0,7334.0,152.0,2.030456852791878
GHSR,1875.0,1837.0,38.0,2.0266666666666664
PML,8241.0,8074.0,167.0,2.026453100351899
SORO,9682.0,9486.0,196.0,2.0243751291055565
SI,3858.0,3780.0,78.0,2.021772939346812
BDM,6138.0,6014.0,124.0,2.0202020202020203
MHQ,4066.0,3984.0,82.0,2.016724053123463
ICL,1339.0,1312.0,27.0,2.0164301717699775
DXU,1339.0,1312.0,27.0,2.0164301717699775
DPSR,1339.0,1312.0,27.0,2.0164301717699775
AKW,1339.0,1312.0,27.0,2.0164301717699775
IGTA,1339.0,1312.0,27.0,2.0164301717699775
SIRA,1339.0,1312.0,27.0,2.0164301717699775
RAL,5110.0,5007.0,103.0,2.015655577299413
CIV,5110.0,5007.0,103.0,2.015655577299413
POA,5110.0,5007.0,103.0,2.015655577299413
VMU,5110.0,5007.0,103.0,2.015655577299413
BQU,5110.0,5007.0,103.0,2.015655577299413
KAN,16059.0,15736.0,323.0,2.0113332087925775
MBV,2190.0,2146.0,44.0,2.009132420091324
KORI,2190.0,2146.0,44.0,2.009132420091324
MNHA,2190.0,2146.0,44.0,2.009132420091324
APJ,2190.0,2146.0,44.0,2.009132420091324
SFE,2190.0,2146.0,44.0,2.009132420091324
KMNP,2190.0,2146.0,44.0,2.009132420091324
PCMK,2190.0,2146.0,44.0,2.009132420091324
AN,8864.0,8686.0,178.0,2.0081227436823106
PIRO,4485.0,4395.0,90.0,2.0066889632107023
JVN,4795.0,4699.0,96.0,2.002085505735141
MOF,3650.0,3577.0,73.0,2.0
KBM,3962.0,3883.0,79.0,1.9939424533064107
GDR,28549.0,27980.0,569.0,1.9930645556762057
TUP,28004.0,27447.0,557.0,1.9890015712041138
BYQ,2920.0,2862.0,58.0,1.9863013698630139
NHF,2920.0,2862.0,58.0,1.9863013698630139
MME,3024.0,2964.0,60.0,1.984126984126984
PATA,3335.0,3269.0,66.0,1.9790104947526237
EKL,3335.0,3269.0,66.0,1.9790104947526237
ULD,3335.0,3269.0,66.0,1.9790104947526237
SHW,3335.0,3269.0,66.0,1.9790104947526237
KOKA,3650.0,3578.0,72.0,1.9726027397260273
SQN,3650.0,3578.0,72.0,1.9726027397260273
TAR,3650.0,3578.0,72.0,1.9726027397260273
RRL,3650.0,3578.0,72.0,1.9726027397260273
CHCR,3650.0,3578.0,72.0,1.9726027397260273
KHAT,3650.0,3578.0,72.0,1.9726027397260273
NIP,3654.0,3582.0,72.0,1.9704433497536946
MADA,3654.0,3582.0,72.0,1.9704433497536946
KUND,3654.0,3582.0,72.0,1.9704433497536946
MBAH,3098.0,3037.0,61.0,1.9690122659780502
DZP,2190.0,2147.0,43.0,1.9634703196347032
PKY,2190.0,2147.0,43.0,1.9634703196347032
TDW,2190.0,2147.0,43.0,1.9634703196347032
SCPD,2242.0,2198.0,44.0,1.9625334522747548
MABD,15006.0,14712.0,294.0,1.9592163134746103
YLM,9496.0,9310.0,186.0,1.9587194608256107
JIND,21942.0,21513.0,429.0,1.9551544982225868
BNA,3737.0,3664.0,73.0,1.9534385871019535
DTP,4308.0,4224.0,84.0,1.9498607242339834
NPV,3232.0,3169.0,63.0,1.9492574257425743
KLNK,6883.0,6749.0,134.0,1.946825512131338
TVCS,3911.0,3835.0,76.0,1.9432370237790848
PAN,20752.0,20349.0,403.0,1.9419814957594448
BEM,4686.0,4595.0,91.0,1.9419547588561674
DDN,8344.0,8182.0,162.0,1.9415148609779485
NSI,4276.0,4193.0,83.0,1.941066417212348
LXD,4276.0,4193.0,83.0,1.941066417212348
UMRI,7986.0,7831.0,155.0,1.9408965689957425
SSM,23908.0,23444.0,464.0,1.9407729630249289
DDU,52740.0,51718.0,1022.0,1.9378081152825182
CNGR,20438.0,20042.0,396.0,1.9375672766415502
HX,12108.0,11874.0,234.0,1.9326065411298314
PAP,8759.0,8590.0,169.0,1.929444000456673
BNT,7517.0,7372.0,145.0,1.9289610216841824
LM,5158.0,5059.0,99.0,1.9193485847227607
WJ,730.0,716.0,14.0,1.9178082191780823
CAT,730.0,716.0,14.0,1.9178082191780823
CJE,730.0,716.0,14.0,1.9178082191780823
MXJ,730.0,716.0,14.0,1.9178082191780823
JKS,1460.0,1432.0,28.0,1.9178082191780823
BMKJ,1460.0,1432.0,28.0,1.9178082191780823
PALR,730.0,716.0,14.0,1.9178082191780823
TMH,730.0,716.0,14.0,1.9178082191780823
MGKP,730.0,716.0,14.0,1.9178082191780823
KTCE,730.0,716.0,14.0,1.9178082191780823
DMSR,730.0,716.0,14.0,1.9178082191780823
JATP,730.0,716.0,14.0,1.9178082191780823
SAO,2190.0,2148.0,42.0,1.9178082191780823
JTKN,730.0,716.0,14.0,1.9178082191780823
GEA,2190.0,2148.0,42.0,1.9178082191780823
KAHL,730.0,716.0,14.0,1.9178082191780823
RTZ,2190.0,2148.0,42.0,1.9178082191780823
AGA,1460.0,1432.0,28.0,1.9178082191780823
RDY,365.0,358.0,7.0,1.9178082191780823
BTYA,730.0,716.0,14.0,1.9178082191780823
TMLP,730.0,716.0,14.0,1.9178082191780823
BDRI,730.0,716.0,14.0,1.9178082191780823
RNI,730.0,716.0,14.0,1.9178082191780823
JTN,1460.0,1432.0,28.0,1.9178082191780823
SNA,4745.0,4654.0,91.0,1.9178082191780823
LCH,1460.0,1432.0,28.0,1.9178082191780823
HDU,2190.0,2148.0,42.0,1.9178082191780823
DMZ,730.0,716.0,14.0,1.9178082191780823
BPUR,730.0,716.0,14.0,1.9178082191780823
SIPI,730.0,716.0,14.0,1.9178082191780823
DGD,2190.0,2148.0,42.0,1.9178082191780823
BJQ,2190.0,2148.0,42.0,1.9178082191780823
BUJA,730.0,716.0,14.0,1.9178082191780823
ARN,1460.0,1432.0,28.0,1.9178082191780823
BQQ,2190.0,2148.0,42.0,1.9178082191780823
KRDN,730.0,716.0,14.0,1.9178082191780823
NTT,365.0,358.0,7.0,1.9178082191780823
PYV,365.0,358.0,7.0,1.9178082191780823
KAPU,730.0,716.0,14.0,1.9178082191780823
DTJ,1460.0,1432.0,28.0,1.9178082191780823
OD,4745.0,4654.0,91.0,1.9178082191780823
MAKP,730.0,716.0,14.0,1.9178082191780823
BASR,730.0,716.0,14.0,1.9178082191780823
BKD,1460.0,1432.0,28.0,1.9178082191780823
BAJ,4745.0,4654.0,91.0,1.9178082191780823
KRPU,4589.0,4501.0,88.0,1.917629113096535
CRP,16685.0,16366.0,319.0,1.911896913395265
BDJ,15853.0,15550.0,303.0,1.9113101621144262
BRAG,8760.0,8593.0,167.0,1.906392694063927
RSG,6620.0,6494.0,126.0,1.9033232628398793
BXL,6620.0,6494.0,126.0,1.9033232628398793
CBSA,2786.0,2733.0,53.0,1.9023689877961234
TUNI,15467.0,15173.0,294.0,1.90082110299347
CHLR,1477.0,1449.0,28.0,1.8957345971563981
JBP,36885.0,36186.0,699.0,1.8950793005286701
TDL,30507.0,29929.0,578.0,1.894647130166847
SGUJ,13763.0,13503.0,260.0,1.8891230109714452
NCB,18286.0,17941.0,345.0,1.8866892704801488
BABR,4673.0,4585.0,88.0,1.8831585705114489
GLY,4673.0,4585.0,88.0,1.8831585705114489
JGP,2921.0,2866.0,55.0,1.8829168093118793
HBLN,1859.0,1824.0,35.0,1.8827326519634213
SONH,3187.0,3127.0,60.0,1.882648258550361
KAV,5110.0,5014.0,96.0,1.8786692759295498
KNHN,5110.0,5014.0,96.0,1.8786692759295498
IPG,373.0,366.0,7.0,1.876675603217158
MXH,6566.0,6443.0,123.0,1.8732866280840694
MXK,2937.0,2882.0,55.0,1.8726591760299627
MKU,15916.0,15618.0,298.0,1.8723297310882132
PTRA,1875.0,1840.0,35.0,1.866666666666667
BYT,19626.0,19260.0,366.0,1.86487312748395
MLB,2199.0,2158.0,41.0,1.8644838562983175
SBDP,3650.0,3582.0,68.0,1.8630136986301369
NJP,24507.0,24051.0,456.0,1.8606928632635573
KTYM,22003.0,21594.0,409.0,1.8588374312593736
SKA,4792.0,4703.0,89.0,1.857262103505843
ROK,28440.0,27912.0,528.0,1.8565400843881856
KP,11368.0,11157.0,211.0,1.8560872624912035
TRO,8030.0,7881.0,149.0,1.855541718555417
PAHB,3079.0,3022.0,57.0,1.8512504059759662
KIK,5945.0,5835.0,110.0,1.8502943650126156
NCR,5945.0,5835.0,110.0,1.8502943650126156
LIJ,2920.0,2866.0,54.0,1.8493150684931507
TRJ,2920.0,2866.0,54.0,1.8493150684931507
HMQ,1460.0,1433.0,27.0,1.8493150684931507
TPV,2920.0,2866.0,54.0,1.8493150684931507
DHY,1460.0,1433.0,27.0,1.8493150684931507
KLWN,1460.0,1433.0,27.0,1.8493150684931507
KKT,2920.0,2866.0,54.0,1.8493150684931507
NKBR,2920.0,2866.0,54.0,1.8493150684931507
SPYA,2920.0,2866.0,54.0,1.8493150684931507
GSRM,2920.0,2866.0,54.0,1.8493150684931507
MTBG,2920.0,2866.0,54.0,1.8493150684931507
CHAF,2920.0,2866.0,54.0,1.8493150684931507
BAGJ,2920.0,2866.0,54.0,1.8493150684931507
SSU,2920.0,2866.0,54.0,1.8493150684931507
DAB,8986.0,8820.0,166.0,1.8473180503004676
RMW,2331.0,2288.0,43.0,1.8447018447018446
AAP,2331.0,2288.0,43.0,1.8447018447018446
PJY,2331.0,2288.0,43.0,1.8447018447018446
BPU,2331.0,2288.0,43.0,1.8447018447018446
MTO,2331.0,2288.0,43.0,1.8447018447018446
GH,4015.0,3941.0,74.0,1.843088418430884
DK,5110.0,5016.0,94.0,1.8395303326810175
UMH,5110.0,5016.0,94.0,1.8395303326810175
LTT,18144.0,17811.0,333.0,1.8353174603174605
JAJ,24039.0,23598.0,441.0,1.8345189067764882
KBQ,4638.0,4553.0,85.0,1.8326865028029322
HDB,3337.0,3276.0,61.0,1.8279892118669463
MWW,2190.0,2150.0,40.0,1.82648401826484
BSKO,2190.0,2150.0,40.0,1.82648401826484
GLNA,2190.0,2150.0,40.0,1.82648401826484
DGW,2190.0,2150.0,40.0,1.82648401826484
JGR,3285.0,3225.0,60.0,1.82648401826484
SRRG,2190.0,2150.0,40.0,1.82648401826484
ALJN,29668.0,29128.0,540.0,1.820142914925172
DBLA,5114.0,5021.0,93.0,1.8185373484552207
KAWT,5114.0,5021.0,93.0,1.8185373484552207
KHRK,4015.0,3942.0,73.0,1.8181818181818181
PNP,29113.0,28584.0,529.0,1.8170576718304539
LOT,2920.0,2867.0,53.0,1.8150684931506849
NCJ,14330.0,14070.0,260.0,1.8143754361479414
KARD,5734.0,5630.0,104.0,1.8137425880711544
NGG,6570.0,6451.0,119.0,1.8112633181126332
BDHL,2430.0,2386.0,44.0,1.8106995884773662
KCC,9123.0,8958.0,165.0,1.8086155869779679
BGO,5110.0,5018.0,92.0,1.8003913894324854
SBC,53807.0,52841.0,966.0,1.7953054435296525
FKM,6465.0,6349.0,116.0,1.794276875483372
BKRO,3129.0,3073.0,56.0,1.7897091722595078
VGLJ,49478.0,48595.0,883.0,1.7846315534176804
DLN,17207.0,16900.0,307.0,1.784157610274888
GOK,3536.0,3473.0,63.0,1.7816742081447963
DORD,2920.0,2868.0,52.0,1.7808219178082192
BMGR,3650.0,3585.0,65.0,1.7808219178082192
BDCR,2920.0,2868.0,52.0,1.7808219178082192
DOH,730.0,717.0,13.0,1.7808219178082192
DLX,3650.0,3585.0,65.0,1.7808219178082192
KRA,2920.0,2868.0,52.0,1.7808219178082192
CPBH,2920.0,2868.0,52.0,1.7808219178082192
DKMN,2920.0,2868.0,52.0,1.7808219178082192
NBS,730.0,717.0,13.0,1.7808219178082192
DHNA,3650.0,3585.0,65.0,1.7808219178082192
KZW,1460.0,1434.0,26.0,1.7808219178082192
AWS,2190.0,2151.0,39.0,1.7808219178082192
GRRG,2190.0,2151.0,39.0,1.7808219178082192
KAU,3650.0,3585.0,65.0,1.7808219178082192
JTK,3650.0,3585.0,65.0,1.7808219178082192
HTW,5111.0,5020.0,91.0,1.7804734885540991
MGC,4337.0,4260.0,77.0,1.7754207977864884
PARD,4337.0,4260.0,77.0,1.7754207977864884
FDB,18579.0,18250.0,329.0,1.7708165132676676
BCA,14311.0,14058.0,253.0,1.7678708685626443
DTN,1529.0,1502.0,27.0,1.7658600392413342
KZJ,26135.0,25674.0,461.0,1.7639181174669984
MJG,5840.0,5737.0,103.0,1.7636986301369864
TNKU,10606.0,10419.0,187.0,1.7631529323024704
ALS,5110.0,5020.0,90.0,1.761252446183953
SVC,5110.0,5020.0,90.0,1.761252446183953
UDKL,626.0,615.0,11.0,1.7571884984025559
KHUT,626.0,615.0,11.0,1.7571884984025559
BBK,22007.0,21621.0,386.0,1.753987367655746
BPE,4276.0,4201.0,75.0,1.7539756782039289
KDTN,3650.0,3586.0,64.0,1.7534246575342465
KTT,3650.0,3586.0,64.0,1.7534246575342465
DPS,2396.0,2354.0,42.0,1.7529215358931551
BSX,9362.0,9198.0,164.0,1.751762443922239
CYI,8281.0,8136.0,145.0,1.7509962564907622
SVQ,3545.0,3483.0,62.0,1.7489421720733427
BMPR,2921.0,2870.0,51.0,1.7459774049982884
MUUA,4015.0,3945.0,70.0,1.7434620174346203
KNNK,5109.0,5020.0,89.0,1.7420238794284597
BHET,6719.0,6602.0,117.0,1.7413305551421343
BYNR,7083.0,6960.0,123.0,1.736552308343922
JJKR,20846.0,20484.0,362.0,1.7365441811378681
BRU,4380.0,4304.0,76.0,1.7351598173515983
MPD,1615.0,1587.0,28.0,1.7337461300309598
BC,12357.0,12143.0,214.0,1.7318119284616007
SMPR,5786.0,5686.0,100.0,1.7283097131005878
HDK,4406.0,4330.0,76.0,1.7249205628688153
DWR,11836.0,11632.0,204.0,1.723555255153768
MDS,10680.0,10496.0,184.0,1.7228464419475655
NSD,7838.0,7703.0,135.0,1.722378157693289
KHH,5538.0,5443.0,95.0,1.7154207295052366
DABN,2920.0,2870.0,50.0,1.7123287671232876
HIP,5622.0,5526.0,96.0,1.7075773745997866
RDU,2345.0,2305.0,40.0,1.7057569296375266
HAUR,2345.0,2305.0,40.0,1.7057569296375266
AGTL,6569.0,6457.0,112.0,1.704977926625057
PRDP,3754.0,3690.0,64.0,1.7048481619605753
MBY,6879.0,6762.0,117.0,1.70082860880942
RCRA,3650.0,3588.0,62.0,1.6986301369863015
MVKR,3650.0,3588.0,62.0,1.6986301369863015
JKI,3650.0,3588.0,62.0,1.6986301369863015
RJ,3650.0,3588.0,62.0,1.6986301369863015
LPW,3650.0,3588.0,62.0,1.6986301369863015
SRNK,4477.0,4401.0,76.0,1.6975653339289705
GRRU,9073.0,8919.0,154.0,1.697343767221426
MAG,10608.0,10428.0,180.0,1.6968325791855203
UDMR,2070.0,2035.0,35.0,1.6908212560386473
PNYA,4380.0,4306.0,74.0,1.6894977168949772
RNW,4203.0,4132.0,71.0,1.6892695693552224
BSP,30315.0,29803.0,512.0,1.6889328715157512
SSW,2555.0,2512.0,43.0,1.6829745596868884
HSA,5115.0,5029.0,86.0,1.6813294232649074
DJX,2920.0,2871.0,49.0,1.678082191780822
KISN,2920.0,2871.0,49.0,1.678082191780822
BHI,5433.0,5342.0,91.0,1.6749493833977545
ODM,9436.0,9278.0,158.0,1.6744383213225942
DZB,5317.0,5228.0,89.0,1.6738762460033851
RC,17344.0,17054.0,290.0,1.6720479704797047
DWP,9002.0,8852.0,150.0,1.6662963785825373
CCT,6066.0,5965.0,101.0,1.6650181338608638
KHMA,4629.0,4552.0,77.0,1.6634262259667316
TPU,4629.0,4552.0,77.0,1.6634262259667316
KNLS,2896.0,2848.0,48.0,1.6574585635359116
BAK,1460.0,1436.0,24.0,1.643835616438356
ODUR,2190.0,2154.0,36.0,1.643835616438356
BMK,1460.0,1436.0,24.0,1.643835616438356
TNP,2190.0,2154.0,36.0,1.643835616438356
KAVM,2190.0,2154.0,36.0,1.643835616438356
PES,6570.0,6462.0,108.0,1.643835616438356
PEL,2190.0,2154.0,36.0,1.643835616438356
PYA,2190.0,2154.0,36.0,1.643835616438356
GSW,1460.0,1436.0,24.0,1.643835616438356
KHPR,730.0,718.0,12.0,1.643835616438356
NAWN,1460.0,1436.0,24.0,1.643835616438356
KAUA,1460.0,1436.0,24.0,1.643835616438356
KASA,730.0,718.0,12.0,1.643835616438356
AIPP,2190.0,2154.0,36.0,1.643835616438356
AIP,2190.0,2154.0,36.0,1.643835616438356
PDRD,1460.0,1436.0,24.0,1.643835616438356
UWAN,1460.0,1436.0,24.0,1.643835616438356
KKAS,1460.0,1436.0,24.0,1.643835616438356
SIHI,730.0,718.0,12.0,1.643835616438356
JW,1460.0,1436.0,24.0,1.643835616438356
PDMA,1460.0,1436.0,24.0,1.643835616438356
BES,1460.0,1436.0,24.0,1.643835616438356
KVP,2190.0,2154.0,36.0,1.643835616438356
RMH,1460.0,1436.0,24.0,1.643835616438356
BWB,1460.0,1436.0,24.0,1.643835616438356
KUJU,1460.0,1436.0,24.0,1.643835616438356
MJR,2190.0,2154.0,36.0,1.643835616438356
KUT,1460.0,1436.0,24.0,1.643835616438356
RTK,1460.0,1436.0,24.0,1.643835616438356
DKU,1460.0,1436.0,24.0,1.643835616438356
KAGA,1460.0,1436.0,24.0,1.643835616438356
BPMH,1460.0,1436.0,24.0,1.643835616438356
NPKM,2190.0,2154.0,36.0,1.643835616438356
DVR,2190.0,2154.0,36.0,1.643835616438356
SHIH,1460.0,1436.0,24.0,1.643835616438356
UMNR,5110.0,5026.0,84.0,1.643835616438356
JUJA,1460.0,1436.0,24.0,1.643835616438356
APB,2190.0,2154.0,36.0,1.643835616438356
JRPD,1460.0,1436.0,24.0,1.643835616438356
MGZ,1460.0,1436.0,24.0,1.643835616438356
MNDU,1460.0,1436.0,24.0,1.643835616438356
AMPR,1460.0,1436.0,24.0,1.643835616438356
SSHT,1460.0,1436.0,24.0,1.643835616438356
VOC,2190.0,2154.0,36.0,1.643835616438356
AKAT,2190.0,2154.0,36.0,1.643835616438356
KSNA,1460.0,1436.0,24.0,1.643835616438356
CHH,3285.0,3231.0,54.0,1.643835616438356
MTHP,2920.0,2872.0,48.0,1.643835616438356
AKM,2190.0,2154.0,36.0,1.643835616438356
CHRI,1460.0,1436.0,24.0,1.643835616438356
JHIR,1460.0,1436.0,24.0,1.643835616438356
WAAD,730.0,718.0,12.0,1.643835616438356
AMDI,1460.0,1436.0,24.0,1.643835616438356
TVT,2190.0,2154.0,36.0,1.643835616438356
BGHT,1460.0,1436.0,24.0,1.643835616438356
BNPH,1460.0,1436.0,24.0,1.643835616438356
ENR,2190.0,2154.0,36.0,1.643835616438356
ELR,2190.0,2154.0,36.0,1.643835616438356
PADH,1460.0,1436.0,24.0,1.643835616438356
NRYP,976.0,960.0,16.0,1.639344262295082
SLY,4639.0,4563.0,76.0,1.6382841129553782
DRL,7089.0,6973.0,116.0,1.636337988432783
HNA,3549.0,3491.0,58.0,1.6342631727247112
AHA,15420.0,15168.0,252.0,1.634241245136187
ANV,12434.0,12231.0,203.0,1.632620234839955
JLS,2207.0,2171.0,36.0,1.6311735387403714
MASS,9020.0,8873.0,147.0,1.629711751662971
SCH,6935.0,6822.0,113.0,1.6294160057678444
BDVL,5403.0,5315.0,88.0,1.628724782528225
MXT,4247.0,4178.0,69.0,1.6246762420532141
TBT,4380.0,4309.0,71.0,1.6210045662100456
KLNA,2349.0,2311.0,38.0,1.6177096636866752
SGL,12811.0,12604.0,207.0,1.615798922800718
BRHI,1982.0,1950.0,32.0,1.6145307769929365
NMH,10680.0,10508.0,172.0,1.6104868913857677
VVN,2920.0,2873.0,47.0,1.6095890410958904
OND,2921.0,2874.0,47.0,1.609038000684697
DPR,7404.0,7285.0,119.0,1.6072393300918424
MGR,4797.0,4720.0,77.0,1.6051698978528248
BPGJ,5363.0,5277.0,86.0,1.6035800857728884
ANKL,3629.0,3571.0,58.0,1.5982364287682558
MJBK,4380.0,4310.0,70.0,1.5981735159817352
BEP,2190.0,2155.0,35.0,1.5981735159817352
WKND,3828.0,3767.0,61.0,1.593521421107628
IAM,3828.0,3767.0,61.0,1.593521421107628
BBHT,3828.0,3767.0,61.0,1.593521421107628
OREH,3828.0,3767.0,61.0,1.593521421107628
NZP,3828.0,3767.0,61.0,1.593521421107628
SLB,8552.0,8416.0,136.0,1.5902712815715623
KGP,43290.0,42605.0,685.0,1.5823515823515826
IQG,1460.0,1437.0,23.0,1.5753424657534247
CTT,1460.0,1437.0,23.0,1.5753424657534247
MAA,1460.0,1437.0,23.0,1.5753424657534247
PAS,2920.0,2874.0,46.0,1.5753424657534247
UM,1460.0,1437.0,23.0,1.5753424657534247
JTY,1460.0,1437.0,23.0,1.5753424657534247
KRJD,1460.0,1437.0,23.0,1.5753424657534247
SZA,1460.0,1437.0,23.0,1.5753424657534247
SIM,1460.0,1437.0,23.0,1.5753424657534247
RRE,4068.0,4004.0,64.0,1.5732546705998034
TEL,30925.0,30439.0,486.0,1.5715440582053355
CDGR,8656.0,8520.0,136.0,1.5711645101663587
MBNR,15024.0,14788.0,236.0,1.5708200212992547
BWN,52164.0,51345.0,819.0,1.570048309178744
KPY,17520.0,17245.0,275.0,1.569634703196347
PHOP,1340.0,1319.0,21.0,1.5671641791044775
DGBH,5363.0,5279.0,84.0,1.5662875256386348
KSNR,2555.0,2515.0,40.0,1.5655577299412915
VKNR,2555.0,2515.0,40.0,1.5655577299412915
KZA,4745.0,4671.0,74.0,1.5595363540569018
CKMI,3917.0,3856.0,61.0,1.5573142711258616
PSA,20313.0,19997.0,316.0,1.555654014670408
GJ,2190.0,2156.0,34.0,1.552511415525114
KWN,2190.0,2156.0,34.0,1.552511415525114
BUS,2190.0,2156.0,34.0,1.552511415525114
KHOH,2190.0,2156.0,34.0,1.552511415525114
MNU,2190.0,2156.0,34.0,1.552511415525114
DWI,2190.0,2156.0,34.0,1.552511415525114
RNBT,2190.0,2156.0,34.0,1.552511415525114
LKNA,2190.0,2156.0,34.0,1.552511415525114
BIP,2190.0,2156.0,34.0,1.552511415525114
MUW,5733.0,5644.0,89.0,1.5524158381301238
SNQ,5733.0,5644.0,89.0,1.5524158381301238
UDR,5423.0,5339.0,84.0,1.5489581412502305
MAJN,12141.0,11953.0,188.0,1.5484721192652995
MTL,2920.0,2875.0,45.0,1.5410958904109588
MJ,16483.0,16229.0,254.0,1.5409816174240125
DR,32515.0,32014.0,501.0,1.54082731047209
MTI,2207.0,2173.0,34.0,1.5405527865881288
DAKE,3128.0,3080.0,48.0,1.5345268542199488
HIJ,8446.0,8317.0,129.0,1.5273502249585604
TDD,18532.0,18249.0,283.0,1.5270882797323548
CIA,2227.0,2193.0,34.0,1.5267175572519083
TMX,5768.0,5680.0,88.0,1.5256588072122053
KTJI,5840.0,5751.0,89.0,1.523972602739726
PGR,6569.0,6469.0,100.0,1.522301720200944
MFKA,4275.0,4210.0,65.0,1.5204678362573099
CLG,10070.0,9917.0,153.0,1.519364448857994
DURG,33609.0,33102.0,507.0,1.5085245023654377
KHRA,2920.0,2876.0,44.0,1.5068493150684932
DPW,1460.0,1438.0,22.0,1.5068493150684932
PNJ,1460.0,1438.0,22.0,1.5068493150684932
CRN,1460.0,1438.0,22.0,1.5068493150684932
NWA,1460.0,1438.0,22.0,1.5068493150684932
KTWS,2920.0,2876.0,44.0,1.5068493150684932
MNR,2920.0,2876.0,44.0,1.5068493150684932
HNG,2920.0,2876.0,44.0,1.5068493150684932
TTW,1460.0,1438.0,22.0,1.5068493150684932
GDU,1460.0,1438.0,22.0,1.5068493150684932
CGLA,1460.0,1438.0,22.0,1.5068493150684932
JLLO,2920.0,2876.0,44.0,1.5068493150684932
AAS,2920.0,2876.0,44.0,1.5068493150684932
SMC,1460.0,1438.0,22.0,1.5068493150684932
MGDR,1460.0,1438.0,22.0,1.5068493150684932
MFP,36922.0,36366.0,556.0,1.5058772547532637
CTC,34872.0,34347.0,525.0,1.5055058499655884
LKT,4858.0,4785.0,73.0,1.5026759983532316
ANND,46101.0,45409.0,692.0,1.501052037916748
CGL,23958.0,23599.0,359.0,1.4984556306870356
KEE,2813.0,2771.0,42.0,1.4930678990401707
SSDT,938.0,924.0,14.0,1.4925373134328357
DHJ,2816.0,2774.0,42.0,1.4914772727272727
PPV,3890.0,3832.0,58.0,1.4910025706940875
SKW,2555.0,2517.0,38.0,1.487279843444227
KJC,2555.0,2517.0,38.0,1.487279843444227
BMY,2555.0,2517.0,38.0,1.487279843444227
KSF,2555.0,2517.0,38.0,1.487279843444227
GGG,2555.0,2517.0,38.0,1.487279843444227
KRTL,2555.0,2517.0,38.0,1.487279843444227
MQW,2555.0,2517.0,38.0,1.487279843444227
KCU,2555.0,2517.0,38.0,1.487279843444227
CUX,4380.0,4315.0,65.0,1.4840182648401825
JHN,7300.0,7192.0,108.0,1.4794520547945205
LNH,3521.0,3469.0,52.0,1.4768531667140017
MDT,2920.0,2877.0,43.0,1.4726027397260275
CMJ,8025.0,7907.0,118.0,1.4704049844236762
BRD,13978.0,13773.0,205.0,1.4665903562741451
MDN,10638.0,10482.0,156.0,1.4664410603496898
KEPR,1774.0,1748.0,26.0,1.4656144306651635
BJMD,2187.0,2155.0,32.0,1.4631915866483767
KKNA,2190.0,2158.0,32.0,1.461187214611872
BLSD,2190.0,2158.0,32.0,1.461187214611872
PW,2190.0,2158.0,32.0,1.461187214611872
KRC,2190.0,2158.0,32.0,1.461187214611872
LOHA,2190.0,2158.0,32.0,1.461187214611872
MBSK,2190.0,2158.0,32.0,1.461187214611872
SVO,2190.0,2158.0,32.0,1.461187214611872
RTGH,13758.0,13557.0,201.0,1.4609681639773224
PRLI,8012.0,7895.0,117.0,1.4603095356964553
RNPR,5003.0,4930.0,73.0,1.4591245252848293
SEB,7404.0,7296.0,108.0,1.4586709886547813
BHS,20854.0,20550.0,304.0,1.4577539081231419
BDGM,7840.0,7726.0,114.0,1.4540816326530612
KLX,3650.0,3597.0,53.0,1.452054794520548
DZL,2555.0,2518.0,37.0,1.4481409001956946
FGH,2555.0,2518.0,37.0,1.4481409001956946
ND,31497.0,31041.0,456.0,1.4477569292313555
GTL,26870.0,26481.0,389.0,1.4477112020841085
KEM,4154.0,4094.0,60.0,1.4443909484833894
SHTS,1248.0,1230.0,18.0,1.4423076923076923
SRMP,1248.0,1230.0,18.0,1.4423076923076923
RJLA,5839.0,5755.0,84.0,1.4386025004281555
NRGO,5839.0,5755.0,84.0,1.4386025004281555
LHB,5839.0,5755.0,84.0,1.4386025004281555
GHJ,6465.0,6372.0,93.0,1.4385150812064964
REI,2920.0,2878.0,42.0,1.4383561643835616
ANA,2920.0,2878.0,42.0,1.4383561643835616
KSW,2920.0,2878.0,42.0,1.4383561643835616
LDA,2920.0,2878.0,42.0,1.4383561643835616
ISH,2920.0,2878.0,42.0,1.4383561643835616
SMRR,2920.0,2878.0,42.0,1.4383561643835616
SYA,2920.0,2878.0,42.0,1.4383561643835616
NOI,2920.0,2878.0,42.0,1.4383561643835616
GW,2920.0,2878.0,42.0,1.4383561643835616
RSWT,2503.0,2467.0,36.0,1.4382740711146624
JOP,6261.0,6171.0,90.0,1.4374700527072353
HAS,10728.0,10574.0,154.0,1.435495898583147
CRJ,20436.0,20143.0,293.0,1.4337443726756705
DPX,5110.0,5037.0,73.0,1.4285714285714286
BFM,5110.0,5037.0,73.0,1.4285714285714286
MTR,8342.0,8223.0,119.0,1.426516422920163
APDJ,7931.0,7818.0,113.0,1.4247888034295801
NOQ,12015.0,11844.0,171.0,1.4232209737827715
NGP,35136.0,34637.0,499.0,1.420195810564663
ADB,4014.0,3957.0,57.0,1.4200298953662183
GBK,6570.0,6477.0,93.0,1.4155251141552512
BLU,6571.0,6478.0,93.0,1.4153096941104855
JRW,3543.0,3493.0,50.0,1.4112334180073385
YPR,35327.0,34829.0,498.0,1.4096866419452543
SID,4897.0,4828.0,69.0,1.4090259342454563
ZB,5540.0,5462.0,78.0,1.407942238267148
LTG,1355.0,1336.0,19.0,1.4022140221402213
BPV,1355.0,1336.0,19.0,1.4022140221402213
CAPG,1355.0,1336.0,19.0,1.4022140221402213
MYGD,1355.0,1336.0,19.0,1.4022140221402213
NYRH,1355.0,1336.0,19.0,1.4022140221402213
MLBZ,1355.0,1336.0,19.0,1.4022140221402213
NOR,1355.0,1336.0,19.0,1.4022140221402213
JDGP,1355.0,1336.0,19.0,1.4022140221402213
BDS,1355.0,1336.0,19.0,1.4022140221402213
DOI,1355.0,1336.0,19.0,1.4022140221402213
SPT,11910.0,11743.0,167.0,1.4021830394626364
PTRE,2069.0,2040.0,29.0,1.401643305944901
KTRR,2069.0,2040.0,29.0,1.401643305944901
JSB,2069.0,2040.0,29.0,1.401643305944901
TLHR,4588.0,4524.0,64.0,1.3949433304272014
HAB,1147.0,1131.0,16.0,1.3949433304272014
BAGA,3160.0,3116.0,44.0,1.3924050632911391
CLX,21300.0,21004.0,296.0,1.3896713615023475
NH,17592.0,17348.0,244.0,1.3869940882219192
BNU,4692.0,4627.0,65.0,1.3853367433930093
BIRD,8955.0,8831.0,124.0,1.3847012841987716
CT,7904.0,7795.0,109.0,1.3790485829959513
BQA,17264.0,17026.0,238.0,1.3785912882298423
TTQ,3346.0,3300.0,46.0,1.3747758517632995
TY,364.0,359.0,5.0,1.3736263736263736
NGT,8457.0,8341.0,116.0,1.3716447912971503
CWDA,1459.0,1439.0,20.0,1.3708019191226868
KUKA,1459.0,1439.0,20.0,1.3708019191226868
KVGM,2920.0,2880.0,40.0,1.36986301369863
CKNI,730.0,720.0,10.0,1.36986301369863
DDY,4015.0,3960.0,55.0,1.36986301369863
SJKL,2190.0,2160.0,30.0,1.36986301369863
BUPH,730.0,720.0,10.0,1.36986301369863
LOA,1460.0,1440.0,20.0,1.36986301369863
NBT,2190.0,2160.0,30.0,1.36986301369863
MEM,2190.0,2160.0,30.0,1.36986301369863
MDXR,1460.0,1440.0,20.0,1.36986301369863
SSPR,2190.0,2160.0,30.0,1.36986301369863
DSNI,1460.0,1440.0,20.0,1.36986301369863
TAE,730.0,720.0,10.0,1.36986301369863
GDY,1460.0,1440.0,20.0,1.36986301369863
RJGR,2190.0,2160.0,30.0,1.36986301369863
GGT,1460.0,1440.0,20.0,1.36986301369863
LW,730.0,720.0,10.0,1.36986301369863
DNDL,2190.0,2160.0,30.0,1.36986301369863
MIH,730.0,720.0,10.0,1.36986301369863
MHDB,2190.0,2160.0,30.0,1.36986301369863
SCPR,2190.0,2160.0,30.0,1.36986301369863
CRWL,730.0,720.0,10.0,1.36986301369863
SBTJ,2190.0,2160.0,30.0,1.36986301369863
VYK,1460.0,1440.0,20.0,1.36986301369863
CDS,730.0,720.0,10.0,1.36986301369863
GNVR,730.0,720.0,10.0,1.36986301369863
NGI,730.0,720.0,10.0,1.36986301369863
BPK,730.0,720.0,10.0,1.36986301369863
BLG,365.0,360.0,5.0,1.36986301369863
JLW,1460.0,1440.0,20.0,1.36986301369863
SNN,730.0,720.0,10.0,1.36986301369863
BDPK,2190.0,2160.0,30.0,1.36986301369863
WG,730.0,720.0,10.0,1.36986301369863
LDR,1460.0,1440.0,20.0,1.36986301369863
JRZ,2190.0,2160.0,30.0,1.36986301369863
ARNA,2920.0,2880.0,40.0,1.36986301369863
DURE,11827.0,11665.0,162.0,1.3697471886361714
UHR,6153.0,6069.0,84.0,1.3651877133105803
KLRE,6465.0,6377.0,88.0,1.3611755607115237
REWA,6255.0,6170.0,85.0,1.3589128697042365
JMT,14077.0,13886.0,191.0,1.3568231867585423
KJN,7457.0,7356.0,101.0,1.354432077242859
BQI,5630.0,5554.0,76.0,1.3499111900532859
RHN,3858.0,3806.0,52.0,1.347848626231208
MRL,8395.0,8282.0,113.0,1.346039309112567
VDS,9904.0,9771.0,133.0,1.3428917609046849
SCT,8730.0,8613.0,117.0,1.3402061855670102
TLB,6569.0,6481.0,88.0,1.3396255137768307
AKP,17037.0,16809.0,228.0,1.338263778834302
NKB,2920.0,2881.0,39.0,1.3356164383561644
KXG,2920.0,2881.0,39.0,1.3356164383561644
UMED,2920.0,2881.0,39.0,1.3356164383561644
MCN,5995.0,5915.0,80.0,1.3344453711426187
TADA,2710.0,2674.0,36.0,1.3284132841328413
PON,2710.0,2674.0,36.0,1.3284132841328413
RDP,5948.0,5869.0,79.0,1.32817753866846
RGJ,5948.0,5869.0,79.0,1.32817753866846
KAJ,5948.0,5869.0,79.0,1.32817753866846
TORI,8736.0,8620.0,116.0,1.3278388278388278
JMU,14342.0,14152.0,190.0,1.3247803653604797
CLVR,4015.0,3962.0,53.0,1.320049813200498
BSQP,5840.0,5763.0,77.0,1.3184931506849316
PTRL,1825.0,1801.0,24.0,1.315068493150685
PLS,3962.0,3910.0,52.0,1.3124684502776376
GMDN,5110.0,5043.0,67.0,1.3111545988258317
BZA,71156.0,70224.0,932.0,1.3097981898926303
GDA,18044.0,17808.0,236.0,1.3079139880292618
BTRI,2920.0,2882.0,38.0,1.3013698630136987
URN,4380.0,4323.0,57.0,1.3013698630136987
GTP,2920.0,2882.0,38.0,1.3013698630136987
MPG,2920.0,2882.0,38.0,1.3013698630136987
FBD,10619.0,10481.0,138.0,1.2995573971183727
HMBD,2849.0,2812.0,37.0,1.2987012987012987
DHG,3867.0,3817.0,50.0,1.2929919834497028
DXG,6345.0,6263.0,82.0,1.2923561859732071
CPL,1706.0,1684.0,22.0,1.2895662368112544
MLU,1706.0,1684.0,22.0,1.2895662368112544
LNK,10008.0,9879.0,129.0,1.288968824940048
BRZ,3964.0,3913.0,51.0,1.2865792129162463
MHJ,4588.0,4529.0,59.0,1.2859633827375763
HZD,10118.0,9988.0,130.0,1.2848389009685708
AKVD,13010.0,12843.0,167.0,1.2836279784780937
ANG,11063.0,10921.0,142.0,1.2835578052969356
NERH,4923.0,4860.0,63.0,1.2797074954296161
NEW,5002.0,4938.0,64.0,1.2794882047181129
BTVA,1251.0,1235.0,16.0,1.2789768185451638
NML,1251.0,1235.0,16.0,1.2789768185451638
ANMD,2190.0,2162.0,28.0,1.2785388127853883
BLSN,2190.0,2162.0,28.0,1.2785388127853883
NTV,3129.0,3089.0,40.0,1.278363694471077
LIR,3129.0,3089.0,40.0,1.278363694471077
NDNR,626.0,618.0,8.0,1.2779552715654952
WTWI,626.0,618.0,8.0,1.2779552715654952
AMNE,626.0,618.0,8.0,1.2779552715654952
SPWI,626.0,618.0,8.0,1.2779552715654952
KDAA,626.0,618.0,8.0,1.2779552715654952
NLNI,626.0,618.0,8.0,1.2779552715654952
NYDO,626.0,618.0,8.0,1.2779552715654952
NAHT,626.0,618.0,8.0,1.2779552715654952
PNME,14817.0,14628.0,189.0,1.2755618546264427
RPR,9884.0,9758.0,126.0,1.2747875354107647
KTH,6986.0,6897.0,89.0,1.2739765244775265
KBP,2207.0,2179.0,28.0,1.2686905301314002
DDCC,8676.0,8566.0,110.0,1.2678653757491931
NLS,2920.0,2883.0,37.0,1.2671232876712328
PIH,2920.0,2883.0,37.0,1.2671232876712328
JEUR,6553.0,6470.0,83.0,1.26659545246452
NZM,38534.0,38046.0,488.0,1.26641407588104
BTW,4590.0,4532.0,58.0,1.263616557734205
BNO,3650.0,3604.0,46.0,1.2602739726027399
KNDL,1825.0,1802.0,23.0,1.2602739726027399
PKBS,1825.0,1802.0,23.0,1.2602739726027399
MML,12619.0,12460.0,159.0,1.2600047547349236
BCK,3334.0,3292.0,42.0,1.259748050389922
VTG,1355.0,1338.0,17.0,1.2546125461254614
FLM,1355.0,1338.0,17.0,1.2546125461254614
NGTG,1355.0,1338.0,17.0,1.2546125461254614
DCH,1355.0,1338.0,17.0,1.2546125461254614
ABW,1355.0,1338.0,17.0,1.2546125461254614
BSZ,3111.0,3072.0,39.0,1.253616200578592
FDK,6544.0,6462.0,82.0,1.2530562347188265
GND,4874.0,4813.0,61.0,1.2515387771850637
PNF,3607.0,3562.0,45.0,1.2475741613529248
CBM,5932.0,5858.0,74.0,1.2474713418745786
BKN,15322.0,15131.0,191.0,1.2465735543662708
FM,7061.0,6973.0,88.0,1.246282396261153
EE,23939.0,23641.0,298.0,1.244830611136639
KQU,2410.0,2380.0,30.0,1.2448132780082988
SGRL,3939.0,3890.0,49.0,1.243970550901244
CHI,8846.0,8736.0,110.0,1.2434998869545557
HVR,10702.0,10569.0,133.0,1.2427583629228183
LTA,1773.0,1751.0,22.0,1.2408347433728144
JRU,9484.0,9367.0,117.0,1.233656684943062
BAE,2190.0,2163.0,27.0,1.2328767123287672
SNKE,2190.0,2163.0,27.0,1.2328767123287672
DNRA,2190.0,2163.0,27.0,1.2328767123287672
JMPT,2920.0,2884.0,36.0,1.2328767123287672
CDL,2190.0,2163.0,27.0,1.2328767123287672
JDD,1460.0,1442.0,18.0,1.2328767123287672
PRH,3650.0,3605.0,45.0,1.2328767123287672
IQB,2190.0,2163.0,27.0,1.2328767123287672
BTSI,1460.0,1442.0,18.0,1.2328767123287672
NRKE,1460.0,1442.0,18.0,1.2328767123287672
BOTR,1460.0,1442.0,18.0,1.2328767123287672
NLR,32050.0,31656.0,394.0,1.2293291731669267
BAW,13518.0,13352.0,166.0,1.227992306554224
CKTD,10031.0,9908.0,123.0,1.226198783770312
HAPA,7508.0,7416.0,92.0,1.2253596164091636
SGG,17057.0,16848.0,209.0,1.2253033945007914
SGRA,6775.0,6692.0,83.0,1.2250922509225093
SBPY,3919.0,3871.0,48.0,1.2248022454707832
CJ,1146.0,1132.0,14.0,1.2216404886561953
KPD,44998.0,44449.0,549.0,1.220054224632206
KMBL,4275.0,4223.0,52.0,1.2163742690058479
DVD,19530.0,19293.0,237.0,1.2135176651305684
HND,2555.0,2524.0,31.0,1.2133072407045011
FKG,7095.0,7009.0,86.0,1.2121212121212122
ETUE,2312.0,2284.0,28.0,1.2110726643598615
DIA,4378.0,4325.0,53.0,1.2105984467793514
LAU,4378.0,4325.0,53.0,1.2105984467793514
CTKT,4378.0,4325.0,53.0,1.2105984467793514
SUJH,4378.0,4325.0,53.0,1.2105984467793514
SZ,4380.0,4327.0,53.0,1.2100456621004567
HWT,4380.0,4327.0,53.0,1.2100456621004567
GSO,4380.0,4327.0,53.0,1.2100456621004567
NDW,9027.0,8918.0,109.0,1.2074886451755842
NDU,9027.0,8918.0,109.0,1.2074886451755842
BORA,7382.0,7293.0,89.0,1.2056353291790842
SVI,3650.0,3606.0,44.0,1.2054794520547945
PHX,1825.0,1803.0,22.0,1.2054794520547945
MJHL,1825.0,1803.0,22.0,1.2054794520547945
KNW,25723.0,25413.0,310.0,1.2051471445787816
OGL,30068.0,29706.0,362.0,1.2039377411201277
PNE,10220.0,10097.0,123.0,1.203522504892368
MNV,7314.0,7226.0,88.0,1.2031719989062073
WPR,6153.0,6079.0,74.0,1.2026653664878921
GHR,8760.0,8655.0,105.0,1.1986301369863013
NRLR,6258.0,6183.0,75.0,1.1984659635666348
BNDA,10640.0,10513.0,127.0,1.193609022556391
KKLR,13908.0,13742.0,166.0,1.193557664653437
SLS,4273.0,4222.0,51.0,1.1935408378188626
MNC,4273.0,4222.0,51.0,1.1935408378188626
GHD,9988.0,9869.0,119.0,1.1914297156587905
DTO,9988.0,9869.0,119.0,1.1914297156587905
KT,6144.0,6071.0,73.0,1.1881510416666665
AGTR,2190.0,2164.0,26.0,1.187214611872146
BMPT,2190.0,2164.0,26.0,1.187214611872146
BASN,2190.0,2164.0,26.0,1.187214611872146
JTI,6570.0,6492.0,78.0,1.187214611872146
RKX,2190.0,2164.0,26.0,1.187214611872146
JSS,2190.0,2164.0,26.0,1.187214611872146
GLH,2190.0,2164.0,26.0,1.187214611872146
TERH,2190.0,2164.0,26.0,1.187214611872146
SLHI,2190.0,2164.0,26.0,1.187214611872146
PKDE,2190.0,2164.0,26.0,1.187214611872146
SXE,2190.0,2164.0,26.0,1.187214611872146
BKDE,2190.0,2164.0,26.0,1.187214611872146
SWDE,2190.0,2164.0,26.0,1.187214611872146
KSDE,2190.0,2164.0,26.0,1.187214611872146
PKRH,2190.0,2164.0,26.0,1.187214611872146
ASAN,2190.0,2164.0,26.0,1.187214611872146
BURA,2190.0,2164.0,26.0,1.187214611872146
DHRN,2190.0,2164.0,26.0,1.187214611872146
PEE,2190.0,2164.0,26.0,1.187214611872146
MKLI,2190.0,2164.0,26.0,1.187214611872146
TJW,2190.0,2164.0,26.0,1.187214611872146
SFDE,2190.0,2164.0,26.0,1.187214611872146
MLDE,2190.0,2164.0,26.0,1.187214611872146
TMUR,2190.0,2164.0,26.0,1.187214611872146
KURN,2190.0,2164.0,26.0,1.187214611872146
SPBK,2190.0,2164.0,26.0,1.187214611872146
BNJL,2190.0,2164.0,26.0,1.187214611872146
GNDM,2190.0,2164.0,26.0,1.187214611872146
NARA,2190.0,2164.0,26.0,1.187214611872146
CHWT,2190.0,2164.0,26.0,1.187214611872146
HZR,2190.0,2164.0,26.0,1.187214611872146
MRDW,5310.0,5247.0,63.0,1.1864406779661016
SHLV,3546.0,3504.0,42.0,1.1844331641285957
RUJ,3546.0,3504.0,42.0,1.1844331641285957
SNHR,3546.0,3504.0,42.0,1.1844331641285957
HZBN,2712.0,2680.0,32.0,1.1799410029498525
SEV,3650.0,3607.0,43.0,1.178082191780822
BNBH,7300.0,7214.0,86.0,1.178082191780822
PTAB,7300.0,7214.0,86.0,1.178082191780822
KPG,10704.0,10578.0,126.0,1.1771300448430493
RGU,3319.0,3280.0,39.0,1.1750527267249171
NU,15932.0,15745.0,187.0,1.173738388149636
SSV,2816.0,2783.0,33.0,1.171875
KRON,5377.0,5314.0,63.0,1.1716570578389436
MRB,6235.0,6162.0,73.0,1.1708099438652766
PPI,17854.0,17645.0,209.0,1.1706060266606924
DSB,11835.0,11697.0,138.0,1.1660329531051965
TRKR,2920.0,2886.0,34.0,1.1643835616438356
VYN,2920.0,2886.0,34.0,1.1643835616438356
BSKR,2920.0,2886.0,34.0,1.1643835616438356
KHU,2920.0,2886.0,34.0,1.1643835616438356
MALR,1981.0,1958.0,23.0,1.1610297829379101
KLGN,1981.0,1958.0,23.0,1.1610297829379101
KNS,3791.0,3747.0,44.0,1.1606436296491691
WENA,5528.0,5464.0,64.0,1.1577424023154848
SLO,28920.0,28586.0,334.0,1.1549100968188106
NEMA,5377.0,5315.0,62.0,1.1530593267621352
SDNR,4078.0,4031.0,47.0,1.152525747915645
JRK,3650.0,3608.0,42.0,1.1506849315068493
NWP,9134.0,9029.0,105.0,1.1495511276549157
MON,4700.0,4646.0,54.0,1.148936170212766
PUNE,46573.0,46038.0,535.0,1.1487342451635068
RR,3660.0,3618.0,42.0,1.1475409836065573
PLCJ,4722.0,4668.0,54.0,1.1435832274459974
ATE,7611.0,7524.0,87.0,1.1430823807646828
BZO,4641.0,4588.0,53.0,1.1419952596423184
GKL,4380.0,4330.0,50.0,1.141552511415525
DSS,13061.0,12912.0,149.0,1.1408008575147386
NLQ,4745.0,4691.0,54.0,1.1380400421496313
DRTP,6079.0,6010.0,69.0,1.135055107747985
DLK,11986.0,11850.0,136.0,1.1346570999499417
BAM,23722.0,23454.0,268.0,1.1297529719247956
KUR,44804.0,44298.0,506.0,1.1293634496919918
CAER,5138.0,5080.0,58.0,1.1288439081354613
BPF,5138.0,5080.0,58.0,1.1288439081354613
AWT,4076.0,4030.0,46.0,1.1285574092247301
KCHV,4076.0,4030.0,46.0,1.1285574092247301
PCO,4076.0,4030.0,46.0,1.1285574092247301
MBL,3285.0,3248.0,37.0,1.1263318112633183
BHP,23382.0,23119.0,263.0,1.1247968522795313
RAIR,6495.0,6422.0,73.0,1.123941493456505
PSR,4380.0,4331.0,49.0,1.1187214611872145
SLGR,7513.0,7429.0,84.0,1.1180620258219087
MRPR,5732.0,5668.0,64.0,1.1165387299371947
HPP,5732.0,5668.0,64.0,1.1165387299371947
NYM,5653.0,5590.0,63.0,1.1144525030957013
BWR,2607.0,2578.0,29.0,1.1123897199846566
KMPU,2609.0,2580.0,29.0,1.1115369873514758
BAB,7300.0,7219.0,81.0,1.1095890410958904
GNU,11470.0,11343.0,127.0,1.107236268526591
LBG,4700.0,4648.0,52.0,1.1063829787234043
WNG,4700.0,4648.0,52.0,1.1063829787234043
CRU,4700.0,4648.0,52.0,1.1063829787234043
MYD,1356.0,1341.0,15.0,1.1061946902654867
BRPL,6702.0,6628.0,74.0,1.1041480155177559
VKN,7079.0,7001.0,78.0,1.1018505438621273
TDOK,182.0,180.0,2.0,1.098901098901099
GHLU,729.0,721.0,8.0,1.0973936899862824
JWKA,729.0,721.0,8.0,1.0973936899862824
BJMA,729.0,721.0,8.0,1.0973936899862824
RSMN,5742.0,5679.0,63.0,1.09717868338558
GID,6927.0,6851.0,76.0,1.0971560560127038
PQL,1824.0,1804.0,20.0,1.0964912280701753
MPA,5108.0,5052.0,56.0,1.096319498825372
PLE,730.0,722.0,8.0,1.095890410958904
GM,730.0,722.0,8.0,1.095890410958904
BHZ,1460.0,1444.0,16.0,1.095890410958904
CHIB,730.0,722.0,8.0,1.095890410958904
QSR,1460.0,1444.0,16.0,1.095890410958904
KNAR,1460.0,1444.0,16.0,1.095890410958904
JSI,730.0,722.0,8.0,1.095890410958904
KQW,2920.0,2888.0,32.0,1.095890410958904
PALM,730.0,722.0,8.0,1.095890410958904
BGHU,730.0,722.0,8.0,1.095890410958904
COE,730.0,722.0,8.0,1.095890410958904
VU,730.0,722.0,8.0,1.095890410958904
GFAE,730.0,722.0,8.0,1.095890410958904
SMTA,730.0,722.0,8.0,1.095890410958904
KYG,730.0,722.0,8.0,1.095890410958904
PDF,730.0,722.0,8.0,1.095890410958904
NQH,730.0,722.0,8.0,1.095890410958904
NPZ,365.0,361.0,4.0,1.095890410958904
KMPH,1460.0,1444.0,16.0,1.095890410958904
BRMT,2920.0,2888.0,32.0,1.095890410958904
SRPB,730.0,722.0,8.0,1.095890410958904
NBP,1460.0,1444.0,16.0,1.095890410958904
MJNL,1460.0,1444.0,16.0,1.095890410958904
MOL,1095.0,1083.0,12.0,1.095890410958904
DVGM,730.0,722.0,8.0,1.095890410958904
SIA,730.0,722.0,8.0,1.095890410958904
SXX,730.0,722.0,8.0,1.095890410958904
HYG,730.0,722.0,8.0,1.095890410958904
ATM,730.0,722.0,8.0,1.095890410958904
PPJ,365.0,361.0,4.0,1.095890410958904
CMDP,730.0,722.0,8.0,1.095890410958904
KFH,2920.0,2888.0,32.0,1.095890410958904
JTT,1460.0,1444.0,16.0,1.095890410958904
HWR,1460.0,1444.0,16.0,1.095890410958904
VONB,730.0,722.0,8.0,1.095890410958904
MITA,730.0,722.0,8.0,1.095890410958904
KLGR,730.0,722.0,8.0,1.095890410958904
BYXA,730.0,722.0,8.0,1.095890410958904
MDDG,2920.0,2888.0,32.0,1.095890410958904
GAL,1460.0,1444.0,16.0,1.095890410958904
KVLS,730.0,722.0,8.0,1.095890410958904
BMSB,730.0,722.0,8.0,1.095890410958904
CBJ,730.0,722.0,8.0,1.095890410958904
JACN,2920.0,2888.0,32.0,1.095890410958904
CASA,730.0,722.0,8.0,1.095890410958904
SSI,2920.0,2888.0,32.0,1.095890410958904
LKZ,730.0,722.0,8.0,1.095890410958904
LAA,730.0,722.0,8.0,1.095890410958904
FAB,1460.0,1444.0,16.0,1.095890410958904
BDVR,730.0,722.0,8.0,1.095890410958904
BAMR,2190.0,2166.0,24.0,1.095890410958904
JOQ,730.0,722.0,8.0,1.095890410958904
NRLN,1460.0,1444.0,16.0,1.095890410958904
BWPB,1460.0,1444.0,16.0,1.095890410958904
PHV,1460.0,1444.0,16.0,1.095890410958904
MVW,730.0,722.0,8.0,1.095890410958904
BAHN,1460.0,1444.0,16.0,1.095890410958904
WTP,1460.0,1444.0,16.0,1.095890410958904
CDD,2190.0,2166.0,24.0,1.095890410958904
BUBR,730.0,722.0,8.0,1.095890410958904
PFL,730.0,722.0,8.0,1.095890410958904
DKW,730.0,722.0,8.0,1.095890410958904
GKT,2920.0,2888.0,32.0,1.095890410958904
MNSR,2190.0,2166.0,24.0,1.095890410958904
GUZ,730.0,722.0,8.0,1.095890410958904
VRX,730.0,722.0,8.0,1.095890410958904
SWS,1460.0,1444.0,16.0,1.095890410958904
SMLG,730.0,722.0,8.0,1.095890410958904
AMA,3655.0,3615.0,40.0,1.094391244870041
PMY,8225.0,8135.0,90.0,1.094224924012158
AUB,11717.0,11589.0,128.0,1.092429802850559
CHM,4858.0,4805.0,53.0,1.0909839440098805
GNT,28888.0,28573.0,315.0,1.0904181667128219
BBS,45433.0,44939.0,494.0,1.087315387493672
JAM,7821.0,7736.0,85.0,1.086817542513745
MAUR,4694.0,4643.0,51.0,1.0864933958244567
AVRD,2220.0,2196.0,24.0,1.0810810810810811
BAP,8171.0,8083.0,88.0,1.0769795618651328
AAH,1950.0,1929.0,21.0,1.0769230769230769
RAKL,1950.0,1929.0,21.0,1.0769230769230769
RYT,1950.0,1929.0,21.0,1.0769230769230769
SCN,1950.0,1929.0,21.0,1.0769230769230769
AXK,1950.0,1929.0,21.0,1.0769230769230769
BBY,1950.0,1929.0,21.0,1.0769230769230769
NNE,1950.0,1929.0,21.0,1.0769230769230769
KID,3529.0,3491.0,38.0,1.0767922924341173
DOZ,2604.0,2576.0,28.0,1.0752688172043012
DNW,3441.0,3404.0,37.0,1.0752688172043012
JUL,3441.0,3404.0,37.0,1.0752688172043012
COR,16091.0,15918.0,173.0,1.0751351687278603
BMD,4380.0,4333.0,47.0,1.0730593607305936
MFB,4380.0,4333.0,47.0,1.0730593607305936
YG,13614.0,13468.0,146.0,1.0724254443954753
SCMN,468.0,463.0,5.0,1.0683760683760684
MBA,8999.0,8903.0,96.0,1.0667851983553729
GNP,6564.0,6494.0,70.0,1.0664229128580134
KTQ,9490.0,9389.0,101.0,1.0642781875658587
BLS,26748.0,26464.0,284.0,1.0617616270375356
OKHA,4901.0,4849.0,52.0,1.0610079575596816
DWK,4901.0,4849.0,52.0,1.0610079575596816
MLN,6425.0,6357.0,68.0,1.0583657587548638
MLDT,26191.0,25914.0,277.0,1.0576152113321369
DRN,3973.0,3931.0,42.0,1.0571356657437703
SLD,5110.0,5056.0,54.0,1.0567514677103718
SDRA,5110.0,5056.0,54.0,1.0567514677103718
MHU,5110.0,5056.0,54.0,1.0567514677103718
KCA,5110.0,5056.0,54.0,1.0567514677103718
DRV,5110.0,5056.0,54.0,1.0567514677103718
KGBS,5110.0,5056.0,54.0,1.0567514677103718
GPD,3412.0,3376.0,36.0,1.0550996483001172
KAMP,4745.0,4695.0,50.0,1.053740779768177
DAR,4745.0,4695.0,50.0,1.053740779768177
SOM,4745.0,4695.0,50.0,1.053740779768177
KLA,4745.0,4695.0,50.0,1.053740779768177
MWUE,4745.0,4695.0,50.0,1.053740779768177
CLKN,2190.0,2167.0,23.0,1.0502283105022832
NANA,2190.0,2167.0,23.0,1.0502283105022832
CHP,2190.0,2167.0,23.0,1.0502283105022832
BGRR,2190.0,2167.0,23.0,1.0502283105022832
CEL,2190.0,2167.0,23.0,1.0502283105022832
KJLU,2190.0,2167.0,23.0,1.0502283105022832
BKNA,2190.0,2167.0,23.0,1.0502283105022832
SISN,2190.0,2167.0,23.0,1.0502283105022832
PSE,4380.0,4334.0,46.0,1.0502283105022832
GWM,2190.0,2167.0,23.0,1.0502283105022832
SEPR,2190.0,2167.0,23.0,1.0502283105022832
PUA,2190.0,2167.0,23.0,1.0502283105022832
PTJ,14572.0,14419.0,153.0,1.049958825144112
MNQ,3058.0,3026.0,32.0,1.0464355788096795
DNKL,10346.0,10238.0,108.0,1.0438816934080803
HDT,3545.0,3508.0,37.0,1.0437235543018337
KWH,3545.0,3508.0,37.0,1.0437235543018337
KATI,4792.0,4742.0,50.0,1.0434056761268782
SL,6039.0,5976.0,63.0,1.0432190760059614
PAU,21955.0,21726.0,229.0,1.0430425871099978
PLI,3650.0,3612.0,38.0,1.0410958904109588
PUW,3650.0,3612.0,38.0,1.0410958904109588
SMK,12200.0,12073.0,127.0,1.040983606557377
PDY,5292.0,5237.0,55.0,1.0393046107331823
ANGL,9720.0,9619.0,101.0,1.0390946502057612
BRC,59879.0,59257.0,622.0,1.038761502363099
DIG,5109.0,5056.0,53.0,1.0373850068506556
J,12932.0,12798.0,134.0,1.0361892978657594
USL,9072.0,8978.0,94.0,1.0361552028218695
JKDP,5116.0,5063.0,53.0,1.035965598123534
JPRD,5116.0,5063.0,53.0,1.035965598123534
KUDA,7917.0,7835.0,82.0,1.0357458633320704
DBRG,7825.0,7744.0,81.0,1.035143769968051
NTSK,7926.0,7844.0,82.0,1.034569770375978
GWD,11328.0,11211.0,117.0,1.0328389830508475
KNL,5423.0,5367.0,56.0,1.032638760833487
UPL,6204.0,6140.0,64.0,1.0315925209542232
MSDN,6497.0,6430.0,67.0,1.0312451900877329
UREN,6497.0,6430.0,67.0,1.0312451900877329
DNRE,6497.0,6430.0,67.0,1.0312451900877329
RJY,35460.0,35095.0,365.0,1.0293288212069938
HD,12634.0,12504.0,130.0,1.0289694475225581
TDO,4376.0,4331.0,45.0,1.0283363802559415
NI,1460.0,1445.0,15.0,1.0273972602739725
PNV,1460.0,1445.0,15.0,1.0273972602739725
NLH,2920.0,2890.0,30.0,1.0273972602739725
MWD,1460.0,1445.0,15.0,1.0273972602739725
HPR,1460.0,1445.0,15.0,1.0273972602739725
GAA,1460.0,1445.0,15.0,1.0273972602739725
PHQ,1460.0,1445.0,15.0,1.0273972602739725
GEOR,1460.0,1445.0,15.0,1.0273972602739725
NGD,1460.0,1445.0,15.0,1.0273972602739725
KWE,2920.0,2890.0,30.0,1.0273972602739725
GIL,1460.0,1445.0,15.0,1.0273972602739725
MYJ,1460.0,1445.0,15.0,1.0273972602739725
KW,1460.0,1445.0,15.0,1.0273972602739725
MDLA,2920.0,2890.0,30.0,1.0273972602739725
SS,1460.0,1445.0,15.0,1.0273972602739725
TPT,7402.0,7326.0,76.0,1.026749527154823
LKMR,3129.0,3097.0,32.0,1.0226909555768615
TKRI,3129.0,3097.0,32.0,1.0226909555768615
DMNJ,3129.0,3097.0,32.0,1.0226909555768615
AII,28072.0,27785.0,287.0,1.0223710458820177
SHU,7925.0,7844.0,81.0,1.0220820189274449
ALER,8024.0,7942.0,82.0,1.0219341974077767
KMZ,11748.0,11628.0,120.0,1.0214504596527068
NZD,6570.0,6503.0,67.0,1.0197869101978692
SKQ,5110.0,5058.0,52.0,1.0176125244618397
WAIR,5110.0,5058.0,52.0,1.0176125244618397
GNRL,5110.0,5058.0,52.0,1.0176125244618397
BARL,2555.0,2529.0,26.0,1.0176125244618397
DMV,8452.0,8366.0,86.0,1.0175106483672502
MDCR,6107.0,6045.0,62.0,1.015228426395939
KMK,3650.0,3613.0,37.0,1.0136986301369864
DMR,3858.0,3819.0,39.0,1.010886469673406
JAO,7123.0,7051.0,72.0,1.0108100519444054
SUH,198.0,196.0,2.0,1.0101010101010102
NBQ,20611.0,20403.0,208.0,1.0091698607539663
SUU,2086.0,2065.0,21.0,1.006711409395973
WKR,14216.0,14073.0,143.0,1.0059088351153629
MRK,7762.0,7684.0,78.0,1.0048956454522031
MRDL,5176.0,5124.0,52.0,1.0046367851622875
KKI,2190.0,2168.0,22.0,1.004566210045662
BHKL,2190.0,2168.0,22.0,1.004566210045662
DMPR,2190.0,2168.0,22.0,1.004566210045662
BDWA,2190.0,2168.0,22.0,1.004566210045662
LDX,2190.0,2168.0,22.0,1.004566210045662
GDHA,2190.0,2168.0,22.0,1.004566210045662
SUNM,2190.0,2168.0,22.0,1.004566210045662
DN,2190.0,2168.0,22.0,1.004566210045662
KJH,10667.0,10560.0,107.0,1.0030936533233337
PHA,7509.0,7434.0,75.0,0.9988014382740711
PC,10531.0,10426.0,105.0,0.9970563099420758
AUR,2207.0,2185.0,22.0,0.9968282736746714
MZGI,2207.0,2185.0,22.0,0.9968282736746714
HGJ,2207.0,2185.0,22.0,0.9968282736746714
SVX,2408.0,2384.0,24.0,0.9966777408637874
BCQ,8029.0,7949.0,80.0,0.9963880931622867
BWBN,2919.0,2890.0,29.0,0.9934909215484755
KLSP,2919.0,2890.0,29.0,0.9934909215484755
PVZ,2919.0,2890.0,29.0,0.9934909215484755
GLKN,2919.0,2890.0,29.0,0.9934909215484755
KDHN,2919.0,2890.0,29.0,0.9934909215484755
ABSA,3545.0,3510.0,35.0,0.9873060648801129
PSDA,1825.0,1807.0,18.0,0.9863013698630136
JLL,3650.0,3614.0,36.0,0.9863013698630136
GMDA,3650.0,3614.0,36.0,0.9863013698630136
THB,7615.0,7540.0,75.0,0.984898227183191
KUK,4065.0,4025.0,40.0,0.984009840098401
KPL,4065.0,4025.0,40.0,0.984009840098401
ALM,4065.0,4025.0,40.0,0.984009840098401
RGO,7634.0,7559.0,75.0,0.9824469478648153
TCN,4808.0,4761.0,47.0,0.9775374376039934
SVV,4808.0,4761.0,47.0,0.9775374376039934
NZT,4808.0,4761.0,47.0,0.9775374376039934
ANY,4808.0,4761.0,47.0,0.9775374376039934
PVD,5839.0,5782.0,57.0,0.9761945538619627
KEH,3285.0,3253.0,32.0,0.9741248097412482
PKO,9152.0,9063.0,89.0,0.972465034965035
VKT,3805.0,3768.0,37.0,0.9724047306176085
BAL,11421.0,11310.0,111.0,0.9718938796952981
TNGL,7733.0,7658.0,75.0,0.9698693909220225
BAND,5267.0,5216.0,51.0,0.9682931460034174
GTM,3007.0,2978.0,29.0,0.9644163618224144
HAR,3007.0,2978.0,29.0,0.9644163618224144
COM,6334.0,6273.0,61.0,0.9630565203662773
MAKR,5194.0,5144.0,50.0,0.9626492106276472
NCBD,2085.0,2065.0,20.0,0.9592326139088728
SGRM,730.0,723.0,7.0,0.9589041095890412
CAZ,730.0,723.0,7.0,0.9589041095890412
PQU,730.0,723.0,7.0,0.9589041095890412
KDLR,2920.0,2892.0,28.0,0.9589041095890412
RUL,730.0,723.0,7.0,0.9589041095890412
MKHR,730.0,723.0,7.0,0.9589041095890412
UDK,730.0,723.0,7.0,0.9589041095890412
JCH,730.0,723.0,7.0,0.9589041095890412
SFZ,730.0,723.0,7.0,0.9589041095890412
APA,1460.0,1446.0,14.0,0.9589041095890412
MKRN,4380.0,4338.0,42.0,0.9589041095890412
PMD,730.0,723.0,7.0,0.9589041095890412
DRS,1460.0,1446.0,14.0,0.9589041095890412
GRI,1460.0,1446.0,14.0,0.9589041095890412
GAJ,4380.0,4338.0,42.0,0.9589041095890412
ARK,1460.0,1446.0,14.0,0.9589041095890412
SVT,730.0,723.0,7.0,0.9589041095890412
BQN,1460.0,1446.0,14.0,0.9589041095890412
LLGM,730.0,723.0,7.0,0.9589041095890412
OCH,730.0,723.0,7.0,0.9589041095890412
BLMK,730.0,723.0,7.0,0.9589041095890412
TKPY,730.0,723.0,7.0,0.9589041095890412
BGUA,730.0,723.0,7.0,0.9589041095890412
KTGA,730.0,723.0,7.0,0.9589041095890412
BAR,1460.0,1446.0,14.0,0.9589041095890412
RGG,730.0,723.0,7.0,0.9589041095890412
KKGM,730.0,723.0,7.0,0.9589041095890412
MBT,730.0,723.0,7.0,0.9589041095890412
CNL,1460.0,1446.0,14.0,0.9589041095890412
THM,730.0,723.0,7.0,0.9589041095890412
VJP,730.0,723.0,7.0,0.9589041095890412
SKPI,730.0,723.0,7.0,0.9589041095890412
SUP,1460.0,1446.0,14.0,0.9589041095890412
PLMD,3546.0,3512.0,34.0,0.9588268471517203
MJRI,1043.0,1033.0,10.0,0.9587727708533078
KJKD,4798.0,4752.0,46.0,0.9587328053355566
WRA,4798.0,4752.0,46.0,0.9587328053355566
ETMD,4798.0,4752.0,46.0,0.9587328053355566
KZB,4806.0,4760.0,46.0,0.9571369121930919
KZY,4806.0,4760.0,46.0,0.9571369121930919
NUR,11419.0,11310.0,109.0,0.9545494351519397
BGU,5465.0,5413.0,52.0,0.9515096065873742
MBI,12225.0,12109.0,116.0,0.9488752556237219
MXN,9077.0,8991.0,86.0,0.9474495978847636
TOK,740.0,733.0,7.0,0.945945945945946
TMZ,5522.0,5470.0,52.0,0.9416877942774358
GDN,1280.0,1268.0,12.0,0.9375
DLO,4171.0,4132.0,39.0,0.9350275713258211
PBW,4494.0,4452.0,42.0,0.9345794392523363
VI,3650.0,3616.0,34.0,0.9315068493150684
HLDR,3650.0,3616.0,34.0,0.9315068493150684
CPS,3650.0,3616.0,34.0,0.9315068493150684
BJO,3650.0,3616.0,34.0,0.9315068493150684
MNDR,3650.0,3616.0,34.0,0.9315068493150684
CBU,3650.0,3616.0,34.0,0.9315068493150684
MSZ,5493.0,5442.0,51.0,0.9284543965046422
BSRA,755.0,748.0,7.0,0.9271523178807948
BLRI,755.0,748.0,7.0,0.9271523178807948
UAM,2920.0,2893.0,27.0,0.9246575342465754
SKN,2920.0,2893.0,27.0,0.9246575342465754
WLA,2920.0,2893.0,27.0,0.9246575342465754
AVK,2920.0,2893.0,27.0,0.9246575342465754
KEMK,2920.0,2893.0,27.0,0.9246575342465754
LOV,2920.0,2893.0,27.0,0.9246575342465754
SLWR,2920.0,2893.0,27.0,0.9246575342465754
ONR,2920.0,2893.0,27.0,0.9246575342465754
RKG,2920.0,2893.0,27.0,0.9246575342465754
KXT,2920.0,2893.0,27.0,0.9246575342465754
GYL,2920.0,2893.0,27.0,0.9246575342465754
BXO,2920.0,2893.0,27.0,0.9246575342465754
TNRI,6837.0,6774.0,63.0,0.9214567792891618
RAA,6205.0,6148.0,57.0,0.9186140209508462
JTDM,6897.0,6834.0,63.0,0.9134406263592866
USK,4380.0,4340.0,40.0,0.91324200913242
SJGM,2190.0,2170.0,20.0,0.91324200913242
BMQ,2190.0,2170.0,20.0,0.91324200913242
PRU,2190.0,2170.0,20.0,0.91324200913242
KVA,2190.0,2170.0,20.0,0.91324200913242
KHTX,2190.0,2170.0,20.0,0.91324200913242
KKRH,4380.0,4340.0,40.0,0.91324200913242
BSDA,2190.0,2170.0,20.0,0.91324200913242
TWL,2190.0,2170.0,20.0,0.91324200913242
BQW,4380.0,4340.0,40.0,0.91324200913242
BNQL,2190.0,2170.0,20.0,0.91324200913242
AHL,2190.0,2170.0,20.0,0.91324200913242
HHP,2190.0,2170.0,20.0,0.91324200913242
GOLE,2190.0,2170.0,20.0,0.91324200913242
JNE,2190.0,2170.0,20.0,0.91324200913242
BUH,10951.0,10851.0,100.0,0.9131586156515387
DXN,4276.0,4237.0,39.0,0.912067352666043
GLMA,2085.0,2066.0,19.0,0.9112709832134293
DUSI,1981.0,1963.0,18.0,0.9086320040383644
GVI,1981.0,1963.0,18.0,0.9086320040383644
SGO,13222.0,13102.0,120.0,0.9075782786265316
BG,9067.0,8985.0,82.0,0.9043785154957539
BIY,5978.0,5924.0,54.0,0.9033121445299431
DDR,7685.0,7616.0,69.0,0.8978529603122967
NDL,8492.0,8416.0,76.0,0.8949599623174752
KMME,10063.0,9973.0,90.0,0.8943654973665905
JPE,8057.0,7985.0,72.0,0.8936328658309545
KEA,3025.0,2998.0,27.0,0.8925619834710744
GVN,4371.0,4332.0,39.0,0.8922443376801648
NRX,5840.0,5788.0,52.0,0.8904109589041096
JTL,5840.0,5788.0,52.0,0.8904109589041096
RMBG,2920.0,2894.0,26.0,0.8904109589041096
BUDM,2920.0,2894.0,26.0,0.8904109589041096
KPLE,5840.0,5788.0,52.0,0.8904109589041096
BPS,5840.0,5788.0,52.0,0.8904109589041096
PCQ,5840.0,5788.0,52.0,0.8904109589041096
TRE,2920.0,2894.0,26.0,0.8904109589041096
NGB,2920.0,2894.0,26.0,0.8904109589041096
KIR,31299.0,31021.0,278.0,0.8882072909677626
HPT,10932.0,10835.0,97.0,0.8873033296743505
SPE,11175.0,11076.0,99.0,0.8859060402684563
VC,1356.0,1344.0,12.0,0.8849557522123894
BDH,6570.0,6512.0,58.0,0.8828006088280062
SDL,14079.0,13955.0,124.0,0.8807443710490801
SGDM,2502.0,2480.0,22.0,0.8792965627498002
WTR,3650.0,3618.0,32.0,0.8767123287671232
TTPT,1825.0,1809.0,16.0,0.8767123287671232
KMRJ,3650.0,3618.0,32.0,0.8767123287671232
DMO,12805.0,12693.0,112.0,0.8746583365872705
PDU,4692.0,4651.0,41.0,0.8738277919863597
KYE,8605.0,8530.0,75.0,0.8715862870424171
ZNA,10220.0,10131.0,89.0,0.8708414872798433
SKL,2190.0,2171.0,19.0,0.8675799086757991
GI,2190.0,2171.0,19.0,0.8675799086757991
DAZ,5995.0,5943.0,52.0,0.8673894912427023
GAR,11069.0,10973.0,96.0,0.8672870177974523
KSJ,14437.0,14312.0,125.0,0.865830851284893
PDT,5794.0,5744.0,50.0,0.862961684501208
ANDI,7455.0,7391.0,64.0,0.8584842387659288
BRN,4199.0,4163.0,36.0,0.8573469873779471
RRAL,2920.0,2895.0,25.0,0.8561643835616438
PAX,2920.0,2895.0,25.0,0.8561643835616438
BGTN,2920.0,2895.0,25.0,0.8561643835616438
MHBA,2920.0,2895.0,25.0,0.8561643835616438
KCZ,2920.0,2895.0,25.0,0.8561643835616438
BUB,2920.0,2895.0,25.0,0.8561643835616438
KWV,19524.0,19357.0,167.0,0.855357508707232
BRKY,6205.0,6152.0,53.0,0.8541498791297342
AJR,6205.0,6152.0,53.0,0.8541498791297342
DKDE,6205.0,6152.0,53.0,0.8541498791297342
KHGP,4696.0,4656.0,40.0,0.8517887563884157
SFC,3650.0,3619.0,31.0,0.8493150684931507
HUK,6360.0,6306.0,54.0,0.8490566037735849
RUG,6360.0,6306.0,54.0,0.8490566037735849
DWNA,6360.0,6306.0,54.0,0.8490566037735849
HNN,6360.0,6306.0,54.0,0.8490566037735849
SLKN,6360.0,6306.0,54.0,0.8490566037735849
KHKN,6360.0,6306.0,54.0,0.8490566037735849
VSKP,39932.0,39593.0,339.0,0.8489432034458579
MONR,2711.0,2688.0,23.0,0.8483954260420509
BRGA,9597.0,9516.0,81.0,0.8440137542982182
BHW,12936.0,12827.0,109.0,0.8426097711811997
JHDC,7478.0,7415.0,63.0,0.842471248997058
SMO,5945.0,5895.0,50.0,0.8410428931875525
KRNT,13207.0,13096.0,111.0,0.8404633906261831
PGTN,4172.0,4137.0,35.0,0.8389261744966443
CKH,7567.0,7504.0,63.0,0.8325624421831638
PNUG,7567.0,7504.0,63.0,0.8325624421831638
NKMG,3623.0,3593.0,30.0,0.8280430582390284
SEGM,8594.0,8523.0,71.0,0.8261577845008146
PPTN,2190.0,2172.0,18.0,0.821917808219178
MLFC,2190.0,2172.0,18.0,0.821917808219178
MIL,2190.0,2172.0,18.0,0.821917808219178
MMC,730.0,724.0,6.0,0.821917808219178
BCW,730.0,724.0,6.0,0.821917808219178
TPC,2190.0,2172.0,18.0,0.821917808219178
SILR,730.0,724.0,6.0,0.821917808219178
ARGD,3650.0,3620.0,30.0,0.821917808219178
RAGM,2190.0,2172.0,18.0,0.821917808219178
BKC,730.0,724.0,6.0,0.821917808219178
MNZ,3285.0,3258.0,27.0,0.821917808219178
QMRS,2190.0,2172.0,18.0,0.821917808219178
TVN,2190.0,2172.0,18.0,0.821917808219178
TBTN,3285.0,3258.0,27.0,0.821917808219178
MDB,730.0,724.0,6.0,0.821917808219178
MES,2190.0,2172.0,18.0,0.821917808219178
MWR,2190.0,2172.0,18.0,0.821917808219178
BSLE,5840.0,5792.0,48.0,0.821917808219178
MHNR,3650.0,3620.0,30.0,0.821917808219178
DUK,3650.0,3620.0,30.0,0.821917808219178
BPBS,1825.0,1810.0,15.0,0.821917808219178
SPHL,365.0,362.0,3.0,0.821917808219178
SQD,2190.0,2172.0,18.0,0.821917808219178
IP,1095.0,1086.0,9.0,0.821917808219178
IRA,3650.0,3620.0,30.0,0.821917808219178
ILA,2190.0,2172.0,18.0,0.821917808219178
RDK,2190.0,2172.0,18.0,0.821917808219178
STSN,730.0,724.0,6.0,0.821917808219178
CGTA,365.0,362.0,3.0,0.821917808219178
LGRE,365.0,362.0,3.0,0.821917808219178
AJIT,3650.0,3620.0,30.0,0.821917808219178
HRLI,730.0,724.0,6.0,0.821917808219178
SUX,2190.0,2172.0,18.0,0.821917808219178
YDLP,365.0,362.0,3.0,0.821917808219178
NGM,730.0,724.0,6.0,0.821917808219178
SUT,3650.0,3620.0,30.0,0.821917808219178
BWPL,2190.0,2172.0,18.0,0.821917808219178
NRL,730.0,724.0,6.0,0.821917808219178
TIW,1460.0,1448.0,12.0,0.821917808219178
PCY,730.0,724.0,6.0,0.821917808219178
TGDE,365.0,362.0,3.0,0.821917808219178
MEC,1460.0,1448.0,12.0,0.821917808219178
CD,13630.0,13518.0,112.0,0.8217168011738811
NDH,3414.0,3386.0,28.0,0.8201523140011716
MNDH,4156.0,4122.0,34.0,0.8180943214629451
RDDE,6725.0,6670.0,55.0,0.8178438661710037
SNO,2816.0,2793.0,23.0,0.8167613636363636
COB,2085.0,2068.0,17.0,0.815347721822542
AEK,4068.0,4035.0,33.0,0.8112094395280236
BPRD,8902.0,8830.0,72.0,0.8088070096607505
BGN,2102.0,2085.0,17.0,0.8087535680304472
PPR,5836.0,5789.0,47.0,0.8053461274845785
SNP,20180.0,20018.0,162.0,0.8027750247770069
LMG,12709.0,12607.0,102.0,0.8025808482177984
BPB,6984.0,6928.0,56.0,0.8018327605956471
GRMA,4380.0,4345.0,35.0,0.7990867579908676
BSKH,4380.0,4345.0,35.0,0.7990867579908676
SUNR,14319.0,14205.0,114.0,0.7961449821914938
HR,3649.0,3620.0,29.0,0.7947382844614962
MCSC,5322.0,5280.0,42.0,0.7891770011273956
TKMG,5322.0,5280.0,42.0,0.7891770011273956
PRBZ,7992.0,7929.0,63.0,0.7882882882882882
SKJ,7613.0,7553.0,60.0,0.7881255746748982
APR,15749.0,15625.0,124.0,0.7873515778779604
BTJL,7282.0,7225.0,57.0,0.7827519912112058
TDLE,3067.0,3043.0,24.0,0.78252363873492
PGI,13308.0,13204.0,104.0,0.7814848211602045
CHRM,2817.0,2795.0,22.0,0.7809726659566916
VNA,2190.0,2173.0,17.0,0.776255707762557
BEHT,2190.0,2173.0,17.0,0.776255707762557
VRA,2190.0,2173.0,17.0,0.776255707762557
DUJ,6570.0,6519.0,51.0,0.776255707762557
NAZJ,5552.0,5509.0,43.0,0.7744956772334294
BGQ,2328.0,2310.0,18.0,0.7731958762886598
NIRA,4276.0,4243.0,33.0,0.7717492984097287
NDD,21271.0,21107.0,164.0,0.7710027737294909
BDAG,2337.0,2319.0,18.0,0.7702182284980745
BOJ,3649.0,3621.0,28.0,0.7673335160317896
GHN,1825.0,1811.0,14.0,0.7671232876712328
LBA,3650.0,3622.0,28.0,0.7671232876712328
PDA,1825.0,1811.0,14.0,0.7671232876712328
MUG,1825.0,1811.0,14.0,0.7671232876712328
IGR,2086.0,2070.0,16.0,0.7670182166826461
CBE,37036.0,36752.0,284.0,0.766821471001188
MMY,1565.0,1553.0,12.0,0.7667731629392971
COA,3789.0,3760.0,29.0,0.7653734494589601
RNY,18210.0,18071.0,139.0,0.7633168588687534
BHD,7090.0,7036.0,54.0,0.7616361071932299
SAP,7890.0,7830.0,60.0,0.7604562737642585
LS,7258.0,7203.0,55.0,0.7577845136401212
KTV,11359.0,11273.0,86.0,0.757108900431376
CAA,10322.0,10244.0,78.0,0.7556675062972292
AAG,1460.0,1449.0,11.0,0.7534246575342466
PK,1460.0,1449.0,11.0,0.7534246575342466
NDNI,2920.0,2898.0,22.0,0.7534246575342466
DRPH,2920.0,2898.0,22.0,0.7534246575342466
WKA,1460.0,1449.0,11.0,0.7534246575342466
BOI,1460.0,1449.0,11.0,0.7534246575342466
MLM,1460.0,1449.0,11.0,0.7534246575342466
PDE,2920.0,2898.0,22.0,0.7534246575342466
KDHI,2920.0,2898.0,22.0,0.7534246575342466
GGGS,2920.0,2898.0,22.0,0.7534246575342466
VNK,2920.0,2898.0,22.0,0.7534246575342466
WSB,1460.0,1449.0,11.0,0.7534246575342466
MKPT,1460.0,1449.0,11.0,0.7534246575342466
SKY,2920.0,2898.0,22.0,0.7534246575342466
ACK,1460.0,1449.0,11.0,0.7534246575342466
BLNI,1460.0,1449.0,11.0,0.7534246575342466
JPV,2920.0,2898.0,22.0,0.7534246575342466
JONR,2920.0,2898.0,22.0,0.7534246575342466
CRE,2920.0,2898.0,22.0,0.7534246575342466
SOY,2920.0,2898.0,22.0,0.7534246575342466
PRTR,2920.0,2898.0,22.0,0.7534246575342466
JUCT,1460.0,1449.0,11.0,0.7534246575342466
MVE,1460.0,1449.0,11.0,0.7534246575342466
KNRT,2920.0,2898.0,22.0,0.7534246575342466
BUQ,2920.0,2898.0,22.0,0.7534246575342466
WDS,1460.0,1449.0,11.0,0.7534246575342466
MYM,1460.0,1449.0,11.0,0.7534246575342466
KUE,6675.0,6625.0,50.0,0.7490636704119851
RKMP,22070.0,21905.0,165.0,0.7476212052560036
NBJU,5629.0,5587.0,42.0,0.7461360810090603
SCM,13034.0,12937.0,97.0,0.7442074574190579
UJP,5917.0,5873.0,44.0,0.743620077742099
SZR,4172.0,4141.0,31.0,0.7430488974113135
NLSF,4047.0,4017.0,30.0,0.7412898443291327
TPF,7300.0,7246.0,54.0,0.7397260273972602
MKBH,3650.0,3623.0,27.0,0.7397260273972602
GHB,3650.0,3623.0,27.0,0.7397260273972602
RKK,3650.0,3623.0,27.0,0.7397260273972602
BGD,3650.0,3623.0,27.0,0.7397260273972602
SGA,3650.0,3623.0,27.0,0.7397260273972602
BNLS,3650.0,3623.0,27.0,0.7397260273972602
SCV,3650.0,3623.0,27.0,0.7397260273972602
LNN,5006.0,4969.0,37.0,0.7391130643228127
NPD,5007.0,4970.0,37.0,0.7389654483722788
VNG,1355.0,1345.0,10.0,0.7380073800738007
VDG,1355.0,1345.0,10.0,0.7380073800738007
NDB,13833.0,13731.0,102.0,0.7373671654738668
UCA,7196.0,7143.0,53.0,0.7365202890494719
HKG,4484.0,4451.0,33.0,0.735950044603033
ADF,4380.0,4348.0,32.0,0.730593607305936
EDU,1095.0,1087.0,8.0,0.730593607305936
PSL,2190.0,2174.0,16.0,0.730593607305936
KLAR,4794.0,4759.0,35.0,0.7300792657488527
MLV,9490.0,9421.0,69.0,0.7270811380400422
VMA,7716.0,7660.0,56.0,0.7257646448937273
ABS,8968.0,8903.0,65.0,0.7247992863514718
HSK,5111.0,5074.0,37.0,0.7239287810604579
BJ,3041.0,3019.0,22.0,0.7234462347911871
QLD,11368.0,11286.0,82.0,0.7213230119634061
MWT,3057.0,3035.0,22.0,0.7196597971867844
TGP,2085.0,2070.0,15.0,0.7194244604316548
BAH,2241.0,2225.0,16.0,0.71396697902722
KYQ,19653.0,19513.0,140.0,0.712359436218389
IKK,1825.0,1812.0,13.0,0.7123287671232876
SBNR,3650.0,3624.0,26.0,0.7123287671232876
PRI,1825.0,1812.0,13.0,0.7123287671232876
RMSR,3650.0,3624.0,26.0,0.7123287671232876
APH,3650.0,3624.0,26.0,0.7123287671232876
MMU,4380.0,4349.0,31.0,0.7077625570776256
CAM,4380.0,4349.0,31.0,0.7077625570776256
KAO,4380.0,4349.0,31.0,0.7077625570776256
TNW,4380.0,4349.0,31.0,0.7077625570776256
MAI,9802.0,9733.0,69.0,0.7039379718424811
DB,5840.0,5799.0,41.0,0.702054794520548
PRTN,5840.0,5799.0,41.0,0.702054794520548
GOA,2994.0,2973.0,21.0,0.7014028056112225
SAC,2994.0,2973.0,21.0,0.7014028056112225
BBA,3146.0,3124.0,22.0,0.6993006993006993
NAB,3440.0,3416.0,24.0,0.6976744186046512
MZR,10036.0,9966.0,70.0,0.6974890394579514
KYJ,27374.0,27184.0,190.0,0.6940892818002484
JL,32656.0,32431.0,225.0,0.689000489955904
MGAE,4798.0,4765.0,33.0,0.6877865777407253
SDI,4798.0,4765.0,33.0,0.6877865777407253
BLGR,11787.0,11706.0,81.0,0.687197760244337
ACG,730.0,725.0,5.0,0.684931506849315
YAD,730.0,725.0,5.0,0.684931506849315
LDM,1460.0,1450.0,10.0,0.684931506849315
DKLU,2190.0,2175.0,15.0,0.684931506849315
RXN,1460.0,1450.0,10.0,0.684931506849315
GHLE,7300.0,7250.0,50.0,0.684931506849315
MBW,1460.0,1450.0,10.0,0.684931506849315
KDH,730.0,725.0,5.0,0.684931506849315
UPRD,2920.0,2900.0,20.0,0.684931506849315
KNR,730.0,725.0,5.0,0.684931506849315
DGQ,1460.0,1450.0,10.0,0.684931506849315
JARI,1460.0,1450.0,10.0,0.684931506849315
JNX,1460.0,1450.0,10.0,0.684931506849315
MBGA,1460.0,1450.0,10.0,0.684931506849315
MPNH,2190.0,2175.0,15.0,0.684931506849315
JNZ,1460.0,1450.0,10.0,0.684931506849315
BIPR,1460.0,1450.0,10.0,0.684931506849315
BK,1460.0,1450.0,10.0,0.684931506849315
PTH,1460.0,1450.0,10.0,0.684931506849315
BISH,1460.0,1450.0,10.0,0.684931506849315
BMSN,1460.0,1450.0,10.0,0.684931506849315
SNGP,2920.0,2900.0,20.0,0.684931506849315
TGN,2920.0,2900.0,20.0,0.684931506849315
JDHH,2920.0,2900.0,20.0,0.684931506849315
RHI,1460.0,1450.0,10.0,0.684931506849315
ABFC,2920.0,2900.0,20.0,0.684931506849315
KOF,1460.0,1450.0,10.0,0.684931506849315
BAWA,1460.0,1450.0,10.0,0.684931506849315
MSQ,1460.0,1450.0,10.0,0.684931506849315
WFD,17841.0,17719.0,122.0,0.683818171627151
TNA,36867.0,36615.0,252.0,0.6835381235251037
HRV,3234.0,3212.0,22.0,0.6802721088435374
MZH,3234.0,3212.0,22.0,0.6802721088435374
MHBT,2502.0,2485.0,17.0,0.6794564348521183
KTLR,3979.0,3952.0,27.0,0.6785624528776074
BMKI,11247.0,11171.0,76.0,0.6757357517560239
VDE,5626.0,5588.0,38.0,0.67543547813722
ODB,2815.0,2796.0,19.0,0.6749555950266429
BRQ,2815.0,2796.0,19.0,0.6749555950266429
DDM,2815.0,2796.0,19.0,0.6749555950266429
NWMS,2816.0,2797.0,19.0,0.6747159090909091
TEN,21973.0,21825.0,148.0,0.673553907067765
VG,17539.0,17421.0,118.0,0.6727863618222247
KURJ,7152.0,7104.0,48.0,0.6711409395973155
KLT,5840.0,5801.0,39.0,0.6678082191780822
BER,10201.0,10133.0,68.0,0.6666013135967063
MMR,38267.0,38013.0,254.0,0.663757284344213
MPLE,2264.0,2249.0,15.0,0.6625441696113075
JNTR,1669.0,1658.0,11.0,0.659077291791492
OSN,2432.0,2416.0,16.0,0.6578947368421052
PKR,13459.0,13371.0,88.0,0.6538375808009511
DQG,7193.0,7146.0,47.0,0.6534130404559989
BDBP,3067.0,3047.0,20.0,0.6521030322791002
BSL,52015.0,51676.0,339.0,0.6517350764202634
MOT,8134.0,8081.0,53.0,0.6515859355790509
GDB,8134.0,8081.0,53.0,0.6515859355790509
BYR,614.0,610.0,4.0,0.6514657980456027
MENP,2920.0,2901.0,19.0,0.6506849315068494
BHNP,2920.0,2901.0,19.0,0.6506849315068494
MTGE,2920.0,2901.0,19.0,0.6506849315068494
DNQ,2920.0,2901.0,19.0,0.6506849315068494
GRR,2920.0,2901.0,19.0,0.6506849315068494
JAU,2920.0,2901.0,19.0,0.6506849315068494
ET,52335.0,51995.0,340.0,0.6496608388267889
MMK,5110.0,5077.0,33.0,0.6457925636007827
STJT,4040.0,4014.0,26.0,0.6435643564356436
CSN,17886.0,17771.0,115.0,0.6429609750642962
DMN,10138.0,10073.0,65.0,0.6411521010061155
RLD,625.0,621.0,4.0,0.64
GUJ,625.0,621.0,4.0,0.64
PDGP,625.0,621.0,4.0,0.64
VTDI,625.0,621.0,4.0,0.64
KRU,625.0,621.0,4.0,0.64
PBE,13442.0,13356.0,86.0,0.6397857461687249
BZU,13286.0,13201.0,85.0,0.6397711877163932
BXT,2815.0,2797.0,18.0,0.6394316163410302
PUDI,2190.0,2176.0,14.0,0.6392694063926941
VKZ,2190.0,2176.0,14.0,0.6392694063926941
POI,2190.0,2176.0,14.0,0.6392694063926941
VGA,2190.0,2176.0,14.0,0.6392694063926941
TDK,2190.0,2176.0,14.0,0.6392694063926941
PPDE,4068.0,4042.0,26.0,0.63913470993117
JCY,4068.0,4042.0,26.0,0.63913470993117
BRND,3599.0,3576.0,23.0,0.6390664073353709
BPJ,626.0,622.0,4.0,0.6389776357827476
HNR,626.0,622.0,4.0,0.6389776357827476
RPY,626.0,622.0,4.0,0.6389776357827476
DNGI,626.0,622.0,4.0,0.6389776357827476
DUT,626.0,622.0,4.0,0.6389776357827476
TLL,626.0,622.0,4.0,0.6389776357827476
SHR,12530.0,12450.0,80.0,0.6384676775738228
SEH,8801.0,8745.0,56.0,0.6362913305306216
MOJ,2516.0,2500.0,16.0,0.6359300476947536
BGBR,5842.0,5805.0,37.0,0.6333447449503595
TWG,5686.0,5650.0,36.0,0.6331340133661625
SUR,24548.0,24393.0,155.0,0.6314160013035686
RGLI,951.0,945.0,6.0,0.6309148264984227
RJAK,951.0,945.0,6.0,0.6309148264984227
CHIT,951.0,945.0,6.0,0.6309148264984227
RU,30133.0,29943.0,190.0,0.6305379484286331
FZL,3650.0,3627.0,23.0,0.6301369863013699
CPP,7778.0,7729.0,49.0,0.629982000514271
AK,25405.0,25245.0,160.0,0.6297972839992128
HEB,3339.0,3318.0,21.0,0.628930817610063
SEG,13685.0,13599.0,86.0,0.628425283156741
MIAN,7332.0,7286.0,46.0,0.6273867975995636
LAR,21395.0,21262.0,133.0,0.6216405702266885
MDGR,3547.0,3525.0,22.0,0.6202424584155625
RTM,35747.0,35526.0,221.0,0.6182336979326937
KAWR,10523.0,10458.0,65.0,0.6176945737907441
SHDR,5020.0,4989.0,31.0,0.6175298804780877
JHBN,8427.0,8375.0,52.0,0.617064198409873
SRPU,2920.0,2902.0,18.0,0.6164383561643836
SNR,1460.0,1451.0,9.0,0.6164383561643836
HIND,4380.0,4353.0,27.0,0.6164383561643836
MBC,2920.0,2902.0,18.0,0.6164383561643836
KARO,1460.0,1451.0,9.0,0.6164383561643836
NNX,4380.0,4353.0,27.0,0.6164383561643836
JEP,1460.0,1451.0,9.0,0.6164383561643836
SRBH,1460.0,1451.0,9.0,0.6164383561643836
GRHI,1460.0,1451.0,9.0,0.6164383561643836
MLKN,1460.0,1451.0,9.0,0.6164383561643836
POT,2920.0,2902.0,18.0,0.6164383561643836
MFZ,2920.0,2902.0,18.0,0.6164383561643836
BABH,1460.0,1451.0,9.0,0.6164383561643836
SNAP,4380.0,4353.0,27.0,0.6164383561643836
KRKH,1460.0,1451.0,9.0,0.6164383561643836
MQG,2920.0,2902.0,18.0,0.6164383561643836
HP,2920.0,2902.0,18.0,0.6164383561643836
SHRN,12033.0,11959.0,74.0,0.6149754840854317
UD,10420.0,10356.0,64.0,0.6142034548944338
MZM,6205.0,6167.0,38.0,0.6124093473005641
BINA,36763.0,36539.0,224.0,0.6093082719038164
DHNE,14672.0,14583.0,89.0,0.60659760087241
KKN,7276.0,7232.0,44.0,0.6047278724573941
DHH,2815.0,2798.0,17.0,0.6039076376554174
MAD,14628.0,14540.0,88.0,0.6015859994531036
GPB,7163.0,7120.0,43.0,0.6003071338824515
KHT,7187.0,7144.0,43.0,0.5983024906080423
SHBL,8062.0,8014.0,48.0,0.5953857603572315
SDAH,19828.0,19710.0,118.0,0.5951180149283841
MTPR,2189.0,2176.0,13.0,0.5938784833257195
AJH,2190.0,2177.0,13.0,0.593607305936073
NKW,2190.0,2177.0,13.0,0.593607305936073
TGRL,2190.0,2177.0,13.0,0.593607305936073
CLDR,2190.0,2177.0,13.0,0.593607305936073
SGDP,2190.0,2177.0,13.0,0.593607305936073
BSTP,2190.0,2177.0,13.0,0.593607305936073
NANR,2190.0,2177.0,13.0,0.593607305936073
SHX,2190.0,2177.0,13.0,0.593607305936073
KXF,2190.0,2177.0,13.0,0.593607305936073
TMKA,2190.0,2177.0,13.0,0.593607305936073
JNRD,2190.0,2177.0,13.0,0.593607305936073
BGPL,2190.0,2177.0,13.0,0.593607305936073
HSY,2190.0,2177.0,13.0,0.593607305936073
NHX,2190.0,2177.0,13.0,0.593607305936073
STBJ,2190.0,2177.0,13.0,0.593607305936073
BHTS,2190.0,2177.0,13.0,0.593607305936073
VRBD,2190.0,2177.0,13.0,0.593607305936073
GRAK,2190.0,2177.0,13.0,0.593607305936073
NAK,5399.0,5367.0,32.0,0.5927023522874606
DHPD,3718.0,3696.0,22.0,0.591715976331361
CWLE,8792.0,8740.0,52.0,0.5914467697907189
KNSN,8792.0,8740.0,52.0,0.5914467697907189
KUGT,2711.0,2695.0,16.0,0.5901881224640354
VEK,1356.0,1348.0,8.0,0.5899705014749262
MFA,5110.0,5080.0,30.0,0.5870841487279843
JVT,7697.0,7652.0,45.0,0.584643367545797
RMB,5839.0,5805.0,34.0,0.5822914882685392
GGLE,8792.0,8741.0,51.0,0.5800727934485896
SA,38818.0,38593.0,225.0,0.5796280076253285
DOX,6570.0,6532.0,38.0,0.578386605783866
RGP,3648.0,3627.0,21.0,0.575657894736842
WDM,3650.0,3629.0,21.0,0.5753424657534246
TCL,12358.0,12287.0,71.0,0.5745266224308141
THAN,5944.0,5910.0,34.0,0.5720053835800807
SVJR,3859.0,3837.0,22.0,0.5700958797615963
TYAE,9157.0,9105.0,52.0,0.5678715736594955
SKND,2294.0,2281.0,13.0,0.5666957279860506
SPRD,4589.0,4563.0,26.0,0.56657223796034
PRDG,3724.0,3703.0,21.0,0.5639097744360901
AQG,1597.0,1588.0,9.0,0.5635566687539135
TIR,18479.0,18375.0,104.0,0.5628010173710699
PASR,1248.0,1241.0,7.0,0.5608974358974359
SKNP,1072.0,1066.0,6.0,0.5597014925373134
RAPU,1072.0,1066.0,6.0,0.5597014925373134
BRRI,1072.0,1066.0,6.0,0.5597014925373134
TILA,1072.0,1066.0,6.0,0.5597014925373134
MWAI,1072.0,1066.0,6.0,0.5597014925373134
BSRI,1072.0,1066.0,6.0,0.5597014925373134
SRP,4653.0,4627.0,26.0,0.5587792821835376
KUCE,1971.0,1960.0,11.0,0.5580923389142567
RJLK,1971.0,1960.0,11.0,0.5580923389142567
BWO,1971.0,1960.0,11.0,0.5580923389142567
NDPM,15321.0,15236.0,85.0,0.5547940734938973
BDWS,3248.0,3230.0,18.0,0.5541871921182266
MQL,5795.0,5763.0,32.0,0.5522001725625539
PIZ,5795.0,5763.0,32.0,0.5522001725625539
SJP,10890.0,10830.0,60.0,0.5509641873278237
VEER,2542.0,2528.0,14.0,0.5507474429583006
SBNM,3098.0,3081.0,17.0,0.5487411233053583
KJA,2005.0,1994.0,11.0,0.5486284289276808
SKAR,730.0,726.0,4.0,0.547945205479452
LBP,1095.0,1089.0,6.0,0.547945205479452
SMAP,1460.0,1452.0,8.0,0.547945205479452
RPRD,5110.0,5082.0,28.0,0.547945205479452
GNND,1095.0,1089.0,6.0,0.547945205479452
KMA,730.0,726.0,4.0,0.547945205479452
ADD,3650.0,3630.0,20.0,0.547945205479452
KMPR,1095.0,1089.0,6.0,0.547945205479452
CWT,1095.0,1089.0,6.0,0.547945205479452
KNHR,1095.0,1089.0,6.0,0.547945205479452
SRVN,2190.0,2178.0,12.0,0.547945205479452
PNDI,1095.0,1089.0,6.0,0.547945205479452
VRQ,2920.0,2904.0,16.0,0.547945205479452
PMP,730.0,726.0,4.0,0.547945205479452
NGS,730.0,726.0,4.0,0.547945205479452
KTKS,2190.0,2178.0,12.0,0.547945205479452
ANC,2190.0,2178.0,12.0,0.547945205479452
SSG,3650.0,3630.0,20.0,0.547945205479452
LSMP,1460.0,1452.0,8.0,0.547945205479452
GZS,2190.0,2178.0,12.0,0.547945205479452
ALPR,1460.0,1452.0,8.0,0.547945205479452
RMN,5110.0,5082.0,28.0,0.547945205479452
TNPR,2190.0,2178.0,12.0,0.547945205479452
OHV,730.0,726.0,4.0,0.547945205479452
BLK,3650.0,3630.0,20.0,0.547945205479452
DOBH,1460.0,1452.0,8.0,0.547945205479452
KSBI,2190.0,2178.0,12.0,0.547945205479452
KMDC,1095.0,1089.0,6.0,0.547945205479452
GPLG,1095.0,1089.0,6.0,0.547945205479452
MDG,2190.0,2178.0,12.0,0.547945205479452
SFK,1460.0,1452.0,8.0,0.547945205479452
BOT,730.0,726.0,4.0,0.547945205479452
AIA,2920.0,2904.0,16.0,0.547945205479452
KVC,2920.0,2904.0,16.0,0.547945205479452
MDAK,1460.0,1452.0,8.0,0.547945205479452
MLR,730.0,726.0,4.0,0.547945205479452
GBQ,1460.0,1452.0,8.0,0.547945205479452
TKI,365.0,363.0,2.0,0.547945205479452
CHDX,3650.0,3630.0,20.0,0.547945205479452
BGPA,2190.0,2178.0,12.0,0.547945205479452
KVD,3650.0,3630.0,20.0,0.547945205479452
NDR,3650.0,3630.0,20.0,0.547945205479452
HHT,2190.0,2178.0,12.0,0.547945205479452
KAOT,730.0,726.0,4.0,0.547945205479452
VXD,3650.0,3630.0,20.0,0.547945205479452
MOP,2190.0,2178.0,12.0,0.547945205479452
HHD,730.0,726.0,4.0,0.547945205479452
KBU,2190.0,2178.0,12.0,0.547945205479452
GHA,2190.0,2178.0,12.0,0.547945205479452
GER,3285.0,3267.0,18.0,0.547945205479452
DLM,1095.0,1089.0,6.0,0.547945205479452
ABGM,1095.0,1089.0,6.0,0.547945205479452
NUA,3285.0,3267.0,18.0,0.547945205479452
NXL,1095.0,1089.0,6.0,0.547945205479452
BNRD,1460.0,1452.0,8.0,0.547945205479452
PKZ,2190.0,2178.0,12.0,0.547945205479452
NDZ,730.0,726.0,4.0,0.547945205479452
HNM,730.0,726.0,4.0,0.547945205479452
GDX,1460.0,1452.0,8.0,0.547945205479452
LJR,5110.0,5082.0,28.0,0.547945205479452
KDX,2190.0,2178.0,12.0,0.547945205479452
TMT,730.0,726.0,4.0,0.547945205479452
KHPL,1460.0,1452.0,8.0,0.547945205479452
MKC,12849.0,12779.0,70.0,0.544789477780372
NFK,18985.0,18882.0,103.0,0.5425335791414274
UBL,25638.0,25499.0,139.0,0.5421639753490912
SOD,5735.0,5704.0,31.0,0.5405405405405406
KBJ,7786.0,7744.0,42.0,0.5394297456974056
PIA,5750.0,5719.0,31.0,0.5391304347826087
VYA,7982.0,7939.0,43.0,0.5387121022300175
UKL,3911.0,3890.0,21.0,0.5369470723600102
RMF,3546.0,3527.0,19.0,0.535815002820079
SVPI,4335.0,4312.0,23.0,0.530565167243368
HSRA,9670.0,9619.0,51.0,0.5274043433298862
KLRS,3040.0,3024.0,16.0,0.5263157894736842
CHJ,4380.0,4357.0,23.0,0.5251141552511416
RNO,4380.0,4357.0,23.0,0.5251141552511416
MSMD,7056.0,7019.0,37.0,0.5243764172335601
GALE,5153.0,5126.0,27.0,0.5239666213856007
ED,37255.0,37060.0,195.0,0.523419675211381
AUN,3650.0,3631.0,19.0,0.5205479452054794
CLDY,5004.0,4978.0,26.0,0.5195843325339728
TLMR,2503.0,2490.0,13.0,0.519376747902517
KNAG,2504.0,2491.0,13.0,0.5191693290734825
TJSP,2504.0,2491.0,13.0,0.5191693290734825
HIKD,2504.0,2491.0,13.0,0.5191693290734825
KUKT,2504.0,2491.0,13.0,0.5191693290734825
HLKH,2504.0,2491.0,13.0,0.5191693290734825
KRAR,7160.0,7123.0,37.0,0.5167597765363128
STR,9885.0,9834.0,51.0,0.5159332321699545
DADN,8565.0,8521.0,44.0,0.5137186223000584
SGLA,2920.0,2905.0,15.0,0.5136986301369862
CGKR,2920.0,2905.0,15.0,0.5136986301369862
TKA,2920.0,2905.0,15.0,0.5136986301369862
HJI,10580.0,10526.0,54.0,0.5103969754253308
SIKR,9815.0,9765.0,50.0,0.5094243504839532
POK,3751.0,3732.0,19.0,0.5065315915755798
NR,5750.0,5721.0,29.0,0.5043478260869565
RDL,7142.0,7106.0,36.0,0.504060487258471
HGT,4170.0,4149.0,21.0,0.5035971223021583
CRC,2190.0,2179.0,11.0,0.502283105022831
RORA,2190.0,2179.0,11.0,0.502283105022831
GTI,2190.0,2179.0,11.0,0.502283105022831
RNRD,2190.0,2179.0,11.0,0.502283105022831
MGRR,2190.0,2179.0,11.0,0.502283105022831
TTO,5424.0,5397.0,27.0,0.497787610619469
HGL,1409.0,1402.0,7.0,0.49680624556423
CHE,16976.0,16892.0,84.0,0.4948162111215834
RSH,3650.0,3632.0,18.0,0.4931506849315068
COL,7300.0,7264.0,36.0,0.4931506849315068
KYT,1825.0,1816.0,9.0,0.4931506849315068
MKM,7300.0,7264.0,36.0,0.4931506849315068
CNKH,7300.0,7264.0,36.0,0.4931506849315068
KYV,3650.0,3632.0,18.0,0.4931506849315068
KXO,3650.0,3632.0,18.0,0.4931506849315068
OGM,7300.0,7264.0,36.0,0.4931506849315068
KU,3650.0,3632.0,18.0,0.4931506849315068
AMT,3650.0,3632.0,18.0,0.4931506849315068
CHU,7300.0,7264.0,36.0,0.4931506849315068
KANJ,3650.0,3632.0,18.0,0.4931506849315068
BEML,7300.0,7264.0,36.0,0.4931506849315068
NEP,3650.0,3632.0,18.0,0.4931506849315068
TMU,3650.0,3632.0,18.0,0.4931506849315068
BARH,18785.0,18693.0,92.0,0.48975246207080114
NMKL,5526.0,5499.0,27.0,0.4885993485342019
WR,17033.0,16950.0,83.0,0.4872893794399108
GTE,3285.0,3269.0,16.0,0.4870624048706241
UTD,3285.0,3269.0,16.0,0.4870624048706241
TK,21973.0,21866.0,107.0,0.4869612706503436
DDE,7880.0,7842.0,38.0,0.4822335025380711
NCRM,1250.0,1244.0,6.0,0.48
DDDA,1250.0,1244.0,6.0,0.48
KDKL,1250.0,1244.0,6.0,0.48
LKDM,1250.0,1244.0,6.0,0.48
APMR,1250.0,1244.0,6.0,0.48
GJWL,1250.0,1244.0,6.0,0.48
SIPT,1250.0,1244.0,6.0,0.48
NPBR,1876.0,1867.0,9.0,0.4797441364605544
KALM,417.0,415.0,2.0,0.4796163069544364
DELI,417.0,415.0,2.0,0.4796163069544364
BHID,417.0,415.0,2.0,0.4796163069544364
BUJ,7299.0,7264.0,35.0,0.47951774215645976
DBNK,2920.0,2906.0,14.0,0.4794520547945206
HDWL,2920.0,2906.0,14.0,0.4794520547945206
WADO,1460.0,1453.0,7.0,0.4794520547945206
PS,1460.0,1453.0,7.0,0.4794520547945206
BIS,1460.0,1453.0,7.0,0.4794520547945206
NGZ,1460.0,1453.0,7.0,0.4794520547945206
RDS,2920.0,2906.0,14.0,0.4794520547945206
KTP,1460.0,1453.0,7.0,0.4794520547945206
KLHD,1460.0,1453.0,7.0,0.4794520547945206
GAO,1460.0,1453.0,7.0,0.4794520547945206
FGCN,2920.0,2906.0,14.0,0.4794520547945206
SBW,1460.0,1453.0,7.0,0.4794520547945206
RCR,2920.0,2906.0,14.0,0.4794520547945206
CLW,2920.0,2906.0,14.0,0.4794520547945206
CNN,1460.0,1453.0,7.0,0.4794520547945206
NG,2920.0,2906.0,14.0,0.4794520547945206
KMKD,1460.0,1453.0,7.0,0.4794520547945206
MANA,1460.0,1453.0,7.0,0.4794520547945206
KEP,2920.0,2906.0,14.0,0.4794520547945206
BILP,2920.0,2906.0,14.0,0.4794520547945206
KJL,1460.0,1453.0,7.0,0.4794520547945206
TWV,2920.0,2906.0,14.0,0.4794520547945206
KDHL,2920.0,2906.0,14.0,0.4794520547945206
TLE,1460.0,1453.0,7.0,0.4794520547945206
KUM,1460.0,1453.0,7.0,0.4794520547945206
MJTA,2920.0,2906.0,14.0,0.4794520547945206
NBH,8969.0,8926.0,43.0,0.4794291448321998
ATU,3129.0,3114.0,15.0,0.4793863854266539
CHSM,3129.0,3114.0,15.0,0.4793863854266539
CDK,2086.0,2076.0,10.0,0.4793863854266539
DPA,8569.0,8528.0,41.0,0.4784688995215311
RN,12543.0,12483.0,60.0,0.4783544606553456
BPL,45825.0,45606.0,219.0,0.47790507364975454
TBM,25956.0,25832.0,124.0,0.4777315456927107
KSNG,10894.0,10842.0,52.0,0.47732696897374705
SPDM,1678.0,1670.0,8.0,0.47675804529201427
GUNA,10706.0,10655.0,51.0,0.47636839155613675
CPK,10727.0,10676.0,51.0,0.4754358161648178
PVPT,7614.0,7578.0,36.0,0.4728132387706856
DPE,1706.0,1698.0,8.0,0.4689331770222743
RNN,1706.0,1698.0,8.0,0.4689331770222743
TDV,1706.0,1698.0,8.0,0.4689331770222743
MKL,1706.0,1698.0,8.0,0.4689331770222743
ORH,1706.0,1698.0,8.0,0.4689331770222743
JBN,7899.0,7862.0,37.0,0.46841372325610836
SICY,2349.0,2338.0,11.0,0.4682843763303533
TLV,5556.0,5530.0,26.0,0.4679625629949604
JJW,3650.0,3633.0,17.0,0.4657534246575342
AMLP,3650.0,3633.0,17.0,0.4657534246575342
SSKL,3650.0,3633.0,17.0,0.4657534246575342
JBU,3650.0,3633.0,17.0,0.4657534246575342
PQT,3650.0,3633.0,17.0,0.4657534246575342
TJH,3650.0,3633.0,17.0,0.4657534246575342
SAK,3650.0,3633.0,17.0,0.4657534246575342
CCP,3650.0,3633.0,17.0,0.4657534246575342
VAN,3650.0,3633.0,17.0,0.4657534246575342
PAVI,3650.0,3633.0,17.0,0.4657534246575342
BDE,3650.0,3633.0,17.0,0.4657534246575342
CTD,3650.0,3633.0,17.0,0.4657534246575342
JID,9268.0,9225.0,43.0,0.4639620198532585
SPLE,4527.0,4506.0,21.0,0.46388336646785955
AHN,4527.0,4506.0,21.0,0.46388336646785955
GHNA,6468.0,6438.0,30.0,0.463821892393321
VDA,6935.0,6903.0,32.0,0.4614275414563807
BGK,6972.0,6940.0,32.0,0.45897877223178424
LAK,4380.0,4360.0,20.0,0.45662100456621
TIL,4380.0,4360.0,20.0,0.45662100456621
PDPR,2190.0,2180.0,10.0,0.45662100456621
SFH,1095.0,1090.0,5.0,0.45662100456621
CND,6570.0,6540.0,30.0,0.45662100456621
LVR,2190.0,2180.0,10.0,0.45662100456621
KRMP,2190.0,2180.0,10.0,0.45662100456621
JLT,2190.0,2180.0,10.0,0.45662100456621
NIT,2190.0,2180.0,10.0,0.45662100456621
BHCL,4380.0,4360.0,20.0,0.45662100456621
BHGP,2190.0,2180.0,10.0,0.45662100456621
KHRI,2190.0,2180.0,10.0,0.45662100456621
SRPR,6570.0,6540.0,30.0,0.45662100456621
BHMA,2190.0,2180.0,10.0,0.45662100456621
KMGE,4380.0,4360.0,20.0,0.45662100456621
TLAM,4380.0,4360.0,20.0,0.45662100456621
BRSA,2190.0,2180.0,10.0,0.45662100456621
JRR,1095.0,1090.0,5.0,0.45662100456621
BLH,1095.0,1090.0,5.0,0.45662100456621
BD,22154.0,22053.0,101.0,0.45589961180825134
ASKN,7683.0,7648.0,35.0,0.45555121697253675
JSM,4618.0,4597.0,21.0,0.45474231268947596
RDRA,4618.0,4597.0,21.0,0.45474231268947596
RJT,15862.0,15790.0,72.0,0.4539150170218132
GDYA,8174.0,8137.0,37.0,0.45265475899192564
NWDH,1774.0,1766.0,8.0,0.4509582863585118
MHSA,1774.0,1766.0,8.0,0.4509582863585118
KQQ,2449.0,2438.0,11.0,0.449162923642303
DYD,6256.0,6228.0,28.0,0.4475703324808184
VPT,19243.0,19157.0,86.0,0.4469157615756379
TPE,2920.0,2907.0,13.0,0.4452054794520548
BWIP,2920.0,2907.0,13.0,0.4452054794520548
BAPR,2920.0,2907.0,13.0,0.4452054794520548
HTC,6303.0,6275.0,28.0,0.44423290496588924
NK,30402.0,30267.0,135.0,0.4440497335701598
SLW,4066.0,4048.0,18.0,0.4426955238563699
MMDP,1356.0,1350.0,6.0,0.4424778761061947
JTIN,1356.0,1350.0,6.0,0.4424778761061947
NKPU,1356.0,1350.0,6.0,0.4424778761061947
SRSO,1356.0,1350.0,6.0,0.4424778761061947
JDPR,1356.0,1350.0,6.0,0.4424778761061947
HIS,1356.0,1350.0,6.0,0.4424778761061947
WADI,16162.0,16091.0,71.0,0.43930206657591886
NN,10021.0,9977.0,44.0,0.43907793633369924
ADTL,3648.0,3632.0,16.0,0.43859649122807015
BDRL,3648.0,3632.0,16.0,0.43859649122807015
KONN,1825.0,1817.0,8.0,0.4383561643835616
KXI,1825.0,1817.0,8.0,0.4383561643835616
ARPL,1825.0,1817.0,8.0,0.4383561643835616
BZG,3650.0,3634.0,16.0,0.4383561643835616
KTKA,1825.0,1817.0,8.0,0.4383561643835616
PDO,1825.0,1817.0,8.0,0.4383561643835616
AJK,1825.0,1817.0,8.0,0.4383561643835616
NRM,3650.0,3634.0,16.0,0.4383561643835616
MQS,3650.0,3634.0,16.0,0.4383561643835616
PDNA,1825.0,1817.0,8.0,0.4383561643835616
MOA,1825.0,1817.0,8.0,0.4383561643835616
SEI,687.0,684.0,3.0,0.43668122270742354
PJR,687.0,684.0,3.0,0.43668122270742354
BUX,2294.0,2284.0,10.0,0.4359197907585004
JGLP,918.0,914.0,4.0,0.4357298474945534
BUP,13555.0,13496.0,59.0,0.43526374031722614
CCH,4368.0,4349.0,19.0,0.434981684981685
BWM,10599.0,10553.0,46.0,0.4340032078497972
VJM,5110.0,5088.0,22.0,0.4305283757338552
TMVL,5110.0,5088.0,22.0,0.4305283757338552
PVM,5110.0,5088.0,22.0,0.4305283757338552
ANNR,5110.0,5088.0,22.0,0.4305283757338552
PCW,5110.0,5088.0,22.0,0.4305283757338552
KOTR,5110.0,5088.0,22.0,0.4305283757338552
PEW,5110.0,5088.0,22.0,0.4305283757338552
HCNR,3025.0,3012.0,13.0,0.4297520661157025
KDJR,3025.0,3012.0,13.0,0.4297520661157025
KLBG,20074.0,19988.0,86.0,0.4284148649995019
JAUA,1878.0,1870.0,8.0,0.42598509052183176
DNWR,1878.0,1870.0,8.0,0.42598509052183176
RJG,4961.0,4940.0,21.0,0.4233017536786938
KBRV,4745.0,4725.0,20.0,0.42149631190727077
GHY,26506.0,26395.0,111.0,0.41877310797555267
ACLE,8126.0,8092.0,34.0,0.41841004184100417
DWX,15554.0,15489.0,65.0,0.41789893275041795
SLI,11659.0,11611.0,48.0,0.4116991165623124
S,4378.0,4360.0,18.0,0.4111466423024212
CMX,2190.0,2181.0,9.0,0.410958904109589
GZM,2190.0,2181.0,9.0,0.410958904109589
SHHT,730.0,727.0,3.0,0.410958904109589
ADST,730.0,727.0,3.0,0.410958904109589
SGND,730.0,727.0,3.0,0.410958904109589
SMM,4380.0,4362.0,18.0,0.410958904109589
NDE,730.0,727.0,3.0,0.410958904109589
JMQ,2190.0,2181.0,9.0,0.410958904109589
DAE,1460.0,1454.0,6.0,0.410958904109589
MDVR,730.0,727.0,3.0,0.410958904109589
DBLG,730.0,727.0,3.0,0.410958904109589
TLO,730.0,727.0,3.0,0.410958904109589
VPR,730.0,727.0,3.0,0.410958904109589
BRG,2190.0,2181.0,9.0,0.410958904109589
LGT,730.0,727.0,3.0,0.410958904109589
KADA,730.0,727.0,3.0,0.410958904109589
TLN,1460.0,1454.0,6.0,0.410958904109589
JOBT,730.0,727.0,3.0,0.410958904109589
KNGN,730.0,727.0,3.0,0.410958904109589
KHN,730.0,727.0,3.0,0.410958904109589
DKE,730.0,727.0,3.0,0.410958904109589
ANQ,730.0,727.0,3.0,0.410958904109589
BMCK,3650.0,3635.0,15.0,0.410958904109589
BTX,3650.0,3635.0,15.0,0.410958904109589
SANH,2190.0,2181.0,9.0,0.410958904109589
SKSO,2684.0,2673.0,11.0,0.4098360655737705
BSBH,2684.0,2673.0,11.0,0.4098360655737705
KYS,2684.0,2673.0,11.0,0.4098360655737705
MXA,2684.0,2673.0,11.0,0.4098360655737705
LBO,2684.0,2673.0,11.0,0.4098360655737705
PUWA,2684.0,2673.0,11.0,0.4098360655737705
BXA,2684.0,2673.0,11.0,0.4098360655737705
GDZ,2684.0,2673.0,11.0,0.4098360655737705
RSA,2684.0,2673.0,11.0,0.4098360655737705
BAQ,17640.0,17568.0,72.0,0.40816326530612246
MVLK,17362.0,17292.0,70.0,0.4031793572169105
CBF,9179.0,9142.0,37.0,0.40309401895631336
KHNP,3234.0,3221.0,13.0,0.4019789734075448
KSRA,5474.0,5452.0,22.0,0.40189989039093904
CNV,2493.0,2483.0,10.0,0.4011231448054553
LGL,8990.0,8954.0,36.0,0.40044493882091214
SWM,24490.0,24392.0,98.0,0.4001633319722335
PRTL,6748.0,6721.0,27.0,0.40011855364552457
SWLN,1252.0,1247.0,5.0,0.3993610223642172
PLLD,1252.0,1247.0,5.0,0.3993610223642172
TGLN,1252.0,1247.0,5.0,0.3993610223642172
SGP,7819.0,7788.0,31.0,0.396470136846144
TBN,5056.0,5036.0,20.0,0.39556962025316456
SRJN,4558.0,4540.0,18.0,0.39491004826678366
BGM,10936.0,10893.0,43.0,0.3931967812728603
BPRA,2799.0,2788.0,11.0,0.3929974991068239
MTH,2799.0,2788.0,11.0,0.3929974991068239
KBR,2799.0,2788.0,11.0,0.3929974991068239
MNGD,9956.0,9917.0,39.0,0.39172358376858174
PLO,8448.0,8415.0,33.0,0.390625
TMV,10496.0,10455.0,41.0,0.390625
RKD,4380.0,4363.0,17.0,0.3881278538812785
SDB,8770.0,8736.0,34.0,0.38768529076396807
DKC,2848.0,2837.0,11.0,0.38623595505617975
MQN,2848.0,2837.0,11.0,0.38623595505617975
JDN,2085.0,2077.0,8.0,0.38369304556354916
RKSH,3650.0,3636.0,14.0,0.3835616438356164
BGHI,1043.0,1039.0,4.0,0.38350910834132307
JGJN,522.0,520.0,2.0,0.38314176245210724
PKB,522.0,520.0,2.0,0.38314176245210724
HWX,522.0,520.0,2.0,0.38314176245210724
DHRY,522.0,520.0,2.0,0.38314176245210724
KRP,7113.0,7086.0,27.0,0.3795866722901729
KOTA,34308.0,34178.0,130.0,0.378920368427189
EKI,8451.0,8419.0,32.0,0.37865341379718376
KWR,7146.0,7119.0,27.0,0.3778337531486146
NEO,7146.0,7119.0,27.0,0.3778337531486146
PGN,2920.0,2909.0,11.0,0.3767123287671233
JPM,2920.0,2909.0,11.0,0.3767123287671233
MUGA,2920.0,2909.0,11.0,0.3767123287671233
EL,2920.0,2909.0,11.0,0.3767123287671233
MYU,2920.0,2909.0,11.0,0.3767123287671233
LP,2920.0,2909.0,11.0,0.3767123287671233
SMI,9051.0,9017.0,34.0,0.37564909954701137
JPG,3233.0,3221.0,12.0,0.37117228580266004
GWA,4590.0,4573.0,17.0,0.3703703703703704
MDLE,5944.0,5922.0,22.0,0.37012113055181695
MURD,4327.0,4311.0,16.0,0.36977120406748326
LWR,5965.0,5943.0,22.0,0.36881810561609385
BLRR,4068.0,4053.0,15.0,0.3687315634218289
HLE,4068.0,4053.0,15.0,0.3687315634218289
PATM,3546.0,3533.0,13.0,0.36661026508742245
MDRR,2188.0,2180.0,8.0,0.3656307129798903
NHY,4378.0,4362.0,16.0,0.3654636820465966
BKLE,5473.0,5453.0,20.0,0.36543029417138684
AAGH,1642.0,1636.0,6.0,0.3654080389768575
GIBP,2190.0,2182.0,8.0,0.365296803652968
SRB,2190.0,2182.0,8.0,0.365296803652968
GDGN,1095.0,1091.0,4.0,0.365296803652968
BKRD,8760.0,8728.0,32.0,0.365296803652968
TLT,1095.0,1091.0,4.0,0.365296803652968
BBD,1095.0,1091.0,4.0,0.365296803652968
SGJ,2190.0,2182.0,8.0,0.365296803652968
BRKB,2190.0,2182.0,8.0,0.365296803652968
SSD,3650.0,3637.0,13.0,0.3561643835616438
BSM,3650.0,3637.0,13.0,0.3561643835616438
RMP,3650.0,3637.0,13.0,0.3561643835616438
TAZ,3650.0,3637.0,13.0,0.3561643835616438
KMGH,2816.0,2806.0,10.0,0.35511363636363635
WRR,2816.0,2806.0,10.0,0.35511363636363635
NBPH,3679.0,3666.0,13.0,0.35335689045936397
KRNR,5944.0,5923.0,21.0,0.3532974427994616
MSR,3963.0,3949.0,14.0,0.35326772646984606
KRG,3963.0,3949.0,14.0,0.35326772646984606
MRT,5103.0,5085.0,18.0,0.3527336860670194
DOE,5108.0,5090.0,18.0,0.3523884103367267
DDX,5399.0,5380.0,19.0,0.3519170216706798
JRG,3424.0,3412.0,12.0,0.35046728971962615
KCV,3424.0,3412.0,12.0,0.35046728971962615
BQG,8573.0,8543.0,30.0,0.34993584509506587
KY,10009.0,9974.0,35.0,0.34968528324507947
SRID,10322.0,10286.0,36.0,0.34876961829102887
NMX,3441.0,3429.0,12.0,0.34873583260680036
BFT,7478.0,7452.0,26.0,0.3476865472051351
SGV,7478.0,7452.0,26.0,0.3476865472051351
NBI,4603.0,4587.0,16.0,0.3475993917010645
KL,4603.0,4587.0,16.0,0.3475993917010645
KDE,5215.0,5197.0,18.0,0.3451581975071908
SFY,4067.0,4053.0,14.0,0.34423407917383825
GNWA,1460.0,1455.0,5.0,0.3424657534246575
VDR,1460.0,1455.0,5.0,0.3424657534246575
PWU,1460.0,1455.0,5.0,0.3424657534246575
KHQ,2920.0,2910.0,10.0,0.3424657534246575
POTI,1460.0,1455.0,5.0,0.3424657534246575
MHI,2920.0,2910.0,10.0,0.3424657534246575
POM,2920.0,2910.0,10.0,0.3424657534246575
MMNK,1460.0,1455.0,5.0,0.3424657534246575
ANK,1460.0,1455.0,5.0,0.3424657534246575
LOG,1460.0,1455.0,5.0,0.3424657534246575
AVD,7300.0,7275.0,25.0,0.3424657534246575
CDBN,2920.0,2910.0,10.0,0.3424657534246575
CTM,1460.0,1455.0,5.0,0.3424657534246575
OV,1460.0,1455.0,5.0,0.3424657534246575
PRGL,1460.0,1455.0,5.0,0.3424657534246575
MHPR,2920.0,2910.0,10.0,0.3424657534246575
KTDD,1460.0,1455.0,5.0,0.3424657534246575
MJHR,1460.0,1455.0,5.0,0.3424657534246575
BKHR,2920.0,2910.0,10.0,0.3424657534246575
MNS,2920.0,2910.0,10.0,0.3424657534246575
UPM,1460.0,1455.0,5.0,0.3424657534246575
PNHI,1460.0,1455.0,5.0,0.3424657534246575
MFX,1460.0,1455.0,5.0,0.3424657534246575
IDGJ,1460.0,1455.0,5.0,0.3424657534246575
SIW,1460.0,1455.0,5.0,0.3424657534246575
HLN,6133.0,6112.0,21.0,0.3424099135822599
TKH,3222.0,3211.0,11.0,0.3414028553693358
JOL,3222.0,3211.0,11.0,0.3414028553693358
KTMA,6467.0,6445.0,22.0,0.34018865006958404
NGN,7942.0,7915.0,27.0,0.33996474439687735
PKD,7129.0,7105.0,24.0,0.3366531070276336
SNSI,2975.0,2965.0,10.0,0.33613445378151263
MMH,3285.0,3274.0,11.0,0.334855403348554
RLG,3285.0,3274.0,11.0,0.334855403348554
JJG,8990.0,8960.0,30.0,0.33370411568409347
JSR,1499.0,1494.0,5.0,0.333555703802535
SNK,6006.0,5986.0,20.0,0.333000333000333
UDPR,1802.0,1796.0,6.0,0.3329633740288568
KAPP,3911.0,3898.0,13.0,0.33239580669905394
PAV,8134.0,8107.0,27.0,0.3319400049176297
GVL,8134.0,8107.0,27.0,0.3319400049176297
VVM,7235.0,7211.0,24.0,0.331720801658604
VLK,6935.0,6912.0,23.0,0.33165104542177365
BTQ,3627.0,3615.0,12.0,0.3308519437551696
NMGT,1825.0,1819.0,6.0,0.32876712328767127
KLDI,3650.0,3638.0,12.0,0.32876712328767127
AVLI,3650.0,3638.0,12.0,0.32876712328767127
IMR,3045.0,3035.0,10.0,0.3284072249589491
BHLE,8552.0,8524.0,28.0,0.32740879326473343
MTP,5197.0,5180.0,17.0,0.3271117952664999
JSE,3737.0,3725.0,12.0,0.3211131924003211
BBI,624.0,622.0,2.0,0.3205128205128205
JMA,624.0,622.0,2.0,0.3205128205128205
CCR,624.0,622.0,2.0,0.3205128205128205
SSCR,624.0,622.0,2.0,0.3205128205128205
TOP,624.0,622.0,2.0,0.3205128205128205
IKRA,624.0,622.0,2.0,0.3205128205128205
BOK,625.0,623.0,2.0,0.32
SLOR,625.0,623.0,2.0,0.32
GMG,625.0,623.0,2.0,0.32
BTBR,625.0,623.0,2.0,0.32
LKDU,2189.0,2182.0,7.0,0.31978072179077205
MTM,8447.0,8420.0,27.0,0.3196401089144075
MLQ,2190.0,2183.0,7.0,0.31963470319634707
PB,2190.0,2183.0,7.0,0.31963470319634707
VRB,2190.0,2183.0,7.0,0.31963470319634707
KRKN,2190.0,2183.0,7.0,0.31963470319634707
TJP,2190.0,2183.0,7.0,0.31963470319634707
LYD,2190.0,2183.0,7.0,0.31963470319634707
PLW,2190.0,2183.0,7.0,0.31963470319634707
TSAH,2190.0,2183.0,7.0,0.31963470319634707
BJRI,6936.0,6914.0,22.0,0.31718569780853517
HCR,10433.0,10400.0,33.0,0.3163040352726924
AMLA,11095.0,11060.0,35.0,0.31545741324921134
INDB,24798.0,24720.0,78.0,0.3145414952818776
SDE,8606.0,8579.0,27.0,0.31373460376481527
BPD,6383.0,6363.0,20.0,0.31333228889237036
MDVL,5108.0,5092.0,16.0,0.31323414252153486
BRPS,5110.0,5094.0,16.0,0.3131115459882583
MLG,5110.0,5094.0,16.0,0.3131115459882583
IKI,2555.0,2547.0,8.0,0.3131115459882583
KATL,4484.0,4470.0,14.0,0.31222123104371097
GBD,8381.0,8355.0,26.0,0.31022551008232907
UJN,27737.0,27651.0,86.0,0.31005516097631325
TKR,3233.0,3223.0,10.0,0.3093102381688834
ASK,21700.0,21633.0,67.0,0.3087557603686636
MBB,11670.0,11634.0,36.0,0.30848329048843187
KHDP,2920.0,2911.0,9.0,0.3082191780821918
BKTS,2920.0,2911.0,9.0,0.3082191780821918
YAG,2920.0,2911.0,9.0,0.3082191780821918
KDJ,2920.0,2911.0,9.0,0.3082191780821918
DUO,2920.0,2911.0,9.0,0.3082191780821918
GWP,2920.0,2911.0,9.0,0.3082191780821918
KJNC,2920.0,2911.0,9.0,0.3082191780821918
VND,2920.0,2911.0,9.0,0.3082191780821918
SGRP,2920.0,2911.0,9.0,0.3082191780821918
MNMU,2920.0,2911.0,9.0,0.3082191780821918
MLKP,2920.0,2911.0,9.0,0.3082191780821918
JPP,2920.0,2911.0,9.0,0.3082191780821918
CBR,2920.0,2911.0,9.0,0.3082191780821918
KTJ,2920.0,2911.0,9.0,0.3082191780821918
SKIP,2920.0,2911.0,9.0,0.3082191780821918
UTP,2920.0,2911.0,9.0,0.3082191780821918
BRRG,4569.0,4555.0,14.0,0.3064127817903261
BPC,9480.0,9451.0,29.0,0.30590717299578063
PYHT,5895.0,5877.0,18.0,0.3053435114503817
TTR,13110.0,13070.0,40.0,0.30511060259344014
GMAN,4596.0,4582.0,14.0,0.30461270670147955
RIKD,4276.0,4263.0,13.0,0.304022450888681
GOG,4276.0,4263.0,13.0,0.304022450888681
WHM,5601.0,5584.0,17.0,0.3035172290662382
HNL,5601.0,5584.0,17.0,0.3035172290662382
BVQ,3963.0,3951.0,12.0,0.3028009084027252
LOGH,3964.0,3952.0,12.0,0.30272452068617556
NWU,6945.0,6924.0,21.0,0.3023758099352052
SGKM,3648.0,3637.0,11.0,0.3015350877192982
ORR,3650.0,3639.0,11.0,0.3013698630136986
HPKA,3650.0,3639.0,11.0,0.3013698630136986
SRKI,3650.0,3639.0,11.0,0.3013698630136986
GVB,3650.0,3639.0,11.0,0.3013698630136986
KXB,3650.0,3639.0,11.0,0.3013698630136986
MABN,3650.0,3639.0,11.0,0.3013698630136986
RTWS,3650.0,3639.0,11.0,0.3013698630136986
RIKA,3650.0,3639.0,11.0,0.3013698630136986
MDVK,3650.0,3639.0,11.0,0.3013698630136986
PIGT,3650.0,3639.0,11.0,0.3013698630136986
BVRM,12631.0,12593.0,38.0,0.30084712215976567
AMI,6667.0,6647.0,20.0,0.29998500074996254
KPE,1669.0,1664.0,5.0,0.2995805871779509
GIR,1669.0,1664.0,5.0,0.2995805871779509
KKY,4351.0,4338.0,13.0,0.2987818892208688
VM,33982.0,33881.0,101.0,0.2972161732682008
DRO,4380.0,4367.0,13.0,0.2968036529680365
RDN,4380.0,4367.0,13.0,0.2968036529680365
FZP,4380.0,4367.0,13.0,0.2968036529680365
LDK,4380.0,4367.0,13.0,0.2968036529680365
PTI,4380.0,4367.0,13.0,0.2968036529680365
SWRT,4380.0,4367.0,13.0,0.2968036529680365
CNA,7762.0,7739.0,23.0,0.29631538263334195
DLCR,1357.0,1353.0,4.0,0.2947678703021371
TDU,10203.0,10173.0,30.0,0.29403116730373424
MALM,12623.0,12586.0,37.0,0.2931157411075022
BLY,1368.0,1364.0,4.0,0.29239766081871343
KHRJ,2398.0,2391.0,7.0,0.2919099249374479
LEB,2745.0,2737.0,8.0,0.29143897996357016
MHD,12045.0,12010.0,35.0,0.29057700290577004
JBD,4484.0,4471.0,13.0,0.28991971454058874
GHS,4484.0,4471.0,13.0,0.28991971454058874
PAIL,2766.0,2758.0,8.0,0.28922631959508316
BP,8656.0,8631.0,25.0,0.2888170055452865
BEB,9355.0,9328.0,27.0,0.2886157135221807
IMBG,2086.0,2080.0,6.0,0.28763183125599234
KRNN,2086.0,2080.0,6.0,0.28763183125599234
APP,2086.0,2080.0,6.0,0.28763183125599234
KHUH,2086.0,2080.0,6.0,0.28763183125599234
MUHI,2086.0,2080.0,6.0,0.28763183125599234
AKJ,1044.0,1041.0,3.0,0.28735632183908044
HGH,1044.0,1041.0,3.0,0.28735632183908044
KRPP,5569.0,5553.0,16.0,0.2873047225713773
AKOR,4881.0,4867.0,14.0,0.2868264699856587
RJPB,26157.0,26082.0,75.0,0.2867301296020186
CVB,4900.0,4886.0,14.0,0.2857142857142857
NSGR,3156.0,3147.0,9.0,0.28517110266159695
BHPI,3156.0,3147.0,9.0,0.28517110266159695
SNPU,3156.0,3147.0,9.0,0.28517110266159695
JRTB,3156.0,3147.0,9.0,0.28517110266159695
AJUG,2816.0,2808.0,8.0,0.2840909090909091
UHL,4588.0,4575.0,13.0,0.2833478639930253
PTKD,1773.0,1768.0,5.0,0.2820078962210942
REJ,8208.0,8185.0,23.0,0.280214424951267
SFW,2504.0,2497.0,7.0,0.27955271565495204
BH,31902.0,31813.0,89.0,0.2789793743338975
NNHT,5736.0,5720.0,16.0,0.2789400278940028
ASD,4663.0,4650.0,13.0,0.27879047823289727
SMD,4663.0,4650.0,13.0,0.27879047823289727
PCM,4663.0,4650.0,13.0,0.27879047823289727
SM,11889.0,11856.0,33.0,0.27756749936916475
SUC,721.0,719.0,2.0,0.27739251040221913
SBHN,721.0,719.0,2.0,0.27739251040221913
VNTD,721.0,719.0,2.0,0.27739251040221913
JO,721.0,719.0,2.0,0.27739251040221913
SHLT,721.0,719.0,2.0,0.27739251040221913
KIAT,8656.0,8632.0,24.0,0.27726432532347506
BWT,27844.0,27767.0,77.0,0.2765407269070536
SGBJ,1458.0,1454.0,4.0,0.2743484224965706
DRHI,1458.0,1454.0,4.0,0.2743484224965706
SXA,1458.0,1454.0,4.0,0.2743484224965706
WGA,1458.0,1454.0,4.0,0.2743484224965706
NB,1458.0,1454.0,4.0,0.2743484224965706
CKKD,1458.0,1454.0,4.0,0.2743484224965706
PGL,1458.0,1454.0,4.0,0.2743484224965706
DRA,1458.0,1454.0,4.0,0.2743484224965706
DGN,1458.0,1454.0,4.0,0.2743484224965706
PAL,1458.0,1454.0,4.0,0.2743484224965706
BRGJ,1458.0,1454.0,4.0,0.2743484224965706
BRUD,1458.0,1454.0,4.0,0.2743484224965706
DKI,1458.0,1454.0,4.0,0.2743484224965706
CRK,1458.0,1454.0,4.0,0.2743484224965706
BRI,1458.0,1454.0,4.0,0.2743484224965706
JHT,1458.0,1454.0,4.0,0.2743484224965706
SNRR,2918.0,2910.0,8.0,0.2741603838245374
PCU,3283.0,3274.0,9.0,0.27413950654888825
UNDI,4378.0,4366.0,12.0,0.27409776153494747
OTR,2554.0,2547.0,7.0,0.274079874706343
BWX,2919.0,2911.0,8.0,0.2740664611168208
FSR,2919.0,2911.0,8.0,0.2740664611168208
BFE,2919.0,2911.0,8.0,0.2740664611168208
SPPA,3649.0,3639.0,10.0,0.27404768429706766
LCT,730.0,728.0,2.0,0.273972602739726
RNGG,730.0,728.0,2.0,0.273972602739726
CKS,1460.0,1456.0,4.0,0.273972602739726
LDE,1460.0,1456.0,4.0,0.273972602739726
MLI,1460.0,1456.0,4.0,0.273972602739726
DMBR,2190.0,2184.0,6.0,0.273972602739726
DNEA,2190.0,2184.0,6.0,0.273972602739726
DLDE,730.0,728.0,2.0,0.273972602739726
CDRL,730.0,728.0,2.0,0.273972602739726
MOBD,730.0,728.0,2.0,0.273972602739726
NJN,730.0,728.0,2.0,0.273972602739726
DTC,730.0,728.0,2.0,0.273972602739726
PHM,2190.0,2184.0,6.0,0.273972602739726
BLMR,730.0,728.0,2.0,0.273972602739726
PTS,1460.0,1456.0,4.0,0.273972602739726
RMNR,730.0,728.0,2.0,0.273972602739726
VMD,5110.0,5096.0,14.0,0.273972602739726
BGAR,3285.0,3276.0,9.0,0.273972602739726
TNH,1460.0,1456.0,4.0,0.273972602739726
PSX,1460.0,1456.0,4.0,0.273972602739726
PTF,365.0,364.0,1.0,0.273972602739726
AV,730.0,728.0,2.0,0.273972602739726
HLZ,730.0,728.0,2.0,0.273972602739726
KTI,2920.0,2912.0,8.0,0.273972602739726
SALI,730.0,728.0,2.0,0.273972602739726
RJJN,1460.0,1456.0,4.0,0.273972602739726
TEG,730.0,728.0,2.0,0.273972602739726
TEK,2190.0,2184.0,6.0,0.273972602739726
AMLO,2190.0,2184.0,6.0,0.273972602739726
PJLE,2190.0,2184.0,6.0,0.273972602739726
PLD,2190.0,2184.0,6.0,0.273972602739726
KQI,730.0,728.0,2.0,0.273972602739726
KQE,730.0,728.0,2.0,0.273972602739726
KRTA,2920.0,2912.0,8.0,0.273972602739726
KRW,1460.0,1456.0,4.0,0.273972602739726
AMQ,2920.0,2912.0,8.0,0.273972602739726
HOL,2190.0,2184.0,6.0,0.273972602739726
CJA,730.0,728.0,2.0,0.273972602739726
PGDI,730.0,728.0,2.0,0.273972602739726
TEO,1460.0,1456.0,4.0,0.273972602739726
CLU,5840.0,5824.0,16.0,0.273972602739726
MAE,5840.0,5824.0,16.0,0.273972602739726
VLE,730.0,728.0,2.0,0.273972602739726
BHNE,1460.0,1456.0,4.0,0.273972602739726
SVG,1460.0,1456.0,4.0,0.273972602739726
CCD,1460.0,1456.0,4.0,0.273972602739726
BLPR,730.0,728.0,2.0,0.273972602739726
SZH,1460.0,1456.0,4.0,0.273972602739726
BHGN,730.0,728.0,2.0,0.273972602739726
PI,730.0,728.0,2.0,0.273972602739726
SYW,730.0,728.0,2.0,0.273972602739726
KRDH,1460.0,1456.0,4.0,0.273972602739726
BAWD,730.0,728.0,2.0,0.273972602739726
TGH,365.0,364.0,1.0,0.273972602739726
AHZ,730.0,728.0,2.0,0.273972602739726
PETA,2190.0,2184.0,6.0,0.273972602739726
KPCM,2555.0,2548.0,7.0,0.273972602739726
HQR,1460.0,1456.0,4.0,0.273972602739726
MCO,3650.0,3640.0,10.0,0.273972602739726
MCLE,3650.0,3640.0,10.0,0.273972602739726
VKH,2190.0,2184.0,6.0,0.273972602739726
CEM,730.0,728.0,2.0,0.273972602739726
VT,2555.0,2548.0,7.0,0.273972602739726
BBTR,730.0,728.0,2.0,0.273972602739726
SDH,1460.0,1456.0,4.0,0.273972602739726
TMB,1460.0,1456.0,4.0,0.273972602739726
GDKP,1460.0,1456.0,4.0,0.273972602739726
KPKD,1460.0,1456.0,4.0,0.273972602739726
BKKS,730.0,728.0,2.0,0.273972602739726
PLVA,2190.0,2184.0,6.0,0.273972602739726
PDSN,1460.0,1456.0,4.0,0.273972602739726
NMGY,730.0,728.0,2.0,0.273972602739726
GNQ,1460.0,1456.0,4.0,0.273972602739726
NLN,730.0,728.0,2.0,0.273972602739726
WGJ,730.0,728.0,2.0,0.273972602739726
SURL,1460.0,1456.0,4.0,0.273972602739726
HRNG,3285.0,3276.0,9.0,0.273972602739726
APG,730.0,728.0,2.0,0.273972602739726
KXRA,3285.0,3276.0,9.0,0.273972602739726
BXK,730.0,728.0,2.0,0.273972602739726
BCJ,2920.0,2912.0,8.0,0.273972602739726
SNKB,1460.0,1456.0,4.0,0.273972602739726
SEP,1825.0,1820.0,5.0,0.273972602739726
BDHT,1460.0,1456.0,4.0,0.273972602739726
PSK,1460.0,1456.0,4.0,0.273972602739726
SHNG,730.0,728.0,2.0,0.273972602739726
CHBS,730.0,728.0,2.0,0.273972602739726
KLBA,1460.0,1456.0,4.0,0.273972602739726
SNSL,1460.0,1456.0,4.0,0.273972602739726
BRTK,2190.0,2184.0,6.0,0.273972602739726
DPZ,1460.0,1456.0,4.0,0.273972602739726
STUR,730.0,728.0,2.0,0.273972602739726
STVA,2190.0,2184.0,6.0,0.273972602739726
HTL,730.0,728.0,2.0,0.273972602739726
HTN,1460.0,1456.0,4.0,0.273972602739726
MXR,730.0,728.0,2.0,0.273972602739726
VDD,1460.0,1456.0,4.0,0.273972602739726
RXR,730.0,728.0,2.0,0.273972602739726
BNGM,1460.0,1456.0,4.0,0.273972602739726
VPU,1825.0,1820.0,5.0,0.273972602739726
PDP,2190.0,2184.0,6.0,0.273972602739726
NNM,3650.0,3640.0,10.0,0.273972602739726
GO,730.0,728.0,2.0,0.273972602739726
KOHL,1460.0,1456.0,4.0,0.273972602739726
SFX,2920.0,2912.0,8.0,0.273972602739726
BSRL,1460.0,1456.0,4.0,0.273972602739726
JAN,2190.0,2184.0,6.0,0.273972602739726
DVH,1460.0,1456.0,4.0,0.273972602739726
TKHE,2190.0,2184.0,6.0,0.273972602739726
PDJ,730.0,728.0,2.0,0.273972602739726
DCA,730.0,728.0,2.0,0.273972602739726
AGP,365.0,364.0,1.0,0.273972602739726
GEK,730.0,728.0,2.0,0.273972602739726
GELA,1460.0,1456.0,4.0,0.273972602739726
CHAH,1825.0,1820.0,5.0,0.273972602739726
KNVH,1460.0,1456.0,4.0,0.273972602739726
PLSG,1460.0,1456.0,4.0,0.273972602739726
MGVK,1460.0,1456.0,4.0,0.273972602739726
MGRD,730.0,728.0,2.0,0.273972602739726
MER,1460.0,1456.0,4.0,0.273972602739726
CHNN,1460.0,1456.0,4.0,0.273972602739726
CHLK,2190.0,2184.0,6.0,0.273972602739726
TKLB,1460.0,1456.0,4.0,0.273972602739726
LT,730.0,728.0,2.0,0.273972602739726
LRI,1460.0,1456.0,4.0,0.273972602739726
NSP,1460.0,1456.0,4.0,0.273972602739726
BSDR,2190.0,2184.0,6.0,0.273972602739726
BIGH,1095.0,1092.0,3.0,0.273972602739726
DJA,730.0,728.0,2.0,0.273972602739726
KUTI,730.0,728.0,2.0,0.273972602739726
MUK,730.0,728.0,2.0,0.273972602739726
MUPA,730.0,728.0,2.0,0.273972602739726
NSKL,365.0,364.0,1.0,0.273972602739726
KVM,4380.0,4368.0,12.0,0.273972602739726
LR,730.0,728.0,2.0,0.273972602739726
NRO,6570.0,6552.0,18.0,0.273972602739726
NRV,2555.0,2548.0,7.0,0.273972602739726
BWRA,1460.0,1456.0,4.0,0.273972602739726
WDA,730.0,728.0,2.0,0.273972602739726
PPRH,2920.0,2912.0,8.0,0.273972602739726
MHL,2555.0,2548.0,7.0,0.273972602739726
MGE,730.0,728.0,2.0,0.273972602739726
POO,730.0,728.0,2.0,0.273972602739726
ANLG,5840.0,5824.0,16.0,0.273972602739726
JGBR,2190.0,2184.0,6.0,0.273972602739726
KLOD,1460.0,1456.0,4.0,0.273972602739726
PQA,1460.0,1456.0,4.0,0.273972602739726
JKR,1460.0,1456.0,4.0,0.273972602739726
KVQ,2920.0,2912.0,8.0,0.273972602739726
BDKN,730.0,728.0,2.0,0.273972602739726
BOZ,2920.0,2912.0,8.0,0.273972602739726
KMHT,2190.0,2184.0,6.0,0.273972602739726
JGDL,365.0,364.0,1.0,0.273972602739726
DIWR,2190.0,2184.0,6.0,0.273972602739726
GKM,730.0,728.0,2.0,0.273972602739726
JMI,730.0,728.0,2.0,0.273972602739726
SPRM,1460.0,1456.0,4.0,0.273972602739726
SQS,2920.0,2912.0,8.0,0.273972602739726
JKL,365.0,364.0,1.0,0.273972602739726
RMO,1460.0,1456.0,4.0,0.273972602739726
SRAS,1460.0,1456.0,4.0,0.273972602739726
GA,1460.0,1456.0,4.0,0.273972602739726
BET,1460.0,1456.0,4.0,0.273972602739726
BEW,2190.0,2184.0,6.0,0.273972602739726
RLR,1460.0,1456.0,4.0,0.273972602739726
BRLF,730.0,728.0,2.0,0.273972602739726
PWBN,2920.0,2912.0,8.0,0.273972602739726
KHKT,730.0,728.0,2.0,0.273972602739726
MKRH,730.0,728.0,2.0,0.273972602739726
CFG,730.0,728.0,2.0,0.273972602739726
HBF,1460.0,1456.0,4.0,0.273972602739726
TAKU,730.0,728.0,2.0,0.273972602739726
SZF,2920.0,2912.0,8.0,0.273972602739726
DHBI,730.0,728.0,2.0,0.273972602739726
KSWR,1460.0,1456.0,4.0,0.273972602739726
DTRA,730.0,728.0,2.0,0.273972602739726
GVA,1460.0,1456.0,4.0,0.273972602739726
CNE,730.0,728.0,2.0,0.273972602739726
GYJ,730.0,728.0,2.0,0.273972602739726
DDMT,1460.0,1456.0,4.0,0.273972602739726
LKSH,1825.0,1820.0,5.0,0.273972602739726
BVI,34468.0,34374.0,94.0,0.27271672275734016
BJP,8067.0,8045.0,22.0,0.27271600347093095
WKI,10481.0,10453.0,28.0,0.2671500810991318
GODA,5999.0,5983.0,16.0,0.26671111851975327
GDPL,5265.0,5251.0,14.0,0.26590693257359926
PGT,28348.0,28273.0,75.0,0.2645689290249753
GMIA,3024.0,3016.0,8.0,0.26455026455026454
CMGR,1520.0,1516.0,4.0,0.2631578947368421
BLHI,1520.0,1516.0,4.0,0.2631578947368421
SHYP,1520.0,1516.0,4.0,0.2631578947368421
SDLE,6474.0,6457.0,17.0,0.26258881680568424
VKI,4979.0,4966.0,13.0,0.26109660574412535
HSDA,11108.0,11079.0,29.0,0.2610731004681311
JSP,7300.0,7281.0,19.0,0.2602739726027397
SCY,11160.0,11131.0,29.0,0.25985663082437277
KMJ,5005.0,4992.0,13.0,0.2597402597402597
GNNA,5006.0,4993.0,13.0,0.2596883739512585
NGF,3866.0,3856.0,10.0,0.2586652871184687
BSBR,3866.0,3856.0,10.0,0.2586652871184687
KLP,3866.0,3856.0,10.0,0.2586652871184687
TBB,3866.0,3856.0,10.0,0.2586652871184687
KWM,2712.0,2705.0,7.0,0.2581120943952802
PSB,5840.0,5825.0,15.0,0.2568493150684931
SNI,3910.0,3900.0,10.0,0.2557544757033248
KGI,18850.0,18802.0,48.0,0.2546419098143236
SVH,6748.0,6731.0,17.0,0.25192649673977474
DRB,4371.0,4360.0,11.0,0.2516586593456875
KLH,4371.0,4360.0,11.0,0.2516586593456875
BIML,4371.0,4360.0,11.0,0.2516586593456875
NUJ,4015.0,4005.0,10.0,0.24906600249066002
SRA,4015.0,4005.0,10.0,0.24906600249066002
JPL,6048.0,6033.0,15.0,0.248015873015873
NBG,6048.0,6033.0,15.0,0.248015873015873
GMDP,2824.0,2817.0,7.0,0.24787535410764872
SRBZ,2824.0,2817.0,7.0,0.24787535410764872
KMRL,2824.0,2817.0,7.0,0.24787535410764872
BUGM,2824.0,2817.0,7.0,0.24787535410764872
DGF,2824.0,2817.0,7.0,0.24787535410764872
DIM,2824.0,2817.0,7.0,0.24787535410764872
PSF,2824.0,2817.0,7.0,0.24787535410764872
GSQ,2824.0,2817.0,7.0,0.24787535410764872
HPUR,2824.0,2817.0,7.0,0.24787535410764872
KYB,2824.0,2817.0,7.0,0.24787535410764872
SHKL,2824.0,2817.0,7.0,0.24787535410764872
RNGR,2824.0,2817.0,7.0,0.24787535410764872
BTRB,2824.0,2817.0,7.0,0.24787535410764872
SHJ,2824.0,2817.0,7.0,0.24787535410764872
BOKA,2824.0,2817.0,7.0,0.24787535410764872
SHMR,2824.0,2817.0,7.0,0.24787535410764872
INS,2824.0,2817.0,7.0,0.24787535410764872
MFCK,2824.0,2817.0,7.0,0.24787535410764872
BWCN,2824.0,2817.0,7.0,0.24787535410764872
MTIP,2824.0,2817.0,7.0,0.24787535410764872
GOR,2824.0,2817.0,7.0,0.24787535410764872
NAD,25831.0,25767.0,64.0,0.24776431419612097
ATS,3233.0,3225.0,8.0,0.24744819053510672
PUS,3233.0,3225.0,8.0,0.24744819053510672
CKI,13765.0,13731.0,34.0,0.24700326916091536
MYA,18642.0,18596.0,46.0,0.2467546400600794
ARL,3650.0,3641.0,9.0,0.2465753424657534
SJL,3650.0,3641.0,9.0,0.2465753424657534
KAMG,3650.0,3641.0,9.0,0.2465753424657534
DBV,3650.0,3641.0,9.0,0.2465753424657534
JDA,3650.0,3641.0,9.0,0.2465753424657534
BPO,4877.0,4865.0,12.0,0.24605290137379537
RBG,5705.0,5691.0,14.0,0.245398773006135
ALLP,13869.0,13835.0,34.0,0.24515105631263973
KRMI,5717.0,5703.0,14.0,0.24488368025188034
HDN,5736.0,5722.0,14.0,0.24407252440725244
URD,5736.0,5722.0,14.0,0.24407252440725244
GWV,3285.0,3277.0,8.0,0.24353120243531204
UKH,2877.0,2870.0,7.0,0.24330900243309003
SNGR,2877.0,2870.0,7.0,0.24330900243309003
DNDI,2877.0,2870.0,7.0,0.24330900243309003
PIP,7405.0,7387.0,18.0,0.24307900067521948
RTA,9063.0,9041.0,22.0,0.24274522784949798
KNJ,9480.0,9457.0,23.0,0.2426160337552743
EKM,5833.0,5819.0,14.0,0.24001371506943253
DSR,1668.0,1664.0,4.0,0.2398081534772182
JKB,1251.0,1248.0,3.0,0.2398081534772182
NGAN,1251.0,1248.0,3.0,0.2398081534772182
SHTT,1251.0,1248.0,3.0,0.2398081534772182
KADL,2920.0,2913.0,7.0,0.2397260273972603
LKB,2920.0,2913.0,7.0,0.2397260273972603
MDVB,2920.0,2913.0,7.0,0.2397260273972603
DANE,2920.0,2913.0,7.0,0.2397260273972603
JMK,1252.0,1249.0,3.0,0.23961661341853036
LKG,1252.0,1249.0,3.0,0.23961661341853036
DAYG,2532.0,2526.0,6.0,0.23696682464454977
ISHN,2532.0,2526.0,6.0,0.23696682464454977
FBG,9359.0,9337.0,22.0,0.23506784912918047
ANB,5109.0,5097.0,12.0,0.23487962419260128
FAH,2555.0,2549.0,6.0,0.23483365949119372
KAJG,2555.0,2549.0,6.0,0.23483365949119372
RMPR,5110.0,5098.0,12.0,0.23483365949119372
BPP,17035.0,16995.0,40.0,0.2348106838861168
JYG,12381.0,12352.0,29.0,0.23422986834666018
HTK,8135.0,8116.0,19.0,0.23355869698832207
NMJ,7717.0,7699.0,18.0,0.23325126344434366
SKEN,1716.0,1712.0,4.0,0.2331002331002331
SKHK,1716.0,1712.0,4.0,0.2331002331002331
RBN,1716.0,1712.0,4.0,0.2331002331002331
BHGJ,1716.0,1712.0,4.0,0.2331002331002331
BAKT,1716.0,1712.0,4.0,0.2331002331002331
AUI,1716.0,1712.0,4.0,0.2331002331002331
MIKD,1716.0,1712.0,4.0,0.2331002331002331
CBK,3006.0,2999.0,7.0,0.2328675981370592
ANMP,1719.0,1715.0,4.0,0.2326934264107039
KYF,3442.0,3434.0,8.0,0.2324230098779779
HPLE,5631.0,5618.0,13.0,0.23086485526549455
PNSA,5631.0,5618.0,13.0,0.23086485526549455
AFK,15225.0,15190.0,35.0,0.22988505747126436
PDG,2189.0,2184.0,5.0,0.22841480127912286
TNR,4379.0,4369.0,10.0,0.22836263987211694
CKV,2190.0,2185.0,5.0,0.228310502283105
KCN,2190.0,2185.0,5.0,0.228310502283105
DLD,4380.0,4370.0,10.0,0.228310502283105
JIA,2190.0,2185.0,5.0,0.228310502283105
JHG,2190.0,2185.0,5.0,0.228310502283105
NHLN,2190.0,2185.0,5.0,0.228310502283105
TISI,2190.0,2185.0,5.0,0.228310502283105
PTWA,2190.0,2185.0,5.0,0.228310502283105
BEO,2190.0,2185.0,5.0,0.228310502283105
HDGR,2190.0,2185.0,5.0,0.228310502283105
PKRD,2190.0,2185.0,5.0,0.228310502283105
GUK,2190.0,2185.0,5.0,0.228310502283105
GAE,2190.0,2185.0,5.0,0.228310502283105
DAP,2190.0,2185.0,5.0,0.228310502283105
BUU,2190.0,2185.0,5.0,0.228310502283105
PSLP,2190.0,2185.0,5.0,0.228310502283105
TTB,2190.0,2185.0,5.0,0.228310502283105
JDR,4380.0,4370.0,10.0,0.228310502283105
PRE,2190.0,2185.0,5.0,0.228310502283105
UND,2190.0,2185.0,5.0,0.228310502283105
MGM,7478.0,7461.0,17.0,0.2273335116341268
PCX,7478.0,7461.0,17.0,0.2273335116341268
DHU,7478.0,7461.0,17.0,0.2273335116341268
SRNR,4847.0,4836.0,11.0,0.22694450175366207
SGZ,11048.0,11023.0,25.0,0.2262853005068791
SMVB,11052.0,11027.0,25.0,0.2262034020991676
MDUN,6203.0,6189.0,14.0,0.22569724326938576
TZR,1773.0,1769.0,4.0,0.2256063169768754
AGV,3546.0,3538.0,8.0,0.2256063169768754
PAR,6674.0,6659.0,15.0,0.22475277195085405
SRTL,9803.0,9781.0,22.0,0.2244210955829848
MYS,29048.0,28983.0,65.0,0.22376755714679153
THVM,6725.0,6710.0,15.0,0.22304832713754646
SHE,5383.0,5371.0,12.0,0.2229240200631618
DDJ,7196.0,7180.0,16.0,0.22234574763757642
TELY,2711.0,2705.0,6.0,0.22132054592401326
MRHA,2711.0,2705.0,6.0,0.22132054592401326
MNY,2712.0,2706.0,6.0,0.22123893805309736
TNM,4536.0,4526.0,10.0,0.2204585537918871
MVV,5006.0,4995.0,11.0,0.21973631642029562
NWR,3648.0,3640.0,8.0,0.21929824561403508
NNNL,3649.0,3641.0,8.0,0.21923814743765419
SDG,3649.0,3641.0,8.0,0.21923814743765419
HBP,3649.0,3641.0,8.0,0.21923814743765419
BDUA,3649.0,3641.0,8.0,0.21923814743765419
CSR,3649.0,3641.0,8.0,0.21923814743765419
GKHT,3649.0,3641.0,8.0,0.21923814743765419
CKRD,3649.0,3641.0,8.0,0.21923814743765419
CJM,5474.0,5462.0,12.0,0.21921812203142127
MVP,1825.0,1821.0,4.0,0.2191780821917808
ISA,3650.0,3642.0,8.0,0.2191780821917808
DOD,3650.0,3642.0,8.0,0.2191780821917808
BMPL,3650.0,3642.0,8.0,0.2191780821917808
CRLM,6854.0,6839.0,15.0,0.21885030639042896
PATL,3208.0,3201.0,7.0,0.21820448877805484
JMIR,3208.0,3201.0,7.0,0.21820448877805484
DPJ,7792.0,7775.0,17.0,0.2181724845995893
MJN,2294.0,2289.0,5.0,0.2179598953792502
PRNA,9648.0,9627.0,21.0,0.21766169154228857
VAPI,37869.0,37787.0,82.0,0.21653595289022684
TGU,6933.0,6918.0,15.0,0.21635655560363476
VLNK,3242.0,3235.0,7.0,0.215916101172116
MPY,4641.0,4631.0,10.0,0.21547080370609784
IDP,5108.0,5097.0,11.0,0.2153484729835552
LSD,930.0,928.0,2.0,0.21505376344086022
RGQ,930.0,928.0,2.0,0.21505376344086022
HRT,6528.0,6514.0,14.0,0.2144607843137255
KOP,8865.0,8846.0,19.0,0.21432600112803157
GSGB,3270.0,3263.0,7.0,0.21406727828746178
SKHV,938.0,936.0,2.0,0.21321961620469082
RDI,2815.0,2809.0,6.0,0.21314387211367672
HVL,2815.0,2809.0,6.0,0.21314387211367672
SPGR,2815.0,2809.0,6.0,0.21314387211367672
ARGP,2815.0,2809.0,6.0,0.21314387211367672
PEM,4692.0,4682.0,10.0,0.2131287297527707
AJTM,3285.0,3278.0,7.0,0.213089802130898
VRE,3285.0,3278.0,7.0,0.213089802130898
OSA,1417.0,1414.0,3.0,0.2117148906139732
YSI,1417.0,1414.0,3.0,0.2117148906139732
DKY,1417.0,1414.0,3.0,0.2117148906139732
LAP,3338.0,3331.0,7.0,0.2097064110245656
BAA,3338.0,3331.0,7.0,0.2097064110245656
TKP,3338.0,3331.0,7.0,0.2097064110245656
SIMR,3344.0,3337.0,7.0,0.20933014354066987
BKNO,3344.0,3337.0,7.0,0.20933014354066987
BDPR,3344.0,3337.0,7.0,0.20933014354066987
SONA,3344.0,3337.0,7.0,0.20933014354066987
NOB,3344.0,3337.0,7.0,0.20933014354066987
BZC,3344.0,3337.0,7.0,0.20933014354066987
BEX,3344.0,3337.0,7.0,0.20933014354066987
HAM,3344.0,3337.0,7.0,0.20933014354066987
CNRF,3344.0,3337.0,7.0,0.20933014354066987
GDL,7174.0,7159.0,15.0,0.20908837468636743
DEB,8208.0,8191.0,17.0,0.2071150097465887
VTM,5811.0,5799.0,12.0,0.20650490449148168
GCH,2917.0,2911.0,6.0,0.2056907781967775
PKK,4379.0,4370.0,9.0,0.20552637588490524
BHX,4379.0,4370.0,9.0,0.20552637588490524
NDM,5839.0,5827.0,12.0,0.20551464291830793
BVNR,1460.0,1457.0,3.0,0.2054794520547945
GNPR,2920.0,2914.0,6.0,0.2054794520547945
GTQ,2920.0,2914.0,6.0,0.2054794520547945
LKD,2920.0,2914.0,6.0,0.2054794520547945
HKL,2920.0,2914.0,6.0,0.2054794520547945
NLI,2920.0,2914.0,6.0,0.2054794520547945
SWG,2920.0,2914.0,6.0,0.2054794520547945
BXJ,2920.0,2914.0,6.0,0.2054794520547945
BBGN,1460.0,1457.0,3.0,0.2054794520547945
VRM,2920.0,2914.0,6.0,0.2054794520547945
CNPR,2920.0,2914.0,6.0,0.2054794520547945
PLH,2920.0,2914.0,6.0,0.2054794520547945
KSPR,2920.0,2914.0,6.0,0.2054794520547945
VJA,4380.0,4371.0,9.0,0.2054794520547945
GLGT,1460.0,1457.0,3.0,0.2054794520547945
MLKH,2920.0,2914.0,6.0,0.2054794520547945
SDZ,2920.0,2914.0,6.0,0.2054794520547945
BRMO,2920.0,2914.0,6.0,0.2054794520547945
KNGR,2920.0,2914.0,6.0,0.2054794520547945
CVJ,2920.0,2914.0,6.0,0.2054794520547945
KGKD,2920.0,2914.0,6.0,0.2054794520547945
PPB,2920.0,2914.0,6.0,0.2054794520547945
SNE,1460.0,1457.0,3.0,0.2054794520547945
MPR,2920.0,2914.0,6.0,0.2054794520547945
AKN,9282.0,9263.0,19.0,0.20469726352079295
NDN,3941.0,3933.0,8.0,0.20299416391778738
GAH,986.0,984.0,2.0,0.2028397565922921
AMO,986.0,984.0,2.0,0.2028397565922921
BHWR,986.0,984.0,2.0,0.2028397565922921
SRR,29659.0,29599.0,60.0,0.20229947064971848
SRTN,1983.0,1979.0,4.0,0.2017145738779627
KPRD,6466.0,6453.0,13.0,0.20105165480977422
RPUR,6466.0,6453.0,13.0,0.20105165480977422
DPD,5474.0,5463.0,11.0,0.20094994519546952
TSR,4014.0,4006.0,8.0,0.1993024414549078
VPG,4015.0,4007.0,8.0,0.199252801992528
SIVN,2015.0,2011.0,4.0,0.19851116625310172
GUR,7071.0,7057.0,14.0,0.19799179748267573
PFR,3547.0,3540.0,7.0,0.19734987313222443
DRZ,3049.0,3043.0,6.0,0.19678583142013775
NDV,6101.0,6089.0,12.0,0.19668906736600558
NIU,5110.0,5100.0,10.0,0.19569471624266144
PKNS,3607.0,3600.0,7.0,0.19406709176601053
WDN,3607.0,3600.0,7.0,0.19406709176601053
TRTR,10888.0,10867.0,21.0,0.1928728875826598
DBG,27491.0,27438.0,53.0,0.1927903677567204
SHKY,4152.0,4144.0,8.0,0.1926782273603083
NDLH,4152.0,4144.0,8.0,0.1926782273603083
PLY,9355.0,9337.0,18.0,0.19241047568145378
BTY,9355.0,9337.0,18.0,0.19241047568145378
MALK,1042.0,1040.0,2.0,0.19193857965451055
BYS,1042.0,1040.0,2.0,0.19193857965451055
FGR,5735.0,5724.0,11.0,0.1918047079337402
TNRU,3650.0,3643.0,7.0,0.1917808219178082
DVG,13641.0,13615.0,26.0,0.19060186203357526
VBW,3148.0,3142.0,6.0,0.1905972045743329
PUT,7397.0,7383.0,14.0,0.189265918615655
BMI,5840.0,5829.0,11.0,0.18835616438356165
PPDI,4276.0,4268.0,8.0,0.18709073900841908
GIF,4276.0,4268.0,8.0,0.18709073900841908
CTMP,4276.0,4268.0,8.0,0.18709073900841908
SJJ,4276.0,4268.0,8.0,0.18709073900841908
JDPT,4276.0,4268.0,8.0,0.18709073900841908
HDA,4276.0,4268.0,8.0,0.18709073900841908
LKA,6988.0,6975.0,13.0,0.18603319977103605
BSN,3228.0,3222.0,6.0,0.18587360594795538
TPH,15693.0,15664.0,29.0,0.18479576881412094
MNUR,2712.0,2707.0,5.0,0.18436578171091444
KRR,15223.0,15195.0,28.0,0.18393220784339487
BGTA,2188.0,2184.0,4.0,0.18281535648994515
GPC,2188.0,2184.0,4.0,0.18281535648994515
GRO,2188.0,2184.0,4.0,0.18281535648994515
SAV,2188.0,2184.0,4.0,0.18281535648994515
BMR,2188.0,2184.0,4.0,0.18281535648994515
SQL,2188.0,2184.0,4.0,0.18281535648994515
SBR,4377.0,4369.0,8.0,0.18277358921635825
BID,13138.0,13114.0,24.0,0.18267620642411325
GKA,2190.0,2186.0,4.0,0.182648401826484
REM,1095.0,1093.0,2.0,0.182648401826484
KAH,2190.0,2186.0,4.0,0.182648401826484
KNLI,2190.0,2186.0,4.0,0.182648401826484
BKSL,4380.0,4372.0,8.0,0.182648401826484
PSPH,2190.0,2186.0,4.0,0.182648401826484
BLV,2190.0,2186.0,4.0,0.182648401826484
SMT,2190.0,2186.0,4.0,0.182648401826484
MSHW,2190.0,2186.0,4.0,0.182648401826484
SHT,2190.0,2186.0,4.0,0.182648401826484
RSWN,2190.0,2186.0,4.0,0.182648401826484
AMPL,4380.0,4372.0,8.0,0.182648401826484
KRMA,4380.0,4372.0,8.0,0.182648401826484
MRJD,2190.0,2186.0,4.0,0.182648401826484
KQA,1095.0,1093.0,2.0,0.182648401826484
BDPL,1095.0,1093.0,2.0,0.182648401826484
PKPU,1095.0,1093.0,2.0,0.182648401826484
PXR,1095.0,1093.0,2.0,0.182648401826484
PJPT,2190.0,2186.0,4.0,0.182648401826484
TMLU,1095.0,1093.0,2.0,0.182648401826484
LMP,3295.0,3289.0,6.0,0.1820940819423369
PP,3295.0,3289.0,6.0,0.1820940819423369
GK,3295.0,3289.0,6.0,0.1820940819423369
BIJ,4972.0,4963.0,9.0,0.18101367658889783
THP,4972.0,4963.0,9.0,0.18101367658889783
BDZ,4972.0,4963.0,9.0,0.18101367658889783
TKLE,5006.0,4997.0,9.0,0.1797842588893328
BELT,5006.0,4997.0,9.0,0.1797842588893328
KKTA,5006.0,4997.0,9.0,0.1797842588893328
CNS,3923.0,3916.0,7.0,0.1784348712719857
NMT,2815.0,2810.0,5.0,0.17761989342806395
BOBS,2816.0,2811.0,5.0,0.17755681818181818
PANP,12408.0,12386.0,22.0,0.1773049645390071
BJR,5110.0,5101.0,9.0,0.17612524461839532
FLK,5110.0,5101.0,9.0,0.17612524461839532
KLJ,5110.0,5101.0,9.0,0.17612524461839532
TAN,5110.0,5101.0,9.0,0.17612524461839532
PVRD,10314.0,10296.0,18.0,0.17452006980802792
BSRX,5733.0,5723.0,10.0,0.1744287458573173
ITA,4015.0,4008.0,7.0,0.17434620174346202
LDY,3442.0,3436.0,6.0,0.17431725740848344
PLL,3442.0,3436.0,6.0,0.17431725740848344
AGI,4067.0,4060.0,7.0,0.17211703958691912
CGR,4653.0,4645.0,8.0,0.17193208682570385
KOLE,2920.0,2915.0,5.0,0.17123287671232876
HNDR,2920.0,2915.0,5.0,0.17123287671232876
NVA,2920.0,2915.0,5.0,0.17123287671232876
TKS,2920.0,2915.0,5.0,0.17123287671232876
MMLN,2920.0,2915.0,5.0,0.17123287671232876
PPA,8760.0,8745.0,15.0,0.17123287671232876
NAT,6466.0,6455.0,11.0,0.17012063099288585
VLR,5908.0,5898.0,10.0,0.16926201760324985
ME,4745.0,4737.0,8.0,0.16859852476290835
MYG,8914.0,8899.0,15.0,0.16827462418667263
BHAD,2380.0,2376.0,4.0,0.16806722689075632
ACU,2380.0,2376.0,4.0,0.16806722689075632
JPML,2380.0,2376.0,4.0,0.16806722689075632
RJA,7183.0,7171.0,12.0,0.16706111652512878
RRB,17375.0,17346.0,29.0,0.16690647482014387
TML,2399.0,2395.0,4.0,0.16673614005835766
MRHT,2403.0,2399.0,4.0,0.16645859342488556
PHK,7220.0,7208.0,12.0,0.16620498614958448
RXL,12701.0,12680.0,21.0,0.16534131170773955
PG,1824.0,1821.0,3.0,0.1644736842105263
DGPP,1824.0,1821.0,3.0,0.1644736842105263
SCO,1824.0,1821.0,3.0,0.1644736842105263
UPR,1824.0,1821.0,3.0,0.1644736842105263
KODI,1824.0,1821.0,3.0,0.1644736842105263
DAV,1824.0,1821.0,3.0,0.1644736842105263
KDRA,3650.0,3644.0,6.0,0.16438356164383564
PWXP,3650.0,3644.0,6.0,0.16438356164383564
KHLL,3650.0,3644.0,6.0,0.16438356164383564
VDNP,3650.0,3644.0,6.0,0.16438356164383564
CAC,3650.0,3644.0,6.0,0.16438356164383564
KPP,7300.0,7288.0,12.0,0.16438356164383564
AKD,7300.0,7288.0,12.0,0.16438356164383564
TB,3650.0,3644.0,6.0,0.16438356164383564
LMNR,7458.0,7446.0,12.0,0.16090104585679807
PLA,4380.0,4373.0,7.0,0.15981735159817353
KFT,4380.0,4373.0,7.0,0.15981735159817353
PPG,4380.0,4373.0,7.0,0.15981735159817353
TRZ,4380.0,4373.0,7.0,0.15981735159817353
PSO,4380.0,4373.0,7.0,0.15981735159817353
AJN,4380.0,4373.0,7.0,0.15981735159817353
ASL,4380.0,4373.0,7.0,0.15981735159817353
BLDK,4380.0,4373.0,7.0,0.15981735159817353
NKI,4380.0,4373.0,7.0,0.15981735159817353
MAZ,4380.0,4373.0,7.0,0.15981735159817353
RHR,4380.0,4373.0,7.0,0.15981735159817353
CNF,4380.0,4373.0,7.0,0.15981735159817353
UNL,4380.0,4373.0,7.0,0.15981735159817353
GGR,2503.0,2499.0,4.0,0.15980823012385137
FTD,6884.0,6873.0,11.0,0.15979081929110983
PHI,1252.0,1250.0,2.0,0.1597444089456869
GUV,4405.0,4398.0,7.0,0.15891032917139614
KLNP,5702.0,5693.0,9.0,0.1578393546124167
MRTL,2551.0,2547.0,4.0,0.15680125441003528
DDCE,5108.0,5100.0,8.0,0.15661707126076743
SBD,5108.0,5100.0,8.0,0.15661707126076743
GSPR,5108.0,5100.0,8.0,0.15661707126076743
NLPD,2555.0,2551.0,4.0,0.15655577299412915
MDKU,2555.0,2551.0,4.0,0.15655577299412915
MCVM,2555.0,2551.0,4.0,0.15655577299412915
KPLL,2555.0,2551.0,4.0,0.15655577299412915
RLE,2570.0,2566.0,4.0,0.1556420233463035
STF,2586.0,2582.0,4.0,0.15467904098994587
BNGN,5840.0,5831.0,9.0,0.1541095890410959
BAZ,5224.0,5216.0,8.0,0.1531393568147014
MZC,7926.0,7914.0,12.0,0.1514004542013626
DGU,1982.0,1979.0,3.0,0.15136226034308778
MLO,14600.0,14578.0,22.0,0.1506849315068493
SCA,1329.0,1327.0,2.0,0.15048908954100826
ERS,25974.0,25935.0,39.0,0.15015015015015015
AWY,28709.0,28666.0,43.0,0.14977881500574733
KNDV,4015.0,4009.0,6.0,0.14943960149439603
GNB,4015.0,4009.0,6.0,0.14943960149439603
TKWD,2693.0,2689.0,4.0,0.14853323431117713
LMT,6734.0,6724.0,10.0,0.1485001485001485
SPRN,1351.0,1349.0,2.0,0.1480384900074019
MULK,4057.0,4051.0,6.0,0.1478925314271629
CMA,1355.0,1353.0,2.0,0.14760147601476015
NZR,1355.0,1353.0,2.0,0.14760147601476015
CGF,1355.0,1353.0,2.0,0.14760147601476015
BDT,1355.0,1353.0,2.0,0.14760147601476015
BTZ,1355.0,1353.0,2.0,0.14760147601476015
MZA,1355.0,1353.0,2.0,0.14760147601476015
BRNR,1355.0,1353.0,2.0,0.14760147601476015
SLX,1355.0,1353.0,2.0,0.14760147601476015
SFR,1355.0,1353.0,2.0,0.14760147601476015
MUGN,1355.0,1353.0,2.0,0.14760147601476015
SK,1356.0,1354.0,2.0,0.14749262536873156
GLTA,1356.0,1354.0,2.0,0.14749262536873156
TSI,8816.0,8803.0,13.0,0.147459165154265
HRR,9605.0,9591.0,14.0,0.14575741801145237
DGI,6205.0,6196.0,9.0,0.145044319097502
KPZ,5527.0,5519.0,8.0,0.14474398407816175
BNLW,5529.0,5521.0,8.0,0.14469162597214685
SUDR,4152.0,4146.0,6.0,0.1445086705202312
BNKM,4152.0,4146.0,6.0,0.1445086705202312
ERN,21543.0,21512.0,31.0,0.1438982500116047
CPT,15328.0,15306.0,22.0,0.14352818371607515
JTTN,2815.0,2811.0,4.0,0.14209591474245115
BCH,8446.0,8434.0,12.0,0.14207909069381958
HHL,5683.0,5675.0,8.0,0.1407707196903044
GHL,5683.0,5675.0,8.0,0.1407707196903044
DNK,4276.0,4270.0,6.0,0.1403180542563143
NDO,9983.0,9969.0,14.0,0.14023840528899129
JM,5722.0,5714.0,8.0,0.13981125480601186
JOA,2147.0,2144.0,3.0,0.13972985561248255
GTU,2147.0,2144.0,3.0,0.13972985561248255
KJI,6453.0,6444.0,9.0,0.1394700139470014
KDLG,721.0,720.0,1.0,0.13869625520110956
KTOA,721.0,720.0,1.0,0.13869625520110956
KRCD,721.0,720.0,1.0,0.13869625520110956
PDQ,721.0,720.0,1.0,0.13869625520110956
SZK,721.0,720.0,1.0,0.13869625520110956
TVR,13025.0,13007.0,18.0,0.1381957773512476
MNI,4348.0,4342.0,6.0,0.13799448022079117
BBKR,726.0,725.0,1.0,0.13774104683195593
BPRS,2916.0,2912.0,4.0,0.1371742112482853
BRGT,2918.0,2914.0,4.0,0.1370801919122687
GMD,2918.0,2914.0,4.0,0.1370801919122687
BELD,2918.0,2914.0,4.0,0.1370801919122687
BNE,2918.0,2914.0,4.0,0.1370801919122687
YADD,2919.0,2915.0,4.0,0.1370332305584104
RNE,3649.0,3644.0,5.0,0.13702384214853383
BHBK,3649.0,3644.0,5.0,0.13702384214853383
BOKR,3649.0,3644.0,5.0,0.13702384214853383
KDBR,1460.0,1458.0,2.0,0.136986301369863
MTSI,2190.0,2187.0,3.0,0.136986301369863
APL,2920.0,2916.0,4.0,0.136986301369863
KBH,4380.0,4374.0,6.0,0.136986301369863
MTJR,1460.0,1458.0,2.0,0.136986301369863
SKAP,1460.0,1458.0,2.0,0.136986301369863
DSME,1460.0,1458.0,2.0,0.136986301369863
DTX,1460.0,1458.0,2.0,0.136986301369863
BRNA,2920.0,2916.0,4.0,0.136986301369863
BRMA,730.0,729.0,1.0,0.136986301369863
SKPT,1460.0,1458.0,2.0,0.136986301369863
DOTL,730.0,729.0,1.0,0.136986301369863
DRBR,2920.0,2916.0,4.0,0.136986301369863
UGD,2920.0,2916.0,4.0,0.136986301369863
MJV,1460.0,1458.0,2.0,0.136986301369863
RDHR,1460.0,1458.0,2.0,0.136986301369863
MDPJ,1460.0,1458.0,2.0,0.136986301369863
MLNH,730.0,729.0,1.0,0.136986301369863
MJY,1460.0,1458.0,2.0,0.136986301369863
BKRH,1460.0,1458.0,2.0,0.136986301369863
RCGT,2920.0,2916.0,4.0,0.136986301369863
MHMB,1460.0,1458.0,2.0,0.136986301369863
CPD,4380.0,4374.0,6.0,0.136986301369863
CTQ,2920.0,2916.0,4.0,0.136986301369863
DRQ,3650.0,3645.0,5.0,0.136986301369863
WP,1460.0,1458.0,2.0,0.136986301369863
NPT,2920.0,2916.0,4.0,0.136986301369863
NRKP,2920.0,2916.0,4.0,0.136986301369863
DVN,1460.0,1458.0,2.0,0.136986301369863
JXN,1460.0,1458.0,2.0,0.136986301369863
BSI,1460.0,1458.0,2.0,0.136986301369863
JMBL,1460.0,1458.0,2.0,0.136986301369863
MWAD,1460.0,1458.0,2.0,0.136986301369863
MUQ,1460.0,1458.0,2.0,0.136986301369863
JLG,1460.0,1458.0,2.0,0.136986301369863
BDW,1460.0,1458.0,2.0,0.136986301369863
USD,4380.0,4374.0,6.0,0.136986301369863
DLPH,730.0,729.0,1.0,0.136986301369863
BNTH,1460.0,1458.0,2.0,0.136986301369863
BNSL,1460.0,1458.0,2.0,0.136986301369863
TPK,1460.0,1458.0,2.0,0.136986301369863
KRV,2920.0,2916.0,4.0,0.136986301369863
KRTH,1460.0,1458.0,2.0,0.136986301369863
BNPR,730.0,729.0,1.0,0.136986301369863
BNOD,1460.0,1458.0,2.0,0.136986301369863
SPF,2920.0,2916.0,4.0,0.136986301369863
KSAE,1460.0,1458.0,2.0,0.136986301369863
KRMB,1460.0,1458.0,2.0,0.136986301369863
NLKT,1460.0,1458.0,2.0,0.136986301369863
FSG,730.0,729.0,1.0,0.136986301369863
PBP,1460.0,1458.0,2.0,0.136986301369863
CEME,1460.0,1458.0,2.0,0.136986301369863
TRM,2920.0,2916.0,4.0,0.136986301369863
ARPR,2190.0,2187.0,3.0,0.136986301369863
KMND,2920.0,2916.0,4.0,0.136986301369863
MSDH,3650.0,3645.0,5.0,0.136986301369863
JWNR,1460.0,1458.0,2.0,0.136986301369863
APRH,1460.0,1458.0,2.0,0.136986301369863
SHIV,730.0,729.0,1.0,0.136986301369863
SHER,1460.0,1458.0,2.0,0.136986301369863
SIHT,730.0,729.0,1.0,0.136986301369863
KJJ,1460.0,1458.0,2.0,0.136986301369863
KTLP,1460.0,1458.0,2.0,0.136986301369863
ITKY,2920.0,2916.0,4.0,0.136986301369863
ITE,1460.0,1458.0,2.0,0.136986301369863
SSGR,2920.0,2916.0,4.0,0.136986301369863
JAQ,2920.0,2916.0,4.0,0.136986301369863
PLRD,2190.0,2187.0,3.0,0.136986301369863
IPPM,2920.0,2916.0,4.0,0.136986301369863
SUBR,1460.0,1458.0,2.0,0.136986301369863
KSHR,1460.0,1458.0,2.0,0.136986301369863
STZ,2920.0,2916.0,4.0,0.136986301369863
SAB,1460.0,1458.0,2.0,0.136986301369863
MRDG,1460.0,1458.0,2.0,0.136986301369863
LBZ,1460.0,1458.0,2.0,0.136986301369863
LBT,5110.0,5103.0,7.0,0.136986301369863
HRNS,730.0,729.0,1.0,0.136986301369863
KVDU,2920.0,2916.0,4.0,0.136986301369863
HHG,2920.0,2916.0,4.0,0.136986301369863
SYM,1460.0,1458.0,2.0,0.136986301369863
PLJ,8030.0,8019.0,11.0,0.136986301369863
BHKD,3650.0,3645.0,5.0,0.136986301369863
DEMU,2920.0,2916.0,4.0,0.136986301369863
DGZ,1460.0,1458.0,2.0,0.136986301369863
PASG,1460.0,1458.0,2.0,0.136986301369863
GAW,1460.0,1458.0,2.0,0.136986301369863
TDR,2920.0,2916.0,4.0,0.136986301369863
DHNR,1460.0,1458.0,2.0,0.136986301369863
ALN,730.0,729.0,1.0,0.136986301369863
BMKD,1460.0,1458.0,2.0,0.136986301369863
PRUR,2920.0,2916.0,4.0,0.136986301369863
PRWA,1460.0,1458.0,2.0,0.136986301369863
KURV,730.0,729.0,1.0,0.136986301369863
RPRL,2920.0,2916.0,4.0,0.136986301369863
NJA,2920.0,2916.0,4.0,0.136986301369863
GTT,1460.0,1458.0,2.0,0.136986301369863
NDPU,1460.0,1458.0,2.0,0.136986301369863
ALPD,730.0,729.0,1.0,0.136986301369863
TBU,1460.0,1458.0,2.0,0.136986301369863
LMM,4380.0,4374.0,6.0,0.136986301369863
GRBH,1460.0,1458.0,2.0,0.136986301369863
TGB,2920.0,2916.0,4.0,0.136986301369863
BLME,1460.0,1458.0,2.0,0.136986301369863
MONJ,1460.0,1458.0,2.0,0.136986301369863
TLMG,1460.0,1458.0,2.0,0.136986301369863
TIC,1460.0,1458.0,2.0,0.136986301369863
BXHT,1460.0,1458.0,2.0,0.136986301369863
RJW,730.0,729.0,1.0,0.136986301369863
RKY,1460.0,1458.0,2.0,0.136986301369863
BHJ,2920.0,2916.0,4.0,0.136986301369863
WST,730.0,729.0,1.0,0.136986301369863
PUSA,1460.0,1458.0,2.0,0.136986301369863
GJJ,1460.0,1458.0,2.0,0.136986301369863
BDYR,1460.0,1458.0,2.0,0.136986301369863
TKND,1460.0,1458.0,2.0,0.136986301369863
RGH,5110.0,5103.0,7.0,0.136986301369863
MNGR,2920.0,2916.0,4.0,0.136986301369863
BFQ,2920.0,2916.0,4.0,0.136986301369863
CTU,1460.0,1458.0,2.0,0.136986301369863
CUE,1460.0,1458.0,2.0,0.136986301369863
YDD,1460.0,1458.0,2.0,0.136986301369863
ABRV,2190.0,2187.0,3.0,0.136986301369863
CRDA,1460.0,1458.0,2.0,0.136986301369863
YGM,1460.0,1458.0,2.0,0.136986301369863
ABX,1460.0,1458.0,2.0,0.136986301369863
CKE,1460.0,1458.0,2.0,0.136986301369863
MHUR,2973.0,2969.0,4.0,0.13454423141607805
NAN,1490.0,1488.0,2.0,0.1342281879194631
RNR,8992.0,8980.0,12.0,0.13345195729537368
SHSK,3754.0,3749.0,5.0,0.13319126265316997
HEM,3858.0,3853.0,5.0,0.12960082944530846
RMGM,16996.0,16974.0,22.0,0.12944222169922334
MV,17811.0,17788.0,23.0,0.12913368143282242
BIM,16315.0,16294.0,21.0,0.12871590560833587
ACL,5475.0,5468.0,7.0,0.1278538812785388
VDH,5475.0,5468.0,7.0,0.1278538812785388
BNKH,4693.0,4687.0,6.0,0.12784998934583422
NYY,8655.0,8644.0,11.0,0.1270941652224148
ERL,8655.0,8644.0,11.0,0.1270941652224148
JKE,3962.0,3957.0,5.0,0.12619888944977284
KNVT,3962.0,3957.0,5.0,0.12619888944977284
SPK,2397.0,2394.0,3.0,0.1251564455569462
BFD,2397.0,2394.0,3.0,0.1251564455569462
HNK,3283.0,3279.0,4.0,0.12183978068839477
BPTP,1642.0,1640.0,2.0,0.12180267965895249
NYH,6568.0,6560.0,8.0,0.12180267965895249
SHIT,1642.0,1640.0,2.0,0.12180267965895249
KETI,1642.0,1640.0,2.0,0.12180267965895249
GUDM,1642.0,1640.0,2.0,0.12180267965895249
CDH,6570.0,6562.0,8.0,0.12176560121765602
KYI,6570.0,6562.0,8.0,0.12176560121765602
JRS,3285.0,3281.0,4.0,0.12176560121765602
KPA,6570.0,6562.0,8.0,0.12176560121765602
TCR,35769.0,35726.0,43.0,0.12021582934943667
MTA,3336.0,3332.0,4.0,0.1199040767386091
GBB,5005.0,4999.0,6.0,0.11988011988011987
PAO,5840.0,5833.0,7.0,0.11986301369863014
SYN,5840.0,5833.0,7.0,0.11986301369863014
LAT,1669.0,1667.0,2.0,0.11983223487118035
KJV,1669.0,1667.0,2.0,0.11983223487118035
CTL,1669.0,1667.0,2.0,0.11983223487118035
KKV,1669.0,1667.0,2.0,0.11983223487118035
VDV,1669.0,1667.0,2.0,0.11983223487118035
KAMR,1673.0,1671.0,2.0,0.11954572624028689
RPWN,1673.0,1671.0,2.0,0.11954572624028689
JAR,1673.0,1671.0,2.0,0.11954572624028689
SWV,5059.0,5053.0,6.0,0.11860051393556038
DYU,2555.0,2552.0,3.0,0.11741682974559686
AOR,2555.0,2552.0,3.0,0.11741682974559686
MID,5110.0,5104.0,6.0,0.11741682974559686
AKZ,2555.0,2552.0,3.0,0.11741682974559686
RHA,9404.0,9393.0,11.0,0.11697150148872819
KKB,3439.0,3435.0,4.0,0.11631288165164291
TVC,24148.0,24120.0,28.0,0.11595163160510187
KZT,9492.0,9481.0,11.0,0.11588706278971765
RBR,1751.0,1749.0,2.0,0.1142204454597373
KSE,4380.0,4375.0,5.0,0.1141552511415525
GTX,4380.0,4375.0,5.0,0.1141552511415525
LKE,8760.0,8750.0,10.0,0.1141552511415525
KIM,8030.0,8021.0,9.0,0.11207970112079702
PASA,8135.0,8126.0,9.0,0.11063306699446834
RPZ,11852.0,11839.0,13.0,0.10968612892338847
Y,3648.0,3644.0,4.0,0.10964912280701754
BHTN,3648.0,3644.0,4.0,0.10964912280701754
BSCP,1825.0,1823.0,2.0,0.1095890410958904
DLW,1825.0,1823.0,2.0,0.1095890410958904
SRPM,1825.0,1823.0,2.0,0.1095890410958904
GNST,1825.0,1823.0,2.0,0.1095890410958904
CVR,3650.0,3646.0,4.0,0.1095890410958904
NGY,1825.0,1823.0,2.0,0.1095890410958904
MCLA,1825.0,1823.0,2.0,0.1095890410958904
AMLI,3650.0,3646.0,4.0,0.1095890410958904
SSNT,1825.0,1823.0,2.0,0.1095890410958904
GZA,1825.0,1823.0,2.0,0.1095890410958904
RCA,1825.0,1823.0,2.0,0.1095890410958904
RWJ,3650.0,3646.0,4.0,0.1095890410958904
RNJ,3650.0,3646.0,4.0,0.1095890410958904
SYL,3664.0,3660.0,4.0,0.10917030567685589
KNHP,3665.0,3661.0,4.0,0.10914051841746249
DUD,5507.0,5501.0,6.0,0.10895224260032686
BLGT,4593.0,4588.0,5.0,0.10886131069018071
BKG,9256.0,9246.0,10.0,0.108038029386344
GGD,1856.0,1854.0,2.0,0.10775862068965517
AML,8395.0,8386.0,9.0,0.1072066706372841
ATRU,3732.0,3728.0,4.0,0.10718113612004287
KTM,6570.0,6563.0,7.0,0.106544901065449
MGME,4693.0,4688.0,5.0,0.10654165778819519
NPU,939.0,938.0,1.0,0.10649627263045794
TBX,939.0,938.0,1.0,0.10649627263045794
CHBN,939.0,938.0,1.0,0.10649627263045794
KNBR,939.0,938.0,1.0,0.10649627263045794
RMA,14228.0,14213.0,15.0,0.10542592071970762
TFGN,1898.0,1896.0,2.0,0.10537407797681769
WSA,3822.0,3818.0,4.0,0.10465724751439037
NRT,7669.0,7661.0,8.0,0.10431607771547789
WDLN,2877.0,2874.0,3.0,0.10427528675703858
SKI,17428.0,17410.0,18.0,0.10328207482212533
KVZ,14565.0,14550.0,15.0,0.10298661174047373
KEZ,2920.0,2917.0,3.0,0.10273972602739725
MAYR,2920.0,2917.0,3.0,0.10273972602739725
TWI,2920.0,2917.0,3.0,0.10273972602739725
JAMA,2920.0,2917.0,3.0,0.10273972602739725
SUI,2920.0,2917.0,3.0,0.10273972602739725
SCKR,4899.0,4894.0,5.0,0.10206164523372117
PGU,1980.0,1978.0,2.0,0.10101010101010101
KDGH,1982.0,1980.0,2.0,0.10090817356205853
BXP,1982.0,1980.0,2.0,0.10090817356205853
KKET,1982.0,1980.0,2.0,0.10090817356205853
QLN,35768.0,35732.0,36.0,0.10064862446879892
HMY,5003.0,4998.0,5.0,0.09994003597841294
DJG,3024.0,3021.0,3.0,0.0992063492063492
NAM,3024.0,3021.0,3.0,0.0992063492063492
SGYW,2023.0,2021.0,2.0,0.09886307464162135
LHNA,2023.0,2021.0,2.0,0.09886307464162135
UDZ,13166.0,13153.0,13.0,0.09873917666717302
TRK,3050.0,3047.0,3.0,0.09836065573770492
KUDL,6100.0,6094.0,6.0,0.09836065573770492
JES,4067.0,4063.0,4.0,0.09835259404966806
GJS,4067.0,4063.0,4.0,0.09835259404966806
KESR,4067.0,4063.0,4.0,0.09835259404966806
MGN,11263.0,11252.0,11.0,0.0976649205362692
ADHL,2085.0,2083.0,2.0,0.09592326139088729
SSNH,2085.0,2083.0,2.0,0.09592326139088729
HEI,2085.0,2083.0,2.0,0.09592326139088729
LXA,2085.0,2083.0,2.0,0.09592326139088729
BNK,2085.0,2083.0,2.0,0.09592326139088729
NCH,2085.0,2083.0,2.0,0.09592326139088729
MLSA,2085.0,2083.0,2.0,0.09592326139088729
ADT,7300.0,7293.0,7.0,0.0958904109589041
MSDG,1043.0,1042.0,1.0,0.09587727708533077
WLGN,2086.0,2084.0,2.0,0.09587727708533077
SKM,11544.0,11533.0,11.0,0.09528759528759528
MNTT,6299.0,6293.0,6.0,0.09525321479599937
KLMR,3181.0,3178.0,3.0,0.09430996541967936
BVR,4276.0,4272.0,4.0,0.09354536950420954
EKC,6466.0,6460.0,6.0,0.09279307145066501
DKN,8708.0,8700.0,8.0,0.09186954524575103
BHWA,2181.0,2179.0,2.0,0.09170105456212746
BGNP,2189.0,2187.0,2.0,0.09136592051164916
SBK,2190.0,2188.0,2.0,0.091324200913242
SHH,2190.0,2188.0,2.0,0.091324200913242
MPUR,4380.0,4376.0,4.0,0.091324200913242
ABLE,1095.0,1094.0,1.0,0.091324200913242
TTU,2190.0,2188.0,2.0,0.091324200913242
EKN,4380.0,4376.0,4.0,0.091324200913242
PPM,2190.0,2188.0,2.0,0.091324200913242
DBS,4380.0,4376.0,4.0,0.091324200913242
DDD,2190.0,2188.0,2.0,0.091324200913242
MANU,2190.0,2188.0,2.0,0.091324200913242
GLG,4380.0,4376.0,4.0,0.091324200913242
SMND,2190.0,2188.0,2.0,0.091324200913242
FPAW,2190.0,2188.0,2.0,0.091324200913242
PDX,2190.0,2188.0,2.0,0.091324200913242
SBO,6570.0,6564.0,6.0,0.091324200913242
MDLL,4380.0,4376.0,4.0,0.091324200913242
ATH,4380.0,4376.0,4.0,0.091324200913242
BNLY,2190.0,2188.0,2.0,0.091324200913242
SBGB,2190.0,2188.0,2.0,0.091324200913242
WOC,2190.0,2188.0,2.0,0.091324200913242
BOD,4380.0,4376.0,4.0,0.091324200913242
DPDH,2190.0,2188.0,2.0,0.091324200913242
SDM,2190.0,2188.0,2.0,0.091324200913242
GPNB,2190.0,2188.0,2.0,0.091324200913242
CNPI,2190.0,2188.0,2.0,0.091324200913242
RNH,4380.0,4376.0,4.0,0.091324200913242
HRE,2190.0,2188.0,2.0,0.091324200913242
MPJ,2190.0,2188.0,2.0,0.091324200913242
UMM,1095.0,1094.0,1.0,0.091324200913242
TJD,2190.0,2188.0,2.0,0.091324200913242
VAL,2190.0,2188.0,2.0,0.091324200913242
JGNR,2190.0,2188.0,2.0,0.091324200913242
KUMT,2190.0,2188.0,2.0,0.091324200913242
JRNA,2190.0,2188.0,2.0,0.091324200913242
NMG,2190.0,2188.0,2.0,0.091324200913242
KHNR,2190.0,2188.0,2.0,0.091324200913242
BDDR,2190.0,2188.0,2.0,0.091324200913242
NRPM,2190.0,2188.0,2.0,0.091324200913242
RBQ,2190.0,2188.0,2.0,0.091324200913242
CDB,2190.0,2188.0,2.0,0.091324200913242
LAL,2190.0,2188.0,2.0,0.091324200913242
UPD,2190.0,2188.0,2.0,0.091324200913242
JWO,6570.0,6564.0,6.0,0.091324200913242
SMP,4380.0,4376.0,4.0,0.091324200913242
MRSH,2191.0,2189.0,2.0,0.09128251939753537
GZT,2192.0,2190.0,2.0,0.09124087591240876
CTF,2221.0,2219.0,2.0,0.09004952723998198
BKH,5629.0,5624.0,5.0,0.08882572392965003
UVD,7916.0,7909.0,7.0,0.08842849924204144
AKV,17048.0,17033.0,15.0,0.08798686062881277
CNDB,2295.0,2293.0,2.0,0.08714596949891067
NAVI,2295.0,2293.0,2.0,0.08714596949891067
CAG,4603.0,4599.0,4.0,0.08689984792526613
NRKR,6987.0,6981.0,6.0,0.08587376556462001
RJL,5840.0,5835.0,5.0,0.08561643835616438
MRLI,5840.0,5835.0,5.0,0.08561643835616438
DDGJ,4683.0,4679.0,4.0,0.08541533205210335
SAHP,1173.0,1172.0,1.0,0.08525149190110827
DBO,1173.0,1172.0,1.0,0.08525149190110827
SNSN,1173.0,1172.0,1.0,0.08525149190110827
KOY,1173.0,1172.0,1.0,0.08525149190110827
MDRA,1173.0,1172.0,1.0,0.08525149190110827
HPRD,1173.0,1172.0,1.0,0.08525149190110827
RKH,1173.0,1172.0,1.0,0.08525149190110827
JLM,1173.0,1172.0,1.0,0.08525149190110827
KIA,1173.0,1172.0,1.0,0.08525149190110827
LLPR,3533.0,3530.0,3.0,0.08491367110104728
UGNA,3533.0,3530.0,3.0,0.08491367110104728
KRHA,3533.0,3530.0,3.0,0.08491367110104728
KEB,7070.0,7064.0,6.0,0.08486562942008487
DGHA,4792.0,4788.0,4.0,0.08347245409015025
NMM,6048.0,6043.0,5.0,0.08267195767195767
KHED,7295.0,7289.0,6.0,0.0822481151473612
KKRD,3650.0,3647.0,3.0,0.08219178082191782
KSB,10950.0,10941.0,9.0,0.08219178082191782
DWD,3650.0,3647.0,3.0,0.08219178082191782
BBAI,3650.0,3647.0,3.0,0.08219178082191782
KHTG,3650.0,3647.0,3.0,0.08219178082191782
KFF,3650.0,3647.0,3.0,0.08219178082191782
GGAR,3650.0,3647.0,3.0,0.08219178082191782
KWD,3650.0,3647.0,3.0,0.08219178082191782
LKKD,3650.0,3647.0,3.0,0.08219178082191782
TDPM,3650.0,3647.0,3.0,0.08219178082191782
HAT,3650.0,3647.0,3.0,0.08219178082191782
HVD,2450.0,2448.0,2.0,0.0816326530612245
ULG,6255.0,6250.0,5.0,0.07993605115907274
NHK,3754.0,3751.0,3.0,0.07991475759190196
DBB,2503.0,2501.0,2.0,0.07990411506192568
HUD,1252.0,1251.0,1.0,0.07987220447284345
HUN,1252.0,1251.0,1.0,0.07987220447284345
KQZ,2504.0,2502.0,2.0,0.07987220447284345
IDT,1252.0,1251.0,1.0,0.07987220447284345
SPJB,2504.0,2502.0,2.0,0.07987220447284345
GKV,1252.0,1251.0,1.0,0.07987220447284345
GWSB,2504.0,2502.0,2.0,0.07987220447284345
DNU,1252.0,1251.0,1.0,0.07987220447284345
KDSB,2504.0,2502.0,2.0,0.07987220447284345
SVS,1252.0,1251.0,1.0,0.07987220447284345
GJT,1252.0,1251.0,1.0,0.07987220447284345
GDH,1252.0,1251.0,1.0,0.07987220447284345
DTT,1252.0,1251.0,1.0,0.07987220447284345
CMY,1252.0,1251.0,1.0,0.07987220447284345
DKAE,2537.0,2535.0,2.0,0.07883326763894363
NPNR,5108.0,5104.0,4.0,0.07830853563038372
HLR,2555.0,2553.0,2.0,0.07827788649706457
JKP,2555.0,2553.0,2.0,0.07827788649706457
DLZ,2555.0,2553.0,2.0,0.07827788649706457
PMM,2555.0,2553.0,2.0,0.07827788649706457
SMX,2555.0,2553.0,2.0,0.07827788649706457
MSWA,2555.0,2553.0,2.0,0.07827788649706457
TBV,2555.0,2553.0,2.0,0.07827788649706457
HOD,2555.0,2553.0,2.0,0.07827788649706457
GPE,2555.0,2553.0,2.0,0.07827788649706457
KDPS,2555.0,2553.0,2.0,0.07827788649706457
BUGN,2555.0,2553.0,2.0,0.07827788649706457
SATR,2555.0,2553.0,2.0,0.07827788649706457
MEP,5110.0,5106.0,4.0,0.07827788649706457
OEL,2555.0,2553.0,2.0,0.07827788649706457
KITN,2555.0,2553.0,2.0,0.07827788649706457
MTY,5111.0,5107.0,4.0,0.0782625709254549
TSK,3857.0,3854.0,3.0,0.077780658542909
KAMA,1293.0,1292.0,1.0,0.07733952049497293
GKJ,2628.0,2626.0,2.0,0.076103500761035
GUP,2628.0,2626.0,2.0,0.076103500761035
KKZ,5319.0,5315.0,4.0,0.07520210565895845
KUV,5319.0,5315.0,4.0,0.07520210565895845
PUU,5319.0,5315.0,4.0,0.07520210565895845
AVS,5319.0,5315.0,4.0,0.07520210565895845
KPTN,5330.0,5326.0,4.0,0.075046904315197
NIL,5445.0,5441.0,4.0,0.07346189164370982
VNB,5445.0,5441.0,4.0,0.07346189164370982
BLD,9625.0,9618.0,7.0,0.07272727272727272
DYW,2753.0,2751.0,2.0,0.0726480203414457
BFW,6883.0,6878.0,5.0,0.0726427429899753
ALMW,2815.0,2813.0,2.0,0.07104795737122557
KFK,2815.0,2813.0,2.0,0.07104795737122557
SJGH,2815.0,2813.0,2.0,0.07104795737122557
NTU,2815.0,2813.0,2.0,0.07104795737122557
RTR,2815.0,2813.0,2.0,0.07104795737122557
RTB,2815.0,2813.0,2.0,0.07104795737122557
BYH,2815.0,2813.0,2.0,0.07104795737122557
BRWH,2815.0,2813.0,2.0,0.07104795737122557
JGG,2815.0,2813.0,2.0,0.07104795737122557
AHM,2815.0,2813.0,2.0,0.07104795737122557
SDC,2815.0,2813.0,2.0,0.07104795737122557
ATRR,2815.0,2813.0,2.0,0.07104795737122557
PAD,7186.0,7181.0,5.0,0.06957973838018369
JLR,8634.0,8628.0,6.0,0.06949270326615706
SJS,2911.0,2909.0,2.0,0.06870491240123669
TRA,1456.0,1455.0,1.0,0.06868131868131869
DIW,1456.0,1455.0,1.0,0.06868131868131869
BTR,1456.0,1455.0,1.0,0.06868131868131869
HMR,1456.0,1455.0,1.0,0.06868131868131869
SRX,1456.0,1455.0,1.0,0.06868131868131869
PQD,2920.0,2918.0,2.0,0.0684931506849315
NRGR,1460.0,1459.0,1.0,0.0684931506849315
TUD,2920.0,2918.0,2.0,0.0684931506849315
OPM,2920.0,2918.0,2.0,0.0684931506849315
DVJ,2920.0,2918.0,2.0,0.0684931506849315
PQH,2920.0,2918.0,2.0,0.0684931506849315
MSN,2920.0,2918.0,2.0,0.0684931506849315
WDG,2920.0,2918.0,2.0,0.0684931506849315
HATI,1460.0,1459.0,1.0,0.0684931506849315
TYK,2920.0,2918.0,2.0,0.0684931506849315
DTL,1460.0,1459.0,1.0,0.0684931506849315
KLPG,1460.0,1459.0,1.0,0.0684931506849315
BTRO,2920.0,2918.0,2.0,0.0684931506849315
GMI,2920.0,2918.0,2.0,0.0684931506849315
GMX,1460.0,1459.0,1.0,0.0684931506849315
NGE,1460.0,1459.0,1.0,0.0684931506849315
GOH,5840.0,5836.0,4.0,0.0684931506849315
GNL,2920.0,2918.0,2.0,0.0684931506849315
KTHA,1460.0,1459.0,1.0,0.0684931506849315
AZP,2920.0,2918.0,2.0,0.0684931506849315
ARNG,2920.0,2918.0,2.0,0.0684931506849315
SLBN,1460.0,1459.0,1.0,0.0684931506849315
HDM,2920.0,2918.0,2.0,0.0684931506849315
AJU,2920.0,2918.0,2.0,0.0684931506849315
SYE,2920.0,2918.0,2.0,0.0684931506849315
BMP,2920.0,2918.0,2.0,0.0684931506849315
SWI,2920.0,2918.0,2.0,0.0684931506849315
KSY,4380.0,4377.0,3.0,0.0684931506849315
TT,2920.0,2918.0,2.0,0.0684931506849315
AWH,2920.0,2918.0,2.0,0.0684931506849315
MRDA,2920.0,2918.0,2.0,0.0684931506849315
MPF,1460.0,1459.0,1.0,0.0684931506849315
CCBG,2920.0,2918.0,2.0,0.0684931506849315
CCAB,1460.0,1459.0,1.0,0.0684931506849315
KMMD,2920.0,2918.0,2.0,0.0684931506849315
KSIH,2920.0,2918.0,2.0,0.0684931506849315
DSM,2920.0,2918.0,2.0,0.0684931506849315
LMD,2920.0,2918.0,2.0,0.0684931506849315
MIYN,2920.0,2918.0,2.0,0.0684931506849315
SAJH,2920.0,2918.0,2.0,0.0684931506849315
SYZ,2920.0,2918.0,2.0,0.0684931506849315
LKK,2920.0,2918.0,2.0,0.0684931506849315
MGG,1460.0,1459.0,1.0,0.0684931506849315
MEU,2920.0,2918.0,2.0,0.0684931506849315
UDM,1460.0,1459.0,1.0,0.0684931506849315
KUQ,2920.0,2918.0,2.0,0.0684931506849315
JRQ,1460.0,1459.0,1.0,0.0684931506849315
SPDR,1460.0,1459.0,1.0,0.0684931506849315
DEW,2920.0,2918.0,2.0,0.0684931506849315
SNV,2920.0,2918.0,2.0,0.0684931506849315
RAYA,2920.0,2918.0,2.0,0.0684931506849315
BLAX,1460.0,1459.0,1.0,0.0684931506849315
KDHA,1460.0,1459.0,1.0,0.0684931506849315
PDV,2920.0,2918.0,2.0,0.0684931506849315
GADM,2920.0,2918.0,2.0,0.0684931506849315
GBN,4380.0,4377.0,3.0,0.0684931506849315
LGCE,1460.0,1459.0,1.0,0.0684931506849315
ROL,2920.0,2918.0,2.0,0.0684931506849315
SRZ,5840.0,5836.0,4.0,0.0684931506849315
MYL,2920.0,2918.0,2.0,0.0684931506849315
SPL,2920.0,2918.0,2.0,0.0684931506849315
MLHA,5840.0,5836.0,4.0,0.0684931506849315
BXLL,1460.0,1459.0,1.0,0.0684931506849315
MXY,1460.0,1459.0,1.0,0.0684931506849315
JGF,1460.0,1459.0,1.0,0.0684931506849315
SQK,2920.0,2918.0,2.0,0.0684931506849315
MWG,2920.0,2918.0,2.0,0.0684931506849315
JME,2920.0,2918.0,2.0,0.0684931506849315
BEU,2920.0,2918.0,2.0,0.0684931506849315
PVL,2920.0,2918.0,2.0,0.0684931506849315
BFF,2920.0,2918.0,2.0,0.0684931506849315
AUL,2920.0,2918.0,2.0,0.0684931506849315
KMM,2920.0,2918.0,2.0,0.0684931506849315
SDPT,2920.0,2918.0,2.0,0.0684931506849315
BNSP,1460.0,1459.0,1.0,0.0684931506849315
PRCA,2920.0,2918.0,2.0,0.0684931506849315
SAKD,1461.0,1460.0,1.0,0.06844626967830253
SJN,8823.0,8817.0,6.0,0.06800408024481469
VLA,2956.0,2954.0,2.0,0.06765899864682003
KSD,6049.0,6045.0,4.0,0.06612663250123987
JNR,6143.0,6139.0,4.0,0.06511476477291225
JAG,4669.0,4666.0,3.0,0.0642535874919683
KUB,4669.0,4666.0,3.0,0.0642535874919683
OLR,3181.0,3179.0,2.0,0.06287331027978622
SHF,3234.0,3232.0,2.0,0.06184291898577613
DHI,3234.0,3232.0,2.0,0.06184291898577613
JMD,3234.0,3232.0,2.0,0.06184291898577613
HA,3285.0,3283.0,2.0,0.06088280060882801
DARA,6570.0,6566.0,4.0,0.06088280060882801
DBY,1668.0,1667.0,1.0,0.05995203836930455
MRG,1668.0,1667.0,1.0,0.05995203836930455
LEDO,1668.0,1667.0,1.0,0.05995203836930455
RPAN,8341.0,8336.0,5.0,0.05994485073732166
KKGT,1669.0,1668.0,1.0,0.05991611743559017
CBZ,1669.0,1668.0,1.0,0.05991611743559017
VRR,6861.0,6857.0,4.0,0.058300539279988337
KAY,3442.0,3440.0,2.0,0.058105752469494475
PKM,3442.0,3440.0,2.0,0.058105752469494475
TDE,3442.0,3440.0,2.0,0.058105752469494475
BKNG,7069.0,7065.0,4.0,0.05658508982883011
GGWA,3546.0,3544.0,2.0,0.05640157924421885
KTHN,3546.0,3544.0,2.0,0.05640157924421885
GRD,3546.0,3544.0,2.0,0.05640157924421885
SVA,7197.0,7193.0,4.0,0.055578713352785886
PDL,3650.0,3648.0,2.0,0.0547945205479452
KNRI,3650.0,3648.0,2.0,0.0547945205479452
HTJ,3650.0,3648.0,2.0,0.0547945205479452
SXD,3650.0,3648.0,2.0,0.0547945205479452
PNTR,1825.0,1824.0,1.0,0.0547945205479452
MHA,3650.0,3648.0,2.0,0.0547945205479452
JTRD,1877.0,1876.0,1.0,0.05327650506126798
KVK,1877.0,1876.0,1.0,0.05327650506126798
DLGN,1877.0,1876.0,1.0,0.05327650506126798
KUH,11263.0,11257.0,6.0,0.05327177483796502
CMU,7509.0,7505.0,4.0,0.053269410041283785
DCK,3791.0,3789.0,2.0,0.052756528620416784
SEJ,3791.0,3789.0,2.0,0.052756528620416784
KUC,3911.0,3909.0,2.0,0.051137816415239075
TKTB,1982.0,1981.0,1.0,0.050454086781029264
ARQ,5998.0,5995.0,3.0,0.050016672224074694
CTRE,4015.0,4013.0,2.0,0.049813200498132
IPL,6101.0,6098.0,3.0,0.049172266841501396
RMPB,2085.0,2084.0,1.0,0.047961630695443645
SGPA,4172.0,4170.0,2.0,0.047938638542665384
SAPT,4172.0,4170.0,2.0,0.047938638542665384
KBSH,4172.0,4170.0,2.0,0.047938638542665384
JGD,4172.0,4170.0,2.0,0.047938638542665384
BUDI,4214.0,4212.0,2.0,0.04746084480303749
MABA,8551.0,8547.0,4.0,0.04677815460180096
DRU,14994.0,14987.0,7.0,0.04668534080298786
RDD,2181.0,2180.0,1.0,0.04585052728106373
UMRA,2181.0,2180.0,1.0,0.04585052728106373
BMGA,4380.0,4378.0,2.0,0.045662100456621
KKL,2190.0,2189.0,1.0,0.045662100456621
UCB,2190.0,2189.0,1.0,0.045662100456621
KZX,2190.0,2189.0,1.0,0.045662100456621
GSB,2190.0,2189.0,1.0,0.045662100456621
NPM,2190.0,2189.0,1.0,0.045662100456621
AWL,2190.0,2189.0,1.0,0.045662100456621
MBU,2190.0,2189.0,1.0,0.045662100456621
SXR,2190.0,2189.0,1.0,0.045662100456621
NKN,2190.0,2189.0,1.0,0.045662100456621
TKYR,2190.0,2189.0,1.0,0.045662100456621
KNDI,2190.0,2189.0,1.0,0.045662100456621
KOX,4380.0,4378.0,2.0,0.045662100456621
GILA,2190.0,2189.0,1.0,0.045662100456621
MKD,2190.0,2189.0,1.0,0.045662100456621
PRGR,2190.0,2189.0,1.0,0.045662100456621
CTHR,2190.0,2189.0,1.0,0.045662100456621
CQS,2190.0,2189.0,1.0,0.045662100456621
KJME,4380.0,4378.0,2.0,0.045662100456621
TUY,2190.0,2189.0,1.0,0.045662100456621
VRG,2190.0,2189.0,1.0,0.045662100456621
PCR,4380.0,4378.0,2.0,0.045662100456621
SAGM,2190.0,2189.0,1.0,0.045662100456621
VKP,2190.0,2189.0,1.0,0.045662100456621
KBKN,2190.0,2189.0,1.0,0.045662100456621
BNGL,2190.0,2189.0,1.0,0.045662100456621
SAMT,2190.0,2189.0,1.0,0.045662100456621
SMH,4380.0,4378.0,2.0,0.045662100456621
CGH,2190.0,2189.0,1.0,0.045662100456621
JOK,2190.0,2189.0,1.0,0.045662100456621
MHUL,2190.0,2189.0,1.0,0.045662100456621
JYM,2390.0,2389.0,1.0,0.04184100418410042
XSAN,2401.0,2400.0,1.0,0.04164931278633903
RNTE,2401.0,2400.0,1.0,0.04164931278633903
MUC,2451.0,2450.0,1.0,0.04079967360261118
JGWL,2478.0,2477.0,1.0,0.04035512510088781
KYA,4956.0,4954.0,2.0,0.04035512510088781
KRS,4956.0,4954.0,2.0,0.04035512510088781
BUE,4956.0,4954.0,2.0,0.04035512510088781
LKMN,5110.0,5108.0,2.0,0.03913894324853229
SFNR,5110.0,5108.0,2.0,0.03913894324853229
AVN,5110.0,5108.0,2.0,0.03913894324853229
RJQ,5110.0,5108.0,2.0,0.03913894324853229
KSH,5110.0,5108.0,2.0,0.03913894324853229
RAU,5110.0,5108.0,2.0,0.03913894324853229
SKRI,2555.0,2554.0,1.0,0.03913894324853229
HKH,5110.0,5108.0,2.0,0.03913894324853229
TVP,7821.0,7818.0,3.0,0.038358266206367474
PRJ,2633.0,2632.0,1.0,0.0379794910748196
TOD,2633.0,2632.0,1.0,0.0379794910748196
NRD,2633.0,2632.0,1.0,0.0379794910748196
BKTB,2712.0,2711.0,1.0,0.03687315634218289
NLBR,2713.0,2712.0,1.0,0.036859565057132324
BNSR,5475.0,5473.0,2.0,0.0365296803652968
SDVL,5631.0,5629.0,2.0,0.03551767004084532
CWR,2816.0,2815.0,1.0,0.03551136363636364
KRAN,2816.0,2815.0,1.0,0.03551136363636364
NYI,2816.0,2815.0,1.0,0.03551136363636364
DINR,2816.0,2815.0,1.0,0.03551136363636364
ATUL,5726.0,5724.0,2.0,0.0349283967865875
NTWL,2911.0,2910.0,1.0,0.034352456200618345
PMO,2911.0,2910.0,1.0,0.034352456200618345
GSD,2911.0,2910.0,1.0,0.034352456200618345
PJK,2920.0,2919.0,1.0,0.03424657534246575
MWZ,2920.0,2919.0,1.0,0.03424657534246575
KTO,2920.0,2919.0,1.0,0.03424657534246575
PHE,2920.0,2919.0,1.0,0.03424657534246575
UKR,2920.0,2919.0,1.0,0.03424657534246575
SYJ,2920.0,2919.0,1.0,0.03424657534246575
NPRD,2920.0,2919.0,1.0,0.03424657534246575
TOM,5840.0,5838.0,2.0,0.03424657534246575
SJQ,3024.0,3023.0,1.0,0.03306878306878307
BRGM,3026.0,3025.0,1.0,0.033046926635822864
PUK,6101.0,6099.0,2.0,0.03278151122766759
SGM,6205.0,6203.0,2.0,0.03223207091055601
AYN,6205.0,6203.0,2.0,0.03223207091055601
SNF,6233.0,6231.0,2.0,0.03208727739451307
SES,3120.0,3119.0,1.0,0.03205128205128205
PYD,3181.0,3180.0,1.0,0.03143665513989311
VRLR,3181.0,3180.0,1.0,0.03143665513989311
AMVA,3181.0,3180.0,1.0,0.03143665513989311
VTK,3181.0,3180.0,1.0,0.03143665513989311
TA,9606.0,9603.0,3.0,0.03123048094940662
BSJ,3224.0,3223.0,1.0,0.031017369727047148
TUVR,6518.0,6516.0,2.0,0.03068425897514575
KMU,9782.0,9779.0,3.0,0.03066857493355142
MCJ,6570.0,6568.0,2.0,0.030441400304414005
SVR,3285.0,3284.0,1.0,0.030441400304414005
VEU,3285.0,3284.0,1.0,0.030441400304414005
FK,9867.0,9864.0,3.0,0.030404378230465188
KXJ,3416.0,3415.0,1.0,0.02927400468384075
DNRP,3444.0,3443.0,1.0,0.029036004645760744
ZW,3444.0,3443.0,1.0,0.029036004645760744
SRGM,6913.0,6911.0,2.0,0.02893099956603501
MGK,3546.0,3545.0,1.0,0.028200789622109423
HMK,3546.0,3545.0,1.0,0.028200789622109423
FTH,3546.0,3545.0,1.0,0.028200789622109423
KUL,3546.0,3545.0,1.0,0.028200789622109423
NHM,3572.0,3571.0,1.0,0.027995520716685332
SDGM,3572.0,3571.0,1.0,0.027995520716685332
KRSW,3650.0,3649.0,1.0,0.0273972602739726
BVW,3650.0,3649.0,1.0,0.0273972602739726
BSPR,3650.0,3649.0,1.0,0.0273972602739726
JGW,3650.0,3649.0,1.0,0.0273972602739726
JWN,3650.0,3649.0,1.0,0.0273972602739726
DODH,3650.0,3649.0,1.0,0.0273972602739726
JTH,3650.0,3649.0,1.0,0.0273972602739726
TQL,3650.0,3649.0,1.0,0.0273972602739726
BWF,3650.0,3649.0,1.0,0.0273972602739726
THL,3650.0,3649.0,1.0,0.0273972602739726
KTCH,3650.0,3649.0,1.0,0.0273972602739726
KIQ,3650.0,3649.0,1.0,0.0273972602739726
DAVC,3650.0,3649.0,1.0,0.0273972602739726
TSS,3650.0,3649.0,1.0,0.0273972602739726
TUG,3650.0,3649.0,1.0,0.0273972602739726
ABKP,3754.0,3753.0,1.0,0.02663825253063399
BRH,3754.0,3753.0,1.0,0.02663825253063399
SMET,7610.0,7608.0,2.0,0.026281208935611037
HMT,3896.0,3895.0,1.0,0.025667351129363452
SSNS,7913.0,7911.0,2.0,0.025274864147605207
KKHT,7913.0,7911.0,2.0,0.025274864147605207
BJIH,7913.0,7911.0,2.0,0.025274864147605207
TRS,7913.0,7911.0,2.0,0.025274864147605207
SPAM,4015.0,4014.0,1.0,0.024906600249066
PLMG,4015.0,4014.0,1.0,0.024906600249066
MSU,4015.0,4014.0,1.0,0.024906600249066
EGT,4015.0,4014.0,1.0,0.024906600249066
MAF,4015.0,4014.0,1.0,0.024906600249066
ALU,8061.0,8059.0,2.0,0.024810817516437163
PVU,12305.0,12302.0,3.0,0.024380333197887037
MVJ,12436.0,12433.0,3.0,0.024123512383403024
DKGN,4172.0,4171.0,1.0,0.023969319271332692
KN,4276.0,4275.0,1.0,0.023386342376052385
TIHU,4380.0,4379.0,1.0,0.0228310502283105
BJF,4380.0,4379.0,1.0,0.0228310502283105
GOC,8760.0,8758.0,2.0,0.0228310502283105
PBL,4380.0,4379.0,1.0,0.0228310502283105
CUPJ,8790.0,8788.0,2.0,0.022753128555176336
BNDP,4593.0,4592.0,1.0,0.021772262138036142
GRMP,4593.0,4592.0,1.0,0.021772262138036142
VAK,18550.0,18546.0,4.0,0.021563342318059297
HTZU,4745.0,4744.0,1.0,0.021074815595363543
TI,5110.0,5109.0,1.0,0.019569471624266144
TO,5110.0,5109.0,1.0,0.019569471624266144
KBT,5110.0,5109.0,1.0,0.019569471624266144
NLV,5216.0,5215.0,1.0,0.019171779141104295
CLT,20980.0,20976.0,4.0,0.019065776930409912
PTB,10753.0,10751.0,2.0,0.018599460615642147
AAM,5445.0,5444.0,1.0,0.018365472910927456
JCNR,5630.0,5629.0,1.0,0.017761989342806393
KHBV,5630.0,5629.0,1.0,0.017761989342806393
TJ,17344.0,17341.0,3.0,0.017297047970479703
VLI,6101.0,6100.0,1.0,0.016390755613833796
RBZ,6453.0,6452.0,1.0,0.01549666821633349
KTU,13308.0,13306.0,2.0,0.015028554253080853
FAN,6666.0,6665.0,1.0,0.015001500150015003
MQO,7238.0,7237.0,1.0,0.013815971262779773
KVU,7925.0,7924.0,1.0,0.012618296529968456
COD,2190.0,2190.0,0.0,0.0
YEAM,2190.0,2190.0,0.0,0.0
CKK,2920.0,2920.0,0.0,0.0
KPDH,1460.0,1460.0,0.0,0.0
KPHH,2190.0,2190.0,0.0,0.0
BNOI,626.0,626.0,0.0,0.0
BNQ,2920.0,2920.0,0.0,0.0
SD,3247.0,3247.0,0.0,0.0
AUS,4380.0,4380.0,0.0,0.0
AVC,1356.0,1356.0,0.0,0.0
AVP,1236.0,1236.0,0.0,0.0
KQT,1126.0,1126.0,0.0,0.0
KRAI,2190.0,2190.0,0.0,0.0
PRB,2920.0,2920.0,0.0,0.0
PRBR,2920.0,2920.0,0.0,0.0
MRKL,399.0,399.0,0.0,0.0
MRLA,2554.0,2554.0,0.0,0.0
MRN,2555.0,2555.0,0.0,0.0
MRTA,3650.0,3650.0,0.0,0.0
KOWN,626.0,626.0,0.0,0.0
SED,2596.0,2596.0,0.0,0.0
SEN,1356.0,1356.0,0.0,0.0
SEPN,626.0,626.0,0.0,0.0
KNSR,1460.0,1460.0,0.0,0.0
KO,2190.0,2190.0,0.0,0.0
KOA,730.0,730.0,0.0,0.0
SDLK,1460.0,1460.0,0.0,0.0
SDMK,4380.0,4380.0,0.0,0.0
SDV,1460.0,1460.0,0.0,0.0
KOZ,1460.0,1460.0,0.0,0.0
BNVD,3522.0,3522.0,0.0,0.0
MQQ,1460.0,1460.0,0.0,0.0
MQR,1491.0,1491.0,0.0,0.0
MSOD,730.0,730.0,0.0,0.0
BODG,730.0,730.0,0.0,0.0
KPO,1373.0,1373.0,0.0,0.0
KRMG,2815.0,2815.0,0.0,0.0
KRNH,2190.0,2190.0,0.0,0.0
KRNI,1460.0,1460.0,0.0,0.0
KRNU,3647.0,3647.0,0.0,0.0
KRPN,730.0,730.0,0.0,0.0
BNSA,3025.0,3025.0,0.0,0.0
KRHT,626.0,626.0,0.0,0.0
KRKD,1460.0,1460.0,0.0,0.0
KRKP,730.0,730.0,0.0,0.0
KRLS,2920.0,2920.0,0.0,0.0
SBGN,730.0,730.0,0.0,0.0
SBH,2596.0,2596.0,0.0,0.0
BOKE,730.0,730.0,0.0,0.0
KONY,1460.0,1460.0,0.0,0.0
KOPR,5630.0,5630.0,0.0,0.0
ATT,1460.0,1460.0,0.0,0.0
ATWN,212.0,212.0,0.0,0.0
ATX,3432.0,3432.0,0.0,0.0
KNDP,3650.0,3650.0,0.0,0.0
KOG,638.0,638.0,0.0,0.0
KOHR,1457.0,1457.0,0.0,0.0
KOI,2920.0,2920.0,0.0,0.0
KOLA,2920.0,2920.0,0.0,0.0
SET,2918.0,2918.0,0.0,0.0
SEW,1460.0,1460.0,0.0,0.0
KNNA,3650.0,3650.0,0.0,0.0
KNNT,1460.0,1460.0,0.0,0.0
KNO,2190.0,2190.0,0.0,0.0
KNPL,655.0,655.0,0.0,0.0
KNRG,1460.0,1460.0,0.0,0.0
BOG,3650.0,3650.0,0.0,0.0
SBLJ,730.0,730.0,0.0,0.0
SBRA,2190.0,2190.0,0.0,0.0
KRRI,1460.0,1460.0,0.0,0.0
MPUE,1460.0,1460.0,0.0,0.0
PRKH,1136.0,1136.0,0.0,0.0
PRKL,1460.0,1460.0,0.0,0.0
BIDD,625.0,625.0,0.0,0.0
BIGJ,289.0,289.0,0.0,0.0
BIJR,730.0,730.0,0.0,0.0
KNB,1095.0,1095.0,0.0,0.0
KMLM,2190.0,2190.0,0.0,0.0
BOKO,2398.0,2398.0,0.0,0.0
BON,1460.0,1460.0,0.0,0.0
BOP,730.0,730.0,0.0,0.0
SG,2555.0,2555.0,0.0,0.0
KMP,2204.0,2204.0,0.0,0.0
KMHN,502.0,502.0,0.0,0.0
BOTI,2190.0,2190.0,0.0,0.0
BOYA,1460.0,1460.0,0.0,0.0
BPAH,1460.0,1460.0,0.0,0.0
SGNL,526.0,526.0,0.0,0.0
SGRE,1460.0,1460.0,0.0,0.0
KLTR,1460.0,1460.0,0.0,0.0
KLWD,5840.0,5840.0,0.0,0.0
KLWL,1825.0,1825.0,0.0,0.0
KLYN,2190.0,2190.0,0.0,0.0
KNH,2504.0,2504.0,0.0,0.0
KNJJ,1460.0,1460.0,0.0,0.0
AUNG,2190.0,2190.0,0.0,0.0
SGE,4376.0,4376.0,0.0,0.0
SGLM,365.0,365.0,0.0,0.0
KLM,823.0,823.0,0.0,0.0
MRV,1460.0,1460.0,0.0,0.0
BHY,2190.0,2190.0,0.0,0.0
PPTR,730.0,730.0,0.0,0.0
PPU,1460.0,1460.0,0.0,0.0
BDLN,3024.0,3024.0,0.0,0.0
BDMA,3906.0,3906.0,0.0,0.0
BDNK,1042.0,1042.0,0.0,0.0
BDNP,730.0,730.0,0.0,0.0
BDPA,2606.0,2606.0,0.0,0.0
MRWS,730.0,730.0,0.0,0.0
MRZA,2398.0,2398.0,0.0,0.0
MSDR,1460.0,1460.0,0.0,0.0
KLMG,6980.0,6980.0,0.0,0.0
KMN,2496.0,2496.0,0.0,0.0
KMNN,365.0,365.0,0.0,0.0
KKPM,2920.0,2920.0,0.0,0.0
BILD,3285.0,3285.0,0.0,0.0
KRYA,2555.0,2555.0,0.0,0.0
KRYR,5840.0,5840.0,0.0,0.0
AWP,1460.0,1460.0,0.0,0.0
AWPR,3650.0,3650.0,0.0,0.0
AYD,1095.0,1095.0,0.0,0.0
AYI,655.0,655.0,0.0,0.0
KSA,1460.0,1460.0,0.0,0.0
KSAR,916.0,916.0,0.0,0.0
KMAE,2086.0,2086.0,0.0,0.0
KMAH,730.0,730.0,0.0,0.0
KMB,1460.0,1460.0,0.0,0.0
SGW,730.0,730.0,0.0,0.0
SHEO,3691.0,3691.0,0.0,0.0
SHGN,1373.0,1373.0,0.0,0.0
SAY,5840.0,5840.0,0.0,0.0
SBBP,1460.0,1460.0,0.0,0.0
MPC,1460.0,1460.0,0.0,0.0
MPH,730.0,730.0,0.0,0.0
MQU,3546.0,3546.0,0.0,0.0
MRC,730.0,730.0,0.0,0.0
KKBA,1250.0,1250.0,0.0,0.0
KLNT,626.0,626.0,0.0,0.0
KLBN,730.0,730.0,0.0,0.0
KLCR,730.0,730.0,0.0,0.0
KLGA,730.0,730.0,0.0,0.0
KLGM,1460.0,1460.0,0.0,0.0
SHRG,2920.0,2920.0,0.0,0.0
KLB,2920.0,2920.0,0.0,0.0
BPGR,1460.0,1460.0,0.0,0.0
KKNH,4636.0,4636.0,0.0,0.0
KKK,1565.0,1565.0,0.0,0.0
ATQ,1792.0,1792.0,0.0,0.0
SIF,1460.0,1460.0,0.0,0.0
SIGA,1356.0,1356.0,0.0,0.0
SII,823.0,823.0,0.0,0.0
SIJU,730.0,730.0,0.0,0.0
KJPD,2190.0,2190.0,0.0,0.0
KJU,2086.0,2086.0,0.0,0.0
KKS,1460.0,1460.0,0.0,0.0
KKTI,2190.0,2190.0,0.0,0.0
SHWL,1460.0,1460.0,0.0,0.0
AT,2086.0,2086.0,0.0,0.0
ATB,1668.0,1668.0,0.0,0.0
BNKJ,2555.0,2555.0,0.0,0.0
BNM,730.0,730.0,0.0,0.0
SAPR,2142.0,2142.0,0.0,0.0
MSMI,1460.0,1460.0,0.0,0.0
MTB,1460.0,1460.0,0.0,0.0
MTBH,730.0,730.0,0.0,0.0
MTDM,730.0,730.0,0.0,0.0
MTE,2806.0,2806.0,0.0,0.0
PPEA,1356.0,1356.0,0.0,0.0
PPK,2920.0,2920.0,0.0,0.0
PPLA,626.0,626.0,0.0,0.0
MSRP,2190.0,2190.0,0.0,0.0
MSS,2190.0,2190.0,0.0,0.0
MSSN,390.0,390.0,0.0,0.0
KIY,2815.0,2815.0,0.0,0.0
KJG,2190.0,2190.0,0.0,0.0
KHW,1460.0,1460.0,0.0,0.0
KKG,1460.0,1460.0,0.0,0.0
KJW,1460.0,1460.0,0.0,0.0
MRF,1558.0,1558.0,0.0,0.0
PRNG,2920.0,2920.0,0.0,0.0
PRNR,730.0,730.0,0.0,0.0
PRNT,2190.0,2190.0,0.0,0.0
PRSP,2555.0,2555.0,0.0,0.0
PRSR,2190.0,2190.0,0.0,0.0
MPRA,730.0,730.0,0.0,0.0
KTHY,730.0,730.0,0.0,0.0
SAKA,2190.0,2190.0,0.0,0.0
KJY,2190.0,2190.0,0.0,0.0
BPW,1460.0,1460.0,0.0,0.0
BQE,1460.0,1460.0,0.0,0.0
SIRD,729.0,729.0,0.0,0.0
KIW,5110.0,5110.0,0.0,0.0
MSGR,730.0,730.0,0.0,0.0
SJPM,4377.0,4377.0,0.0,0.0
SJSM,2190.0,2190.0,0.0,0.0
SJT,730.0,730.0,0.0,0.0
ASCE,730.0,730.0,0.0,0.0
ASJP,576.0,576.0,0.0,0.0
KHJ,1460.0,1460.0,0.0,0.0
KIB,2806.0,2806.0,0.0,0.0
KIE,2598.0,2598.0,0.0,0.0
KIF,2920.0,2920.0,0.0,0.0
KII,2190.0,2190.0,0.0,0.0
KIKA,730.0,730.0,0.0,0.0
SJM,1825.0,1825.0,0.0,0.0
SJMA,730.0,730.0,0.0,0.0
SJPA,2606.0,2606.0,0.0,0.0
KHR,1460.0,1460.0,0.0,0.0
KHRY,1460.0,1460.0,0.0,0.0
KHA,1878.0,1878.0,0.0,0.0
KHAA,626.0,626.0,0.0,0.0
MTKR,212.0,212.0,0.0,0.0
MTLP,2920.0,2920.0,0.0,0.0
MTPC,2190.0,2190.0,0.0,0.0
POR,1825.0,1825.0,0.0,0.0
POX,730.0,730.0,0.0,0.0
POY,4687.0,4687.0,0.0,0.0
BI,1460.0,1460.0,0.0,0.0
BICI,730.0,730.0,0.0,0.0
KHDR,1252.0,1252.0,0.0,0.0
KGF,3285.0,3285.0,0.0,0.0
KGIH,823.0,823.0,0.0,0.0
KHTI,526.0,526.0,0.0,0.0
KHTN,1460.0,1460.0,0.0,0.0
BNNR,1460.0,1460.0,0.0,0.0
KSQ,1460.0,1460.0,0.0,0.0
KSVR,730.0,730.0,0.0,0.0
BNH,2142.0,2142.0,0.0,0.0
BNI,1460.0,1460.0,0.0,0.0
KTK,1188.0,1188.0,0.0,0.0
KTLA,1751.0,1751.0,0.0,0.0
BNDI,1460.0,1460.0,0.0,0.0
BADA,289.0,289.0,0.0,0.0
RZJ,2555.0,2555.0,0.0,0.0
SKG,365.0,365.0,0.0,0.0
BQY,991.0,991.0,0.0,0.0
BR,2190.0,2190.0,0.0,0.0
BRBG,212.0,212.0,0.0,0.0
KGX,1442.0,1442.0,0.0,0.0
KEY,1460.0,1460.0,0.0,0.0
AROR,2190.0,2190.0,0.0,0.0
KDTY,2347.0,2347.0,0.0,0.0
KDVI,730.0,730.0,0.0,0.0
KGL,1095.0,1095.0,0.0,0.0
BQM,1772.0,1772.0,0.0,0.0
SKPA,1460.0,1460.0,0.0,0.0
SKR,2166.0,2166.0,0.0,0.0
KFC,730.0,730.0,0.0,0.0
KFD,1460.0,1460.0,0.0,0.0
KFE,2347.0,2347.0,0.0,0.0
KFI,2086.0,2086.0,0.0,0.0
KFN,1460.0,1460.0,0.0,0.0
SKDM,2190.0,2190.0,0.0,0.0
SANG,461.0,461.0,0.0,0.0
SAPE,1460.0,1460.0,0.0,0.0
SABD,2190.0,2190.0,0.0,0.0
KTA,2190.0,2190.0,0.0,0.0
KTGD,2142.0,2142.0,0.0,0.0
AYU,1585.0,1585.0,0.0,0.0
AYV,1460.0,1460.0,0.0,0.0
AYVN,730.0,730.0,0.0,0.0
AZA,2398.0,2398.0,0.0,0.0
AZK,2806.0,2806.0,0.0,0.0
KTNR,4162.0,4162.0,0.0,0.0
KDO,4377.0,4377.0,0.0,0.0
KFQ,2347.0,2347.0,0.0,0.0
KFV,2190.0,2190.0,0.0,0.0
KEMR,730.0,730.0,0.0,0.0
KENP,730.0,730.0,0.0,0.0
KEV,2190.0,2190.0,0.0,0.0
SLTH,1460.0,1460.0,0.0,0.0
SLU,1460.0,1460.0,0.0,0.0
SMAE,1721.0,1721.0,0.0,0.0
KCR,1460.0,1460.0,0.0,0.0
KDF,1460.0,1460.0,0.0,0.0
KEF,2190.0,2190.0,0.0,0.0
ARX,2598.0,2598.0,0.0,0.0
AS,3024.0,3024.0,0.0,0.0
SLG,365.0,365.0,0.0,0.0
SLGE,1281.0,1281.0,0.0,0.0
SLIA,1252.0,1252.0,0.0,0.0
SLKR,2190.0,2190.0,0.0,0.0
SLON,730.0,730.0,0.0,0.0
KDMD,730.0,730.0,0.0,0.0
KDNL,4239.0,4239.0,0.0,0.0
RZN,730.0,730.0,0.0,0.0
KDGO,289.0,289.0,0.0,0.0
SMCP,2816.0,2816.0,0.0,0.0
SMDM,730.0,730.0,0.0,0.0
APU,1044.0,1044.0,0.0,0.0
ARAG,1460.0,1460.0,0.0,0.0
ARH,1460.0,1460.0,0.0,0.0
BRNI,1252.0,1252.0,0.0,0.0
BROR,1460.0,1460.0,0.0,0.0
BRPA,220.0,220.0,0.0,0.0
KBY,2920.0,2920.0,0.0,0.0
KCP,730.0,730.0,0.0,0.0
KDRI,1236.0,1236.0,0.0,0.0
BRHU,730.0,730.0,0.0,0.0
BRLA,1460.0,1460.0,0.0,0.0
SLP,730.0,730.0,0.0,0.0
SLRP,730.0,730.0,0.0,0.0
SMGR,730.0,730.0,0.0,0.0
SMKT,730.0,730.0,0.0,0.0
KAVR,2190.0,2190.0,0.0,0.0
MUU,638.0,638.0,0.0,0.0
PNSD,1460.0,1460.0,0.0,0.0
PNT,626.0,626.0,0.0,0.0
PNVT,1460.0,1460.0,0.0,0.0
PNWN,1460.0,1460.0,0.0,0.0
PO,2920.0,2920.0,0.0,0.0
MTU,2190.0,2190.0,0.0,0.0
MTUR,2190.0,2190.0,0.0,0.0
MTV,730.0,730.0,0.0,0.0
KAW,1460.0,1460.0,0.0,0.0
KB,2204.0,2204.0,0.0,0.0
KDGI,823.0,823.0,0.0,0.0
KTRK,730.0,730.0,0.0,0.0
KTY,1479.0,1479.0,0.0,0.0
KTYR,2815.0,2815.0,0.0,0.0
RUB,730.0,730.0,0.0,0.0
RUP,730.0,730.0,0.0,0.0
RVG,1460.0,1460.0,0.0,0.0
RVS,2806.0,2806.0,0.0,0.0
RW,1460.0,1460.0,0.0,0.0
RWTB,3650.0,3650.0,0.0,0.0
RXM,1460.0,1460.0,0.0,0.0
RY,2142.0,2142.0,0.0,0.0
KBN,1460.0,1460.0,0.0,0.0
SMDT,1460.0,1460.0,0.0,0.0
SME,5315.0,5315.0,0.0,0.0
SNDI,2190.0,2190.0,0.0,0.0
SNDY,2555.0,2555.0,0.0,0.0
SNH,2190.0,2190.0,0.0,0.0
KAKI,730.0,730.0,0.0,0.0
KAL,2085.0,2085.0,0.0,0.0
KBE,1460.0,1460.0,0.0,0.0
KBI,730.0,730.0,0.0,0.0
SMNE,3540.0,3540.0,0.0,0.0
SMPA,2190.0,2190.0,0.0,0.0
SMSR,1460.0,1460.0,0.0,0.0
SMTG,2606.0,2606.0,0.0,0.0
KARJ,1250.0,1250.0,0.0,0.0
KARK,2806.0,2806.0,0.0,0.0
KASU,2710.0,2710.0,0.0,0.0
KTPK,1825.0,1825.0,0.0,0.0
KTPR,1460.0,1460.0,0.0,0.0
BRRD,1230.0,1230.0,0.0,0.0
SNIE,730.0,730.0,0.0,0.0
API,730.0,730.0,0.0,0.0
APKH,2920.0,2920.0,0.0,0.0
APN,2920.0,2920.0,0.0,0.0
JYK,730.0,730.0,0.0,0.0
KAD,365.0,365.0,0.0,0.0
KAG,2190.0,2190.0,0.0,0.0
KAGJ,289.0,289.0,0.0,0.0
APRD,2606.0,2606.0,0.0,0.0
KALS,2190.0,2190.0,0.0,0.0
KANR,526.0,526.0,0.0,0.0
SNAR,1460.0,1460.0,0.0,0.0
SNBD,2920.0,2920.0,0.0,0.0
SNBR,730.0,730.0,0.0,0.0
SNCA,2398.0,2398.0,0.0,0.0
JWK,730.0,730.0,0.0,0.0
JWS,730.0,730.0,0.0,0.0
MUGR,730.0,730.0,0.0,0.0
MVPM,2190.0,2190.0,0.0,0.0
MVRD,730.0,730.0,0.0,0.0
MVY,1356.0,1356.0,0.0,0.0
PNDR,5840.0,5840.0,0.0,0.0
PNGI,625.0,625.0,0.0,0.0
PNGM,599.0,599.0,0.0,0.0
PNGR,2190.0,2190.0,0.0,0.0
PNHR,730.0,730.0,0.0,0.0
PNI,1460.0,1460.0,0.0,0.0
PNM,2190.0,2190.0,0.0,0.0
PNPR,2399.0,2399.0,0.0,0.0
KALI,1460.0,1460.0,0.0,0.0
KALN,2190.0,2190.0,0.0,0.0
RYC,2190.0,2190.0,0.0,0.0
AYR,730.0,730.0,0.0,0.0
KUW,730.0,730.0,0.0,0.0
KUD,6330.0,6330.0,0.0,0.0
KUG,2668.0,2668.0,0.0,0.0
KUMM,2503.0,2503.0,0.0,0.0
RTBR,1044.0,1044.0,0.0,0.0
RTI,2920.0,2920.0,0.0,0.0
RTRA,730.0,730.0,0.0,0.0
KTTR,1460.0,1460.0,0.0,0.0
APTA,5000.0,5000.0,0.0,0.0
SNKL,4239.0,4239.0,0.0,0.0
SNPR,2190.0,2190.0,0.0,0.0
JUK,1460.0,1460.0,0.0,0.0
JUNX,1460.0,1460.0,0.0,0.0
JVA,730.0,730.0,0.0,0.0
JPZ,1460.0,1460.0,0.0,0.0
JRAE,220.0,220.0,0.0,0.0
BRVR,2504.0,2504.0,0.0,0.0
JUBS,1460.0,1460.0,0.0,0.0
JSPR,1436.0,1436.0,0.0,0.0
JSV,730.0,730.0,0.0,0.0
SNTH,2190.0,2190.0,0.0,0.0
SNX,2920.0,2920.0,0.0,0.0
SNYN,730.0,730.0,0.0,0.0
SNZ,2598.0,2598.0,0.0,0.0
SOAE,2086.0,2086.0,0.0,0.0
SOB,1460.0,1460.0,0.0,0.0
JRTR,1460.0,1460.0,0.0,0.0
JRX,730.0,730.0,0.0,0.0
JSA,1428.0,1428.0,0.0,0.0
JSC,1460.0,1460.0,0.0,0.0
ANW,1460.0,1460.0,0.0,0.0
AON,1460.0,1460.0,0.0,0.0
APD,1460.0,1460.0,0.0,0.0
APDC,730.0,730.0,0.0,0.0
JOX,220.0,220.0,0.0,0.0
JPAH,1460.0,1460.0,0.0,0.0
JPI,730.0,730.0,0.0,0.0
JSD,1428.0,1428.0,0.0,0.0
BSAE,1721.0,1721.0,0.0,0.0
JRKT,2328.0,2328.0,0.0,0.0
JRLI,730.0,730.0,0.0,0.0
JRO,730.0,730.0,0.0,0.0
SOLR,1356.0,1356.0,0.0,0.0
SOQ,1442.0,1442.0,0.0,0.0
SPAK,626.0,626.0,0.0,0.0
BMWS,626.0,626.0,0.0,0.0
KVE,3647.0,3647.0,0.0,0.0
KVLK,730.0,730.0,0.0,0.0
KVLR,1460.0,1460.0,0.0,0.0
KVO,1460.0,1460.0,0.0,0.0
KVS,2190.0,2190.0,0.0,0.0
RSI,1460.0,1460.0,0.0,0.0
RSJ,1460.0,1460.0,0.0,0.0
RSLR,365.0,365.0,0.0,0.0
RSYI,3540.0,3540.0,0.0,0.0
KXX,1460.0,1460.0,0.0,0.0
SPQ,2920.0,2920.0,0.0,0.0
JML,916.0,916.0,0.0,0.0
JMM,2920.0,2920.0,0.0,0.0
SPD,730.0,730.0,0.0,0.0
ANU,2190.0,2190.0,0.0,0.0
JLY,1460.0,1460.0,0.0,0.0
MUKE,1356.0,1356.0,0.0,0.0
MWE,1460.0,1460.0,0.0,0.0
MWK,2504.0,2504.0,0.0,0.0
BHR,638.0,638.0,0.0,0.0
BHRB,1191.0,1191.0,0.0,0.0
BHSA,3650.0,3650.0,0.0,0.0
BHTH,3176.0,3176.0,0.0,0.0
BHTK,2190.0,2190.0,0.0,0.0
PMPR,1460.0,1460.0,0.0,0.0
PNB,1460.0,1460.0,0.0,0.0
JNKR,4636.0,4636.0,0.0,0.0
JNO,3232.0,3232.0,0.0,0.0
JNRI,1460.0,1460.0,0.0,0.0
KTW,2920.0,2920.0,0.0,0.0
KWAR,1252.0,1252.0,0.0,0.0
KWB,1460.0,1460.0,0.0,0.0
KWC,3650.0,3650.0,0.0,0.0
KWPR,289.0,289.0,0.0,0.0
RRNH,2920.0,2920.0,0.0,0.0
BAF,729.0,729.0,0.0,0.0
BAGD,1460.0,1460.0,0.0,0.0
KVTA,2086.0,2086.0,0.0,0.0
KVV,1040.0,1040.0,0.0,0.0
BMU,1095.0,1095.0,0.0,0.0
SPSR,730.0,730.0,0.0,0.0
SPTR,2816.0,2816.0,0.0,0.0
SPV,2190.0,2190.0,0.0,0.0
JLQ,2555.0,2555.0,0.0,0.0
JLWC,3231.0,3231.0,0.0,0.0
JHW,4380.0,4380.0,0.0,0.0
JIL,2142.0,2142.0,0.0,0.0
JIT,2086.0,2086.0,0.0,0.0
JITE,5000.0,5000.0,0.0,0.0
BSPX,1565.0,1565.0,0.0,0.0
BSQ,1460.0,1460.0,0.0,0.0
JLF,2190.0,2190.0,0.0,0.0
BSNP,502.0,502.0,0.0,0.0
SRDR,2190.0,2190.0,0.0,0.0
SRDW,1460.0,1460.0,0.0,0.0
JJA,2190.0,2190.0,0.0,0.0
JJBR,1460.0,1460.0,0.0,0.0
JJP,5359.0,5359.0,0.0,0.0
JKAR,399.0,399.0,0.0,0.0
JMS,1460.0,1460.0,0.0,0.0
KXY,1040.0,1040.0,0.0,0.0
MVD,2328.0,2328.0,0.0,0.0
MVH,1126.0,1126.0,0.0,0.0
BDVT,6880.0,6880.0,0.0,0.0
MXL,2920.0,2920.0,0.0,0.0
MXM,730.0,730.0,0.0,0.0
MXS,730.0,730.0,0.0,0.0
JFD,730.0,730.0,0.0,0.0
JKDK,1252.0,1252.0,0.0,0.0
SRJK,1460.0,1460.0,0.0,0.0
SRJR,212.0,212.0,0.0,0.0
SRKN,2190.0,2190.0,0.0,0.0
SRKR,730.0,730.0,0.0,0.0
SRNM,2190.0,2190.0,0.0,0.0
JHH,730.0,730.0,0.0,0.0
JHJ,3029.0,3029.0,0.0,0.0
RQP,730.0,730.0,0.0,0.0
KWW,1460.0,1460.0,0.0,0.0
BIRL,1460.0,1460.0,0.0,0.0
MOAR,730.0,730.0,0.0,0.0
MOHR,1878.0,1878.0,0.0,0.0
MQ,3336.0,3336.0,0.0,0.0
MQA,2142.0,2142.0,0.0,0.0
MQE,730.0,730.0,0.0,0.0
PRV,2190.0,2190.0,0.0,0.0
BSUR,2598.0,2598.0,0.0,0.0
JGZ,2190.0,2190.0,0.0,0.0
JHA,1460.0,1460.0,0.0,0.0
SRPN,2086.0,2086.0,0.0,0.0
SRSI,4684.0,4684.0,0.0,0.0
SRVT,2190.0,2190.0,0.0,0.0
JBGD,2190.0,2190.0,0.0,0.0
JBK,1095.0,1095.0,0.0,0.0
SSC,3650.0,3650.0,0.0,0.0
JAKA,2918.0,2918.0,0.0,0.0
JGE,2451.0,2451.0,0.0,0.0
JCU,2190.0,2190.0,0.0,0.0
JDH,2585.0,2585.0,0.0,0.0
JDL,1460.0,1460.0,0.0,0.0
ANM,730.0,730.0,0.0,0.0
ANP,2920.0,2920.0,0.0,0.0
JBX,1460.0,1460.0,0.0,0.0
BSSL,2399.0,2399.0,0.0,0.0
KYNT,2920.0,2920.0,0.0,0.0
KYO,2190.0,2190.0,0.0,0.0
RPLY,3176.0,3176.0,0.0,0.0
AND,1095.0,1095.0,0.0,0.0
IRP,2816.0,2816.0,0.0,0.0
MZX,1460.0,1460.0,0.0,0.0
NAL,729.0,729.0,0.0,0.0
PLSN,5110.0,5110.0,0.0,0.0
PLV,730.0,730.0,0.0,0.0
PLWR,730.0,730.0,0.0,0.0
PMB,2190.0,2190.0,0.0,0.0
PMH,2555.0,2555.0,0.0,0.0
PMKT,886.0,886.0,0.0,0.0
MYK,2190.0,2190.0,0.0,0.0
ISRI,1252.0,1252.0,0.0,0.0
IJ,2204.0,2204.0,0.0,0.0
BSW,730.0,730.0,0.0,0.0
JAPN,2918.0,2918.0,0.0,0.0
JASH,1252.0,1252.0,0.0,0.0
INP,730.0,730.0,0.0,0.0
BTHN,502.0,502.0,0.0,0.0
IDJ,730.0,730.0,0.0,0.0
IDL,2920.0,2920.0,0.0,0.0
IDR,4946.0,4946.0,0.0,0.0
IGL,1356.0,1356.0,0.0,0.0
ANGR,823.0,823.0,0.0,0.0
STH,3650.0,3650.0,0.0,0.0
ICG,1460.0,1460.0,0.0,0.0
ICGH,1460.0,1460.0,0.0,0.0
BTDR,730.0,730.0,0.0,0.0
SSPD,730.0,730.0,0.0,0.0
SSR,730.0,730.0,0.0,0.0
ANAH,365.0,365.0,0.0,0.0
ANAS,3650.0,3650.0,0.0,0.0
HTD,730.0,730.0,0.0,0.0
BDGP,3647.0,3647.0,0.0,0.0
BDGU,2190.0,2190.0,0.0,0.0
BIV,2190.0,2190.0,0.0,0.0
BIWK,3650.0,3650.0,0.0,0.0
MOX,626.0,626.0,0.0,0.0
KXK,1460.0,1460.0,0.0,0.0
KXP,2816.0,2816.0,0.0,0.0
LATH,1252.0,1252.0,0.0,0.0
LB,730.0,730.0,0.0,0.0
LBI,1460.0,1460.0,0.0,0.0
LBN,2920.0,2920.0,0.0,0.0
ROS,730.0,730.0,0.0,0.0
BTKD,730.0,730.0,0.0,0.0
IKR,1772.0,1772.0,0.0,0.0
INJ,730.0,730.0,0.0,0.0
SUPP,730.0,730.0,0.0,0.0
HRSN,3650.0,3650.0,0.0,0.0
MYO,730.0,730.0,0.0,0.0
MYY,5006.0,5006.0,0.0,0.0
NAU,1356.0,1356.0,0.0,0.0
NAND,730.0,730.0,0.0,0.0
BHLA,1356.0,1356.0,0.0,0.0
PLM,2481.0,2481.0,0.0,0.0
PLNI,3227.0,3227.0,0.0,0.0
HSD,3773.0,3773.0,0.0,0.0
HUFP,1460.0,1460.0,0.0,0.0
STLB,2606.0,2606.0,0.0,0.0
SUAL,730.0,730.0,0.0,0.0
HSWS,2190.0,2190.0,0.0,0.0
BTO,730.0,730.0,0.0,0.0
RPB,1121.0,1121.0,0.0,0.0
RPI,730.0,730.0,0.0,0.0
KYZ,2806.0,2806.0,0.0,0.0
KZK,8031.0,8031.0,0.0,0.0
LGI,390.0,390.0,0.0,0.0
LHBK,2142.0,2142.0,0.0,0.0
LBW,730.0,730.0,0.0,0.0
LCR,1460.0,1460.0,0.0,0.0
LDU,1565.0,1565.0,0.0,0.0
RNT,2920.0,2920.0,0.0,0.0
BTPH,730.0,730.0,0.0,0.0
SUIA,2204.0,2204.0,0.0,0.0
SUL,2596.0,2596.0,0.0,0.0
SULH,2555.0,2555.0,0.0,0.0
SUMR,730.0,730.0,0.0,0.0
HMRR,3540.0,3540.0,0.0,0.0
HMZ,638.0,638.0,0.0,0.0
HNH,1460.0,1460.0,0.0,0.0
HRB,1460.0,1460.0,0.0,0.0
HRGR,1460.0,1460.0,0.0,0.0
HRH,1460.0,1460.0,0.0,0.0
HRLT,626.0,626.0,0.0,0.0
SURR,2190.0,2190.0,0.0,0.0
SUW,730.0,730.0,0.0,0.0
SUZ,730.0,730.0,0.0,0.0
AMNR,1668.0,1668.0,0.0,0.0
AMRA,502.0,502.0,0.0,0.0
HOH,916.0,916.0,0.0,0.0
HOJ,2190.0,2190.0,0.0,0.0
HPH,730.0,730.0,0.0,0.0
SVNR,2190.0,2190.0,0.0,0.0
SVPR,4030.0,4030.0,0.0,0.0
SVUR,1825.0,1825.0,0.0,0.0
SVW,1460.0,1460.0,0.0,0.0
SW,2555.0,2555.0,0.0,0.0
SWAR,2190.0,2190.0,0.0,0.0
HML,1460.0,1460.0,0.0,0.0
HMO,5110.0,5110.0,0.0,0.0
BTSD,3650.0,3650.0,0.0,0.0
BTTN,365.0,365.0,0.0,0.0
HPHI,1479.0,1479.0,0.0,0.0
HPI,3176.0,3176.0,0.0,0.0
HPM,1356.0,1356.0,0.0,0.0
AMW,1460.0,1460.0,0.0,0.0
AMY,1721.0,1721.0,0.0,0.0
SVKS,4239.0,4239.0,0.0,0.0
NBX,1460.0,1460.0,0.0,0.0
BMNL,1460.0,1460.0,0.0,0.0
RNIS,2190.0,2190.0,0.0,0.0
BAMA,2190.0,2190.0,0.0,0.0
LHD,1460.0,1460.0,0.0,0.0
LHL,626.0,626.0,0.0,0.0
LHNR,730.0,730.0,0.0,0.0
LHW,2190.0,2190.0,0.0,0.0
LIL,1428.0,1428.0,0.0,0.0
RMRB,4066.0,4066.0,0.0,0.0
RMX,1428.0,1428.0,0.0,0.0
RMY,1491.0,1491.0,0.0,0.0
NCA,1460.0,1460.0,0.0,0.0
HJLI,2190.0,2190.0,0.0,0.0
HK,1373.0,1373.0,0.0,0.0
HKD,1191.0,1191.0,0.0,0.0
HLAR,4899.0,4899.0,0.0,0.0
HLB,2142.0,2142.0,0.0,0.0
HLDD,730.0,730.0,0.0,0.0
HMG,1773.0,1773.0,0.0,0.0
SWJ,730.0,730.0,0.0,0.0
SWW,730.0,730.0,0.0,0.0
SWX,2555.0,2555.0,0.0,0.0
SXB,2596.0,2596.0,0.0,0.0
HISE,2086.0,2086.0,0.0,0.0
MZQ,1460.0,1460.0,0.0,0.0
MZS,2816.0,2816.0,0.0,0.0
MZU,2190.0,2190.0,0.0,0.0
PKT,2285.0,2285.0,0.0,0.0
PLAE,365.0,365.0,0.0,0.0
NBU,3647.0,3647.0,0.0,0.0
NBUE,2190.0,2190.0,0.0,0.0
BLYC,220.0,220.0,0.0,0.0
BMAE,220.0,220.0,0.0,0.0
BJLP,2204.0,2204.0,0.0,0.0
BJM,730.0,730.0,0.0,0.0
MNCR,730.0,730.0,0.0,0.0
MPLI,2190.0,2190.0,0.0,0.0
PSAE,1721.0,1721.0,0.0,0.0
PSLI,2399.0,2399.0,0.0,0.0
MOPR,1825.0,1825.0,0.0,0.0
SXQ,1460.0,1460.0,0.0,0.0
SXT,2920.0,2920.0,0.0,0.0
AMBG,47.0,47.0,0.0,0.0
AMGA,2398.0,2398.0,0.0,0.0
HER,730.0,730.0,0.0,0.0
HFZ,4046.0,4046.0,0.0,0.0
HGY,638.0,638.0,0.0,0.0
SZN,2598.0,2598.0,0.0,0.0
SZV,1460.0,1460.0,0.0,0.0
TAK,47.0,47.0,0.0,0.0
HBI,1479.0,1479.0,0.0,0.0
HBL,2328.0,2328.0,0.0,0.0
HBN,1460.0,1460.0,0.0,0.0
HBS,2668.0,2668.0,0.0,0.0
HBU,730.0,730.0,0.0,0.0
HEN,2606.0,2606.0,0.0,0.0
SY,9066.0,9066.0,0.0,0.0
SYK,730.0,730.0,0.0,0.0
SYWN,1095.0,1095.0,0.0,0.0
BUBA,425.0,425.0,0.0,0.0
BUBT,1460.0,1460.0,0.0,0.0
RNBD,2166.0,2166.0,0.0,0.0
BLX,1460.0,1460.0,0.0,0.0
MORA,2142.0,2142.0,0.0,0.0
MOTA,1460.0,1460.0,0.0,0.0
BIO,2920.0,2920.0,0.0,0.0
BIQ,2190.0,2190.0,0.0,0.0
BIR,1878.0,1878.0,0.0,0.0
BMC,1460.0,1460.0,0.0,0.0
LLST,626.0,626.0,0.0,0.0
LLTG,730.0,730.0,0.0,0.0
LMA,730.0,730.0,0.0,0.0
RLP,2172.0,2172.0,0.0,0.0
RM,2504.0,2504.0,0.0,0.0
RMGJ,730.0,730.0,0.0,0.0
HAPR,526.0,526.0,0.0,0.0
HBB,730.0,730.0,0.0,0.0
BUDA,1356.0,1356.0,0.0,0.0
BUGY,2190.0,2190.0,0.0,0.0
BHNG,522.0,522.0,0.0,0.0
NDON,2190.0,2190.0,0.0,0.0
NDPR,1460.0,1460.0,0.0,0.0
NDT,104.0,104.0,0.0,0.0
NEC,2920.0,2920.0,0.0,0.0
PJH,2920.0,2920.0,0.0,0.0
PKGM,1044.0,1044.0,0.0,0.0
PKNA,1460.0,1460.0,0.0,0.0
GVMR,730.0,730.0,0.0,0.0
HBW,1460.0,1460.0,0.0,0.0
HC,2920.0,2920.0,0.0,0.0
TAM,1148.0,1148.0,0.0,0.0
TASA,1356.0,1356.0,0.0,0.0
TBDM,1356.0,1356.0,0.0,0.0
TBH,2190.0,2190.0,0.0,0.0
TBL,1356.0,1356.0,0.0,0.0
GS,2142.0,2142.0,0.0,0.0
GSA,2920.0,2920.0,0.0,0.0
TCH,625.0,625.0,0.0,0.0
TCT,655.0,655.0,0.0,0.0
GTST,2444.0,2444.0,0.0,0.0
BUTN,1252.0,1252.0,0.0,0.0
GXG,1825.0,1825.0,0.0,0.0
GZL,2555.0,2555.0,0.0,0.0
GZO,3857.0,3857.0,0.0,0.0
ALNI,5110.0,5110.0,0.0,0.0
ALNP,2555.0,2555.0,0.0,0.0
ALP,2190.0,2190.0,0.0,0.0
PUO,1460.0,1460.0,0.0,0.0
ALUH,502.0,502.0,0.0,0.0
NCN,2606.0,2606.0,0.0,0.0
BHMW,1878.0,1878.0,0.0,0.0
GRU,730.0,730.0,0.0,0.0
BMGN,2398.0,2398.0,0.0,0.0
LKQ,1460.0,1460.0,0.0,0.0
LKX,991.0,991.0,0.0,0.0
LKY,2328.0,2328.0,0.0,0.0
LLD,1772.0,1772.0,0.0,0.0
LPK,626.0,626.0,0.0,0.0
LMU,2190.0,2190.0,0.0,0.0
LMY,2086.0,2086.0,0.0,0.0
LNBI,526.0,526.0,0.0,0.0
LNO,2920.0,2920.0,0.0,0.0
LNP,730.0,730.0,0.0,0.0
RLK,1460.0,1460.0,0.0,0.0
LLH,858.0,858.0,0.0,0.0
LLI,3650.0,3650.0,0.0,0.0
GRZ,1825.0,1825.0,0.0,0.0
NIDI,1980.0,1980.0,0.0,0.0
NIIJ,6250.0,6250.0,0.0,0.0
NGTN,2710.0,2710.0,0.0,0.0
NGW,2920.0,2920.0,0.0,0.0
NGLT,2190.0,2190.0,0.0,0.0
BHG,2190.0,2190.0,0.0,0.0
BHHT,1460.0,1460.0,0.0,0.0
PHWR,2815.0,2815.0,0.0,0.0
NEUA,2920.0,2920.0,0.0,0.0
GRCP,1460.0,1460.0,0.0,0.0
BVB,730.0,730.0,0.0,0.0
GSPU,425.0,425.0,0.0,0.0
GSX,2187.0,2187.0,0.0,0.0
GTHT,1460.0,1460.0,0.0,0.0
GTK,2190.0,2190.0,0.0,0.0
TENI,1042.0,1042.0,0.0,0.0
THMR,730.0,730.0,0.0,0.0
THN,2190.0,2190.0,0.0,0.0
GPAE,2086.0,2086.0,0.0,0.0
GPSA,1460.0,1460.0,0.0,0.0
GPZ,2920.0,2920.0,0.0,0.0
BVU,2712.0,2712.0,0.0,0.0
GRF,2920.0,2920.0,0.0,0.0
ABGT,730.0,730.0,0.0,0.0
GRNA,2920.0,2920.0,0.0,0.0
TGCH,289.0,289.0,0.0,0.0
TGE,730.0,730.0,0.0,0.0
TGL,2190.0,2190.0,0.0,0.0
TGQ,2920.0,2920.0,0.0,0.0
NDGJ,730.0,730.0,0.0,0.0
NDKR,2710.0,2710.0,0.0,0.0
NID,2920.0,2920.0,0.0,0.0
ODC,3223.0,3223.0,0.0,0.0
GQL,2920.0,2920.0,0.0,0.0
GRAE,220.0,220.0,0.0,0.0
THUR,2190.0,2190.0,0.0,0.0
THX,730.0,730.0,0.0,0.0
YVP,5840.0,5840.0,0.0,0.0
ALAI,730.0,730.0,0.0,0.0
ALAU,2142.0,2142.0,0.0,0.0
ALGP,730.0,730.0,0.0,0.0
ALJ,3650.0,3650.0,0.0,0.0
GOE,2920.0,2920.0,0.0,0.0
GOM,3024.0,3024.0,0.0,0.0
GOP,706.0,706.0,0.0,0.0
BVO,2920.0,2920.0,0.0,0.0
THDR,4380.0,4380.0,0.0,0.0
THEA,1460.0,1460.0,0.0,0.0
LLJP,1460.0,1460.0,0.0,0.0
LLKN,365.0,365.0,0.0,0.0
LSGS,2606.0,2606.0,0.0,0.0
LTKR,1252.0,1252.0,0.0,0.0
LTR,1460.0,1460.0,0.0,0.0
LRB,730.0,730.0,0.0,0.0
LRU,2920.0,2920.0,0.0,0.0
BLR,2328.0,2328.0,0.0,0.0
BLRE,2190.0,2190.0,0.0,0.0
RKR,2190.0,2190.0,0.0,0.0
LNR,2190.0,2190.0,0.0,0.0
LO,2142.0,2142.0,0.0,0.0
LOL,1460.0,1460.0,0.0,0.0
LPJ,1645.0,1645.0,0.0,0.0
ZNP,2598.0,2598.0,0.0,0.0
GNW,1772.0,1772.0,0.0,0.0
GMTO,730.0,730.0,0.0,0.0
GMU,730.0,730.0,0.0,0.0
GNBA,365.0,365.0,0.0,0.0
GOS,1373.0,1373.0,0.0,0.0
GOT,1460.0,1460.0,0.0,0.0
GOZ,2190.0,2190.0,0.0,0.0
TIBI,4380.0,4380.0,0.0,0.0
TID,2142.0,2142.0,0.0,0.0
YGA,730.0,730.0,0.0,0.0
TII,626.0,626.0,0.0,0.0
TIK,1825.0,1825.0,0.0,0.0
GNV,1460.0,1460.0,0.0,0.0
NIQ,1460.0,1460.0,0.0,0.0
NIV,730.0,730.0,0.0,0.0
BEE,1460.0,1460.0,0.0,0.0
PGZ,1721.0,1721.0,0.0,0.0
MAKH,730.0,730.0,0.0,0.0
MAKM,4328.0,4328.0,0.0,0.0
RJO,2555.0,2555.0,0.0,0.0
RJPM,4239.0,4239.0,0.0,0.0
RJS,2190.0,2190.0,0.0,0.0
LUA,2920.0,2920.0,0.0,0.0
LWS,1460.0,1460.0,0.0,0.0
LXMP,289.0,289.0,0.0,0.0
MAAR,729.0,729.0,0.0,0.0
MANW,2204.0,2204.0,0.0,0.0
MARD,1668.0,1668.0,0.0,0.0
BW,1373.0,1373.0,0.0,0.0
YLBA,526.0,526.0,0.0,0.0
TJM,1095.0,1095.0,0.0,0.0
TKE,6880.0,6880.0,0.0,0.0
TKHA,1460.0,1460.0,0.0,0.0
BDYK,678.0,678.0,0.0,0.0
NKH,1460.0,1460.0,0.0,0.0
NKK,625.0,625.0,0.0,0.0
NKLE,2190.0,2190.0,0.0,0.0
GKX,2555.0,2555.0,0.0,0.0
GNGT,1460.0,1460.0,0.0,0.0
GNJ,2190.0,2190.0,0.0,0.0
GMGM,1460.0,1460.0,0.0,0.0
TKPH,47.0,47.0,0.0,0.0
TKRA,2606.0,2606.0,0.0,0.0
TKRU,1460.0,1460.0,0.0,0.0
BWP,730.0,730.0,0.0,0.0
BWS,1460.0,1460.0,0.0,0.0
GNO,1460.0,1460.0,0.0,0.0
BVV,730.0,730.0,0.0,0.0
MAHE,10325.0,10325.0,0.0,0.0
GIG,730.0,730.0,0.0,0.0
AKOT,2187.0,2187.0,0.0,0.0
TLGI,1356.0,1356.0,0.0,0.0
TLI,3650.0,3650.0,0.0,0.0
BXY,3232.0,3232.0,0.0,0.0
GGY,1428.0,1428.0,0.0,0.0
GHAI,730.0,730.0,0.0,0.0
TKT,2816.0,2816.0,0.0,0.0
AKLA,2918.0,2918.0,0.0,0.0
GKB,2190.0,2190.0,0.0,0.0
GKG,2222.0,2222.0,0.0,0.0
NHR,5215.0,5215.0,0.0,0.0
BHAL,5840.0,5840.0,0.0,0.0
BHAS,730.0,730.0,0.0,0.0
BHAU,1250.0,1250.0,0.0,0.0
BDWL,2190.0,2190.0,0.0,0.0
PERN,2712.0,2712.0,0.0,0.0
GDQ,1126.0,1126.0,0.0,0.0
GDD,1428.0,1428.0,0.0,0.0
TLNR,1460.0,1460.0,0.0,0.0
TLPH,47.0,47.0,0.0,0.0
TLS,1252.0,1252.0,0.0,0.0
TLSI,289.0,289.0,0.0,0.0
TLU,2190.0,2190.0,0.0,0.0
TLWA,5723.0,5723.0,0.0,0.0
TLY,16170.0,16170.0,0.0,0.0
TLZ,2190.0,2190.0,0.0,0.0
GGO,730.0,730.0,0.0,0.0
BXG,1851.0,1851.0,0.0,0.0
GIO,2190.0,2190.0,0.0,0.0
GJN,729.0,729.0,0.0,0.0
GHX,1825.0,1825.0,0.0,0.0
GG,3582.0,3582.0,0.0,0.0
GGH,3858.0,3858.0,0.0,0.0
TMA,3650.0,3650.0,0.0,0.0
TMHA,502.0,502.0,0.0,0.0
TMP,730.0,730.0,0.0,0.0
TMPY,2190.0,2190.0,0.0,0.0
GDI,2190.0,2190.0,0.0,0.0
NKRA,729.0,729.0,0.0,0.0
NKU,2920.0,2920.0,0.0,0.0
BHBV,730.0,730.0,0.0,0.0
NLNR,730.0,730.0,0.0,0.0
NLP,3647.0,3647.0,0.0,0.0
YLG,4699.0,4699.0,0.0,0.0
NMA,3899.0,3899.0,0.0,0.0
NMD,3650.0,3650.0,0.0,0.0
NMF,365.0,365.0,0.0,0.0
MALA,2555.0,2555.0,0.0,0.0
BLNK,730.0,730.0,0.0,0.0
BLO,2190.0,2190.0,0.0,0.0
BLPA,125.0,125.0,0.0,0.0
BBC,1428.0,1428.0,0.0,0.0
RHMP,289.0,289.0,0.0,0.0
RIS,638.0,638.0,0.0,0.0
MACI,425.0,425.0,0.0,0.0
BJA,1460.0,1460.0,0.0,0.0
ORKI,1825.0,1825.0,0.0,0.0
BJG,2920.0,2920.0,0.0,0.0
MNL,2011.0,2011.0,0.0,0.0
MNLI,1668.0,1668.0,0.0,0.0
MNMA,2920.0,2920.0,0.0,0.0
PSZ,3650.0,3650.0,0.0,0.0
GED,4169.0,4169.0,0.0,0.0
GATL,1458.0,1458.0,0.0,0.0
TNK,1773.0,1773.0,0.0,0.0
TNL,5838.0,5838.0,0.0,0.0
TNNH,2920.0,2920.0,0.0,0.0
TNUE,1460.0,1460.0,0.0,0.0
OSRA,2920.0,2920.0,0.0,0.0
GADH,730.0,730.0,0.0,0.0
BYD,4699.0,4699.0,0.0,0.0
BYE,1460.0,1460.0,0.0,0.0
BYP,4636.0,4636.0,0.0,0.0
TNDE,2190.0,2190.0,0.0,0.0
TNGN,626.0,626.0,0.0,0.0
TNGR,1460.0,1460.0,0.0,0.0
TNI,1095.0,1095.0,0.0,0.0
GBP,1460.0,1460.0,0.0,0.0
GBPM,1460.0,1460.0,0.0,0.0
TPG,730.0,730.0,0.0,0.0
TPM,1356.0,1356.0,0.0,0.0
TPND,6250.0,6250.0,0.0,0.0
FSP,4380.0,4380.0,0.0,0.0
BGWD,1136.0,1136.0,0.0,0.0
BGY,1971.0,1971.0,0.0,0.0
NOH,2598.0,2598.0,0.0,0.0
NOLB,938.0,938.0,0.0,0.0
PDS,1825.0,1825.0,0.0,0.0
PDZ,3650.0,3650.0,0.0,0.0
PEA,2806.0,2806.0,0.0,0.0
PED,1460.0,1460.0,0.0,0.0
NMN,1355.0,1355.0,0.0,0.0
FTS,3330.0,3330.0,0.0,0.0
GAQ,2190.0,2190.0,0.0,0.0
GARA,2190.0,2190.0,0.0,0.0
CKOD,1460.0,1460.0,0.0,0.0
PTD,5840.0,5840.0,0.0,0.0
PTLD,2920.0,2920.0,0.0,0.0
BJL,730.0,730.0,0.0,0.0
MADM,1460.0,1460.0,0.0,0.0
MADR,730.0,730.0,0.0,0.0
MADU,730.0,730.0,0.0,0.0
MBP,3247.0,3247.0,0.0,0.0
MAUL,365.0,365.0,0.0,0.0
MAX,1668.0,1668.0,0.0,0.0
MAYP,47.0,47.0,0.0,0.0
RGX,2606.0,2606.0,0.0,0.0
BZGT,1044.0,1044.0,0.0,0.0
BZL,220.0,220.0,0.0,0.0
TOY,1040.0,1040.0,0.0,0.0
TPB,730.0,730.0,0.0,0.0
ETAH,1460.0,1460.0,0.0,0.0
ETK,2451.0,2451.0,0.0,0.0
ETP,2920.0,2920.0,0.0,0.0
ETR,2816.0,2816.0,0.0,0.0
EVA,2816.0,2816.0,0.0,0.0
EZP,2190.0,2190.0,0.0,0.0
FYZ,730.0,730.0,0.0,0.0
CAO,3858.0,3858.0,0.0,0.0
FLCK,425.0,425.0,0.0,0.0
TPP,1460.0,1460.0,0.0,0.0
TPSA,425.0,425.0,0.0,0.0
TPTN,2920.0,2920.0,0.0,0.0
TQM,2816.0,2816.0,0.0,0.0
TQR,3650.0,3650.0,0.0,0.0
BZY,2920.0,2920.0,0.0,0.0
PTAE,1356.0,1356.0,0.0,0.0
NNGE,730.0,730.0,0.0,0.0
BHBR,730.0,730.0,0.0,0.0
NOSM,730.0,730.0,0.0,0.0
NPK,730.0,730.0,0.0,0.0
NPL,1856.0,1856.0,0.0,0.0
NPMR,730.0,730.0,0.0,0.0
BENL,916.0,916.0,0.0,0.0
PDGM,730.0,730.0,0.0,0.0
PDKM,2190.0,2190.0,0.0,0.0
NNW,4693.0,4693.0,0.0,0.0
ELL,1044.0,1044.0,0.0,0.0
ENB,5215.0,5215.0,0.0,0.0
CAJ,1460.0,1460.0,0.0,0.0
TRBE,730.0,730.0,0.0,0.0
AJP,4380.0,4380.0,0.0,0.0
AJRE,1460.0,1460.0,0.0,0.0
KOLI,1460.0,1460.0,0.0,0.0
RHBH,1252.0,1252.0,0.0,0.0
BBAE,638.0,638.0,0.0,0.0
MANK,1356.0,1356.0,0.0,0.0
MCRD,730.0,730.0,0.0,0.0
MDDP,2920.0,2920.0,0.0,0.0
RGA,2606.0,2606.0,0.0,0.0
RGI,2920.0,2920.0,0.0,0.0
RGJI,2398.0,2398.0,0.0,0.0
RGM,2920.0,2920.0,0.0,0.0
RGNH,2920.0,2920.0,0.0,0.0
MBF,1428.0,1428.0,0.0,0.0
TRP,5840.0,5840.0,0.0,0.0
KPTM,2712.0,2712.0,0.0,0.0
TRVZ,2190.0,2190.0,0.0,0.0
KQD,1095.0,1095.0,0.0,0.0
TUA,4276.0,4276.0,0.0,0.0
TUJ,730.0,730.0,0.0,0.0
DWL,730.0,730.0,0.0,0.0
DWV,730.0,730.0,0.0,0.0
DXD,2190.0,2190.0,0.0,0.0
DXK,2190.0,2190.0,0.0,0.0
DY,2190.0,2190.0,0.0,0.0
TVG,1460.0,1460.0,0.0,0.0
TVL,2011.0,2011.0,0.0,0.0
TSD,5215.0,5215.0,0.0,0.0
TTL,3214.0,3214.0,0.0,0.0
TTLA,730.0,730.0,0.0,0.0
TTP,3430.0,3430.0,0.0,0.0
DYK,2555.0,2555.0,0.0,0.0
DZKT,626.0,626.0,0.0,0.0
EDD,1460.0,1460.0,0.0,0.0
REMA,1252.0,1252.0,0.0,0.0
RENH,1460.0,1460.0,0.0,0.0
RES,730.0,730.0,0.0,0.0
MDKM,730.0,730.0,0.0,0.0
MDL,1877.0,1877.0,0.0,0.0
MDPA,730.0,730.0,0.0,0.0
MMI,1479.0,1479.0,0.0,0.0
MMP,1095.0,1095.0,0.0,0.0
MNDK,399.0,399.0,0.0,0.0
MNDP,938.0,938.0,0.0,0.0
MNJ,730.0,730.0,0.0,0.0
PTLI,2190.0,2190.0,0.0,0.0
DUS,2190.0,2190.0,0.0,0.0
DUTR,1252.0,1252.0,0.0,0.0
EDN,730.0,730.0,0.0,0.0
EDP,730.0,730.0,0.0,0.0
DUMR,2190.0,2190.0,0.0,0.0
DUR,2190.0,2190.0,0.0,0.0
TVNL,1460.0,1460.0,0.0,0.0
TVS,2190.0,2190.0,0.0,0.0
TXM,4377.0,4377.0,0.0,0.0
DUU,2920.0,2920.0,0.0,0.0
DWA,1460.0,1460.0,0.0,0.0
NNWH,1250.0,1250.0,0.0,0.0
NOA,2190.0,2190.0,0.0,0.0
PD,2555.0,2555.0,0.0,0.0
BEHI,1356.0,1356.0,0.0,0.0
BEK,1460.0,1460.0,0.0,0.0
DWJ,730.0,730.0,0.0,0.0
MBO,730.0,730.0,0.0,0.0
MDWI,626.0,626.0,0.0,0.0
RDV,1460.0,1460.0,0.0,0.0
DTAP,2190.0,2190.0,0.0,0.0
DTE,365.0,365.0,0.0,0.0
DTF,1356.0,1356.0,0.0,0.0
UA,2585.0,2585.0,0.0,0.0
UBN,1460.0,1460.0,0.0,0.0
UDKN,2555.0,2555.0,0.0,0.0
UDS,2190.0,2190.0,0.0,0.0
UDT,3227.0,3227.0,0.0,0.0
CATA,1460.0,1460.0,0.0,0.0
CBDH,1236.0,1236.0,0.0,0.0
TYM,2815.0,2815.0,0.0,0.0
TYT,2806.0,2806.0,0.0,0.0
TZH,2086.0,2086.0,0.0,0.0
DTRD,729.0,729.0,0.0,0.0
DTVL,6250.0,6250.0,0.0,0.0
DUM,2190.0,2190.0,0.0,0.0
MMVR,730.0,730.0,0.0,0.0
BIYA,626.0,626.0,0.0,0.0
BIZ,2920.0,2920.0,0.0,0.0
BLKR,2190.0,2190.0,0.0,0.0
BLLI,1460.0,1460.0,0.0,0.0
MFC,730.0,730.0,0.0,0.0
MFR,2190.0,2190.0,0.0,0.0
MGD,1460.0,1460.0,0.0,0.0
BBRI,289.0,289.0,0.0,0.0
RDT,5110.0,5110.0,0.0,0.0
MEE,4636.0,4636.0,0.0,0.0
DRR,1126.0,1126.0,0.0,0.0
DSPT,1460.0,1460.0,0.0,0.0
DSVS,1356.0,1356.0,0.0,0.0
DSX,626.0,626.0,0.0,0.0
DTAE,1721.0,1721.0,0.0,0.0
UIH,1460.0,1460.0,0.0,0.0
UKC,730.0,730.0,0.0,0.0
UKD,2920.0,2920.0,0.0,0.0
UKE,730.0,730.0,0.0,0.0
AGR,2920.0,2920.0,0.0,0.0
AGT,2920.0,2920.0,0.0,0.0
AGX,1040.0,1040.0,0.0,0.0
UGP,1460.0,1460.0,0.0,0.0
UGR,4056.0,4056.0,0.0,0.0
UGWE,2187.0,2187.0,0.0,0.0
DSL,730.0,730.0,0.0,0.0
DSPN,2606.0,2606.0,0.0,0.0
PTLR,3285.0,3285.0,0.0,0.0
PTPR,2598.0,2598.0,0.0,0.0
BCPR,3650.0,3650.0,0.0,0.0
BCRD,1772.0,1772.0,0.0,0.0
MEKM,625.0,625.0,0.0,0.0
MELH,2190.0,2190.0,0.0,0.0
MEQ,1460.0,1460.0,0.0,0.0
MGPI,621.0,621.0,0.0,0.0
MGV,730.0,730.0,0.0,0.0
BBLK,1460.0,1460.0,0.0,0.0
MGI,2920.0,2920.0,0.0,0.0
BKT,2204.0,2204.0,0.0,0.0
BKTL,1460.0,1460.0,0.0,0.0
AGY,1460.0,1460.0,0.0,0.0
UKV,1460.0,1460.0,0.0,0.0
ULU,2190.0,2190.0,0.0,0.0
UMG,2190.0,2190.0,0.0,0.0
CBY,5840.0,5840.0,0.0,0.0
DPUR,1460.0,1460.0,0.0,0.0
DQL,1460.0,1460.0,0.0,0.0
PCH,3326.0,3326.0,0.0,0.0
PCLI,1772.0,1772.0,0.0,0.0
PCN,3650.0,3650.0,0.0,0.0
PCV,2920.0,2920.0,0.0,0.0
NRNR,1460.0,1460.0,0.0,0.0
NRS,1460.0,1460.0,0.0,0.0
NRSD,2190.0,2190.0,0.0,0.0
DNE,1460.0,1460.0,0.0,0.0
DNGD,1460.0,1460.0,0.0,0.0
DNHK,2190.0,2190.0,0.0,0.0
DPLN,2920.0,2920.0,0.0,0.0
DPRA,2398.0,2398.0,0.0,0.0
DPT,2190.0,2190.0,0.0,0.0
DOK,3582.0,3582.0,0.0,0.0
DOLK,1460.0,1460.0,0.0,0.0
DOT,2598.0,2598.0,0.0,0.0
BKWA,1825.0,1825.0,0.0,0.0
BLC,1460.0,1460.0,0.0,0.0
MHKT,626.0,626.0,0.0,0.0
MHP,3650.0,3650.0,0.0,0.0
RBHR,1252.0,1252.0,0.0,0.0
AWG,730.0,730.0,0.0,0.0
RCJ,730.0,730.0,0.0,0.0
MGL,2328.0,2328.0,0.0,0.0
UMS,730.0,730.0,0.0,0.0
UNI,1460.0,1460.0,0.0,0.0
UPA,638.0,638.0,0.0,0.0
BGRA,1356.0,1356.0,0.0,0.0
NSBG,626.0,626.0,0.0,0.0
BGF,365.0,365.0,0.0,0.0
BGLI,626.0,626.0,0.0,0.0
PCDR,730.0,730.0,0.0,0.0
CDSL,1460.0,1460.0,0.0,0.0
CDV,2142.0,2142.0,0.0,0.0
AGM,1095.0,1095.0,0.0,0.0
VAJ,730.0,730.0,0.0,0.0
DNJ,730.0,730.0,0.0,0.0
DMD,1356.0,1356.0,0.0,0.0
DMGN,1564.0,1564.0,0.0,0.0
DML,1460.0,1460.0,0.0,0.0
DMLE,1721.0,1721.0,0.0,0.0
UPW,2920.0,2920.0,0.0,0.0
URML,1460.0,1460.0,0.0,0.0
CEU,2916.0,2916.0,0.0,0.0
DLP,730.0,730.0,0.0,0.0
DLPC,2190.0,2190.0,0.0,0.0
DLPR,730.0,730.0,0.0,0.0
CDAE,220.0,220.0,0.0,0.0
OKL,730.0,730.0,0.0,0.0
VAY,2190.0,2190.0,0.0,0.0
VBH,1485.0,1485.0,0.0,0.0
VBN,1460.0,1460.0,0.0,0.0
OML,2190.0,2190.0,0.0,0.0
DKJR,3650.0,3650.0,0.0,0.0
DKM,626.0,626.0,0.0,0.0
DKO,2972.0,2972.0,0.0,0.0
DKRA,2920.0,2920.0,0.0,0.0
DIVA,8595.0,8595.0,0.0,0.0
USLP,1042.0,1042.0,0.0,0.0
AGAE,1356.0,1356.0,0.0,0.0
AGAS,5840.0,5840.0,0.0,0.0
AGD,730.0,730.0,0.0,0.0
DLC,1460.0,1460.0,0.0,0.0
CDMA,1460.0,1460.0,0.0,0.0
RAMP,2190.0,2190.0,0.0,0.0
MHRI,1982.0,1982.0,0.0,0.0
MHRL,1460.0,1460.0,0.0,0.0
MHT,2444.0,2444.0,0.0,0.0
MLK,1460.0,1460.0,0.0,0.0
BJI,1460.0,1460.0,0.0,0.0
PAB,2920.0,2920.0,0.0,0.0
BJK,1460.0,1460.0,0.0,0.0
BDBR,289.0,289.0,0.0,0.0
PTZ,2187.0,2187.0,0.0,0.0
VDI,3650.0,3650.0,0.0,0.0
VDKS,3650.0,3650.0,0.0,0.0
VDY,1040.0,1040.0,0.0,0.0
VEI,729.0,729.0,0.0,0.0
CGX,1121.0,1121.0,0.0,0.0
DIBL,2142.0,2142.0,0.0,0.0
PBC,625.0,625.0,0.0,0.0
PBJM,1825.0,1825.0,0.0,0.0
PBKS,3214.0,3214.0,0.0,0.0
PAI,730.0,730.0,0.0,0.0
PBR,6315.0,6315.0,0.0,0.0
BGMR,2190.0,2190.0,0.0,0.0
BGND,2294.0,2294.0,0.0,0.0
NSRH,2920.0,2920.0,0.0,0.0
NTN,5840.0,5840.0,0.0,0.0
CGHD,3647.0,3647.0,0.0,0.0
CGON,2398.0,2398.0,0.0,0.0
DJHR,730.0,730.0,0.0,0.0
DJI,2481.0,2481.0,0.0,0.0
DJL,1252.0,1252.0,0.0,0.0
RAHA,2190.0,2190.0,0.0,0.0
RAMA,730.0,730.0,0.0,0.0
DHP,2920.0,2920.0,0.0,0.0
DIPA,730.0,730.0,0.0,0.0
DIU,730.0,730.0,0.0,0.0
VEL,2815.0,2815.0,0.0,0.0
VELI,1721.0,1721.0,0.0,0.0
VEN,730.0,730.0,0.0,0.0
VER,1460.0,1460.0,0.0,0.0
VGE,2920.0,2920.0,0.0,0.0
VID,2220.0,2220.0,0.0,0.0
VINH,1460.0,1460.0,0.0,0.0
DHR,2190.0,2190.0,0.0,0.0
NRWI,2190.0,2190.0,0.0,0.0
NRWN,626.0,626.0,0.0,0.0
NVK,1040.0,1040.0,0.0,0.0
NVL,2190.0,2190.0,0.0,0.0
NVLN,1460.0,1460.0,0.0,0.0
VKM,1095.0,1095.0,0.0,0.0
VKR,2920.0,2920.0,0.0,0.0
VLDE,2190.0,2190.0,0.0,0.0
PAKI,289.0,289.0,0.0,0.0
CHB,626.0,626.0,0.0,0.0
CHBR,730.0,730.0,0.0,0.0
VLL,1356.0,1356.0,0.0,0.0
CGV,3077.0,3077.0,0.0,0.0
VJR,2596.0,2596.0,0.0,0.0
VKDH,2036.0,2036.0,0.0,0.0
ADPT,1042.0,1042.0,0.0,0.0
ADVI,2220.0,2220.0,0.0,0.0
ADX,3858.0,3858.0,0.0,0.0
AED,2190.0,2190.0,0.0,0.0
DGX,730.0,730.0,0.0,0.0
DHAE,1356.0,1356.0,0.0,0.0
PUC,2190.0,2190.0,0.0,0.0
PUD,1460.0,1460.0,0.0,0.0
PUE,1460.0,1460.0,0.0,0.0
PUF,2598.0,2598.0,0.0,0.0
PUG,730.0,730.0,0.0,0.0
MMDA,730.0,730.0,0.0,0.0
MMDL,2920.0,2920.0,0.0,0.0
MHAD,2191.0,2191.0,0.0,0.0
MKDN,1772.0,1772.0,0.0,0.0
BKJ,3755.0,3755.0,0.0,0.0
QTP,1825.0,1825.0,0.0,0.0
BCD,1714.0,1714.0,0.0,0.0
DET,1460.0,1460.0,0.0,0.0
DEV,730.0,730.0,0.0,0.0
DGHL,1982.0,1982.0,0.0,0.0
AEJ,2142.0,2142.0,0.0,0.0
NWSI,1252.0,1252.0,0.0,0.0
PAQ,1460.0,1460.0,0.0,0.0
PARH,1460.0,1460.0,0.0,0.0
PATR,1460.0,1460.0,0.0,0.0
NTZ,1460.0,1460.0,0.0,0.0
NUGN,730.0,730.0,0.0,0.0
NUIH,1460.0,1460.0,0.0,0.0
DCP,1714.0,1714.0,0.0,0.0
DCX,2190.0,2190.0,0.0,0.0
VLU,2190.0,2190.0,0.0,0.0
VLYN,5840.0,5840.0,0.0,0.0
VMM,655.0,655.0,0.0,0.0
VMP,2920.0,2920.0,0.0,0.0
DELO,730.0,730.0,0.0,0.0
DEO,2555.0,2555.0,0.0,0.0
DEPI,3176.0,3176.0,0.0,0.0
CHPD,2399.0,2399.0,0.0,0.0
DBLI,3650.0,3650.0,0.0,0.0
DBNR,2920.0,2920.0,0.0,0.0
DBP,365.0,365.0,0.0,0.0
DDK,2555.0,2555.0,0.0,0.0
DDNI,2398.0,2398.0,0.0,0.0
DDV,5110.0,5110.0,0.0,0.0
DDWA,626.0,626.0,0.0,0.0
VNE,3647.0,3647.0,0.0,0.0
VNJ,1356.0,1356.0,0.0,0.0
VPH,1460.0,1460.0,0.0,0.0
DBW,1460.0,1460.0,0.0,0.0
DBZ,730.0,730.0,0.0,0.0
DC,2320.0,2320.0,0.0,0.0
NTW,5107.0,5107.0,0.0,0.0
NRY,2920.0,2920.0,0.0,0.0
BKS,730.0,730.0,0.0,0.0
MIQ,2190.0,2190.0,0.0,0.0
MIW,2598.0,2598.0,0.0,0.0
MJBT,4380.0,4380.0,0.0,0.0
MJE,730.0,730.0,0.0,0.0
MKR,2190.0,2190.0,0.0,0.0
BJPD,730.0,730.0,0.0,0.0
BJRA,1356.0,1356.0,0.0,0.0
PY,1356.0,1356.0,0.0,0.0
PYK,655.0,655.0,0.0,0.0
PYOL,5006.0,5006.0,0.0,0.0
QGT,730.0,730.0,0.0,0.0
CWI,1460.0,1460.0,0.0,0.0
DDCL,365.0,365.0,0.0,0.0
VRLI,730.0,730.0,0.0,0.0
VRPD,2190.0,2190.0,0.0,0.0
DAG,3650.0,3650.0,0.0,0.0
VSHI,1750.0,1750.0,0.0,0.0
VSPR,365.0,365.0,0.0,0.0
VSR,730.0,730.0,0.0,0.0
VTP,3582.0,3582.0,0.0,0.0
CTTP,730.0,730.0,0.0,0.0
NZH,2190.0,2190.0,0.0,0.0
CV,2320.0,2320.0,0.0,0.0
CHK,1460.0,1460.0,0.0,0.0
CHMG,730.0,730.0,0.0,0.0
VRT,2190.0,2190.0,0.0,0.0
ACN,2190.0,2190.0,0.0,0.0
ACPR,2086.0,2086.0,0.0,0.0
ACRN,730.0,730.0,0.0,0.0
BCGM,365.0,365.0,0.0,0.0
BCHT,365.0,365.0,0.0,0.0
PVN,730.0,730.0,0.0,0.0
ZPR,2190.0,2190.0,0.0,0.0
BJT,3650.0,3650.0,0.0,0.0
BJV,3650.0,3650.0,0.0,0.0
MKSP,2190.0,2190.0,0.0,0.0
MKTL,399.0,399.0,0.0,0.0
MKX,6570.0,6570.0,0.0,0.0
MLC,1460.0,1460.0,0.0,0.0
MKPR,4993.0,4993.0,0.0,0.0
BFJ,2504.0,2504.0,0.0,0.0
NYG,730.0,730.0,0.0,0.0
BFPA,2598.0,2598.0,0.0,0.0
BFV,2555.0,2555.0,0.0,0.0
CHPT,730.0,730.0,0.0,0.0
CHRG,1281.0,1281.0,0.0,0.0
CXA,1460.0,1460.0,0.0,0.0
CPQ,2920.0,2920.0,0.0,0.0
CQA,4548.0,4548.0,0.0,0.0
CTND,2085.0,2085.0,0.0,0.0
CTPE,2190.0,2190.0,0.0,0.0
VVD,1460.0,1460.0,0.0,0.0
VVG,2190.0,2190.0,0.0,0.0
VVR,2806.0,2806.0,0.0,0.0
VYS,1356.0,1356.0,0.0,0.0
NVF,730.0,730.0,0.0,0.0
NVG,3232.0,3232.0,0.0,0.0
BEQ,858.0,858.0,0.0,0.0
BEY,2190.0,2190.0,0.0,0.0
BKKA,2190.0,2190.0,0.0,0.0
MLP,3439.0,3439.0,0.0,0.0
PUX,3232.0,3232.0,0.0,0.0
PUY,1460.0,1460.0,0.0,0.0
CID,2190.0,2190.0,0.0,0.0
CII,730.0,730.0,0.0,0.0
CIKR,730.0,730.0,0.0,0.0
CIO,1460.0,1460.0,0.0,0.0
WGI,1460.0,1460.0,0.0,0.0
WH,2816.0,2816.0,0.0,0.0
CNO,3838.0,3838.0,0.0,0.0
CNX,3650.0,3650.0,0.0,0.0
CHRU,730.0,730.0,0.0,0.0
CRG,2190.0,2190.0,0.0,0.0
CRKR,1460.0,1460.0,0.0,0.0
CRX,730.0,730.0,0.0,0.0
VZPH,2598.0,2598.0,0.0,0.0
WAB,1751.0,1751.0,0.0,0.0
WANI,1043.0,1043.0,0.0,0.0
WDL,1646.0,1646.0,0.0,0.0
CKNA,2920.0,2920.0,0.0,0.0
PUQ,730.0,730.0,0.0,0.0
MLGH,3535.0,3535.0,0.0,0.0
CKR,4056.0,4056.0,0.0,0.0
CKSR,2598.0,2598.0,0.0,0.0
CKW,626.0,626.0,0.0,0.0
CKX,730.0,730.0,0.0,0.0
CLF,1460.0,1460.0,0.0,0.0
CLI,2190.0,2190.0,0.0,0.0
CLN,2920.0,2920.0,0.0,0.0
CLO,730.0,730.0,0.0,0.0
CJW,1460.0,1460.0,0.0,0.0
CKBK,2190.0,2190.0,0.0,0.0
CMC,1356.0,1356.0,0.0,0.0
CMNR,4377.0,4377.0,0.0,0.0
COO,2190.0,2190.0,0.0,0.0
AA,2204.0,2204.0,0.0,0.0
ODG,3650.0,3650.0,0.0,0.0
CNBI,1460.0,1460.0,0.0,0.0
CNC,3326.0,3326.0,0.0,0.0
CNDN,1250.0,1250.0,0.0,0.0
WLH,730.0,730.0,0.0,0.0
OTK,1460.0,1460.0,0.0,0.0
BFZ,991.0,991.0,0.0,0.0
BGAE,2086.0,2086.0,0.0,0.0
WSD,730.0,730.0,0.0,0.0
WSJ,5690.0,5690.0,0.0,0.0
MLSU,1460.0,1460.0,0.0,0.0
MLTI,212.0,212.0,0.0,0.0
MLYR,2190.0,2190.0,0.0,0.0
MLZ,4380.0,4380.0,0.0,0.0
PUM,3546.0,3546.0,0.0,0.0
